date,etl:adj_close,etl:adj_open,etl:adj_high,etl:adj_low,price:成交筆數,price:成交金額,foreign_investors_shareholding:全體外資及陸資持股比率
2018-01-02,13.828704308819715,13.55966336895941,13.990128872735898,13.50585518098735,11425.0,762102106.0,5.93
2018-01-03,13.721087932875593,13.882512496791778,13.882512496791778,13.55966336895941,4817.0,287128774.0,5.97
2018-01-04,13.667279744903531,13.828704308819715,13.990128872735898,13.667279744903531,4458.0,234446812.0,5.96
2018-01-05,13.828704308819715,13.882512496791778,13.882512496791778,13.55966336895941,3387.0,205619251.0,6.18
2018-01-08,14.420594376512389,13.936320684763837,14.528210752456511,13.936320684763837,12064.0,889632980.0,6.56
2018-01-09,14.743443504344754,14.474402564484448,14.797251692316816,14.151553436652083,8572.0,619917822.0,7.16
2018-01-10,15.066292632177122,15.066292632177122,15.711990887841855,14.851059880288878,15834.0,1067528656.0,7.27
2018-01-11,14.958676256233,15.012484444205061,15.38914176000949,14.743443504344754,8400.0,445642774.0,7.32
2018-01-12,14.958676256233,15.173909008121244,15.49675813595361,14.904868068260939,5788.0,390641765.0,7.37
2018-01-15,14.043937060707961,14.958676256233,14.958676256233,13.828704308819715,11073.0,722746435.0,7.57
2018-01-16,14.205361624624143,13.990128872735898,14.366786188540326,13.936320684763837,5000.0,273461888.0,7.46
2018-01-17,13.882512496791778,14.09774524868002,14.259169812596205,13.882512496791778,6015.0,324293869.0,7.09
2018-01-18,13.613471556931472,13.882512496791778,13.882512496791778,13.50585518098735,5600.0,305606064.0,6.93
2018-01-19,13.721087932875593,13.613471556931472,13.936320684763837,13.55966336895941,2785.0,178371489.0,6.75
2018-01-22,13.50585518098735,13.774896120847655,13.828704308819715,13.236814241127044,5083.0,248773253.0,6.81
2018-01-23,13.721087932875593,13.55966336895941,13.721087932875593,13.452046993015287,2299.0,148611393.0,6.65
2018-01-24,14.043937060707961,13.828704308819715,14.259169812596205,13.774896120847655,6720.0,462905200.0,6.65
2018-01-25,14.259169812596205,14.205361624624143,14.366786188540326,14.043937060707961,3306.0,201003867.0,6.8
2018-01-26,14.151553436652083,14.312978000568267,14.366786188540326,13.990128872735898,2161.0,118429224.0,6.73
2018-01-29,14.205361624624143,14.205361624624143,14.312978000568267,14.09774524868002,1891.0,130868637.0,6.98
2018-01-30,14.043937060707961,14.312978000568267,14.474402564484448,13.774896120847655,3002.0,175878733.0,7.0
2018-01-31,13.936320684763837,13.721087932875593,14.259169812596205,13.452046993015287,3718.0,184010246.0,7.11
2018-02-01,13.828704308819715,13.936320684763837,14.09774524868002,13.774896120847655,1822.0,92608829.0,7.01
2018-02-02,13.828704308819715,13.882512496791778,13.990128872735898,13.721087932875593,2357.0,113743393.0,7.15
2018-02-05,13.828704308819715,13.398238805043226,13.828704308819715,13.344430617071165,2187.0,100988695.0,7.14
2018-02-06,13.183006053154982,13.290622429099104,13.452046993015287,12.483499609518187,5141.0,306907695.0,7.18
2018-02-07,13.183006053154982,13.452046993015287,13.613471556931472,13.183006053154982,2681.0,151558482.0,7.17
2018-02-08,13.12919786518292,13.236814241127044,13.290622429099104,12.806348737350554,1706.0,91335671.0,7.22
2018-02-09,13.398238805043226,12.537307797490248,13.452046993015287,12.483499609518187,3248.0,130699542.0,7.31
2018-02-12,13.774896120847655,13.667279744903531,13.828704308819715,13.667279744903531,3446.0,139395495.0,7.29
2018-02-21,14.582018940428572,14.09774524868002,14.689635316372694,13.990128872735898,6499.0,453498937.0,7.97
2018-02-22,14.635827128400633,14.797251692316816,14.851059880288878,14.528210752456511,5286.0,266512103.0,8.13
2018-02-23,14.528210752456511,14.743443504344754,15.281525384065366,14.474402564484448,8509.0,625597266.0,8.46
2018-02-26,14.635827128400633,15.066292632177122,15.120100820149183,14.582018940428572,3403.0,172341821.0,8.42
2018-02-27,14.474402564484448,14.851059880288878,14.958676256233,14.420594376512389,4195.0,205227627.0,8.39
2018-03-01,14.904868068260939,14.366786188540326,15.120100820149183,14.205361624624143,5669.0,344749599.0,8.45
2018-03-02,14.582018940428572,14.689635316372694,14.689635316372694,14.366786188540326,3438.0,168872561.0,8.26
2018-03-05,13.12919786518292,14.528210752456511,14.528210752456511,13.12919786518292,11224.0,580882158.0,7.78
2018-03-06,13.398238805043226,13.344430617071165,13.50585518098735,13.236814241127044,3263.0,151890469.0,7.83
2018-03-07,13.290622429099104,13.398238805043226,13.452046993015287,13.290622429099104,1675.0,72184355.0,7.77
2018-03-08,13.452046993015287,13.290622429099104,13.613471556931472,13.236814241127044,1834.0,102585649.0,7.72
2018-03-09,13.236814241127044,13.774896120847655,13.828704308819715,13.183006053154982,2782.0,153105898.0,7.65
2018-03-12,13.290622429099104,13.290622429099104,13.344430617071165,13.183006053154982,2493.0,128010757.0,7.41
2018-03-13,13.344430617071165,13.290622429099104,13.55966336895941,13.236814241127044,1672.0,107210934.0,7.26
2018-03-14,13.236814241127044,13.344430617071165,13.452046993015287,13.183006053154982,1296.0,61493862.0,7.2
2018-03-15,13.290622429099104,13.12919786518292,13.290622429099104,13.12919786518292,1062.0,41843823.0,7.21
2018-03-16,13.183006053154982,13.290622429099104,13.344430617071165,13.183006053154982,859.0,28036154.0,7.21
2018-03-19,12.967773301266737,13.183006053154982,13.344430617071165,12.967773301266737,1821.0,100558440.0,7.03
2018-03-20,13.021581489238798,12.967773301266737,13.12919786518292,12.967773301266737,1481.0,54034837.0,7.03
2018-03-21,13.021581489238798,13.07538967721086,13.183006053154982,13.021581489238798,842.0,42113255.0,6.98
2018-03-22,12.698732361406432,13.021581489238798,13.12919786518292,12.591115985462308,2912.0,146558713.0,6.82
2018-03-23,11.783993165881391,12.053034105741697,12.16065048168582,11.730184977909332,5388.0,270876083.0,6.49
2018-03-26,11.676376789937269,11.783993165881391,11.945417729797574,11.514952226021085,3009.0,138933690.0,6.34
2018-03-27,11.999225917769637,11.999225917769637,12.16065048168582,11.783993165881391,2925.0,134215134.0,6.45
2018-03-28,12.322075045602002,11.999225917769637,12.375883233574065,11.891609541825515,2598.0,99873331.0,6.47
2018-03-29,12.429691421546126,12.483499609518187,12.483499609518187,12.322075045602002,1727.0,73374698.0,6.44
2018-03-30,12.483499609518187,12.483499609518187,12.537307797490248,12.429691421546126,1488.0,56270654.0,6.46
2018-03-31,12.698732361406432,12.537307797490248,12.752540549378493,12.429691421546126,1591.0,76476255.0,6.46
2018-04-02,12.806348737350554,12.752540549378493,12.913965113294676,12.698732361406432,1558.0,74472325.0,6.54
2018-04-03,12.698732361406432,12.698732361406432,12.698732361406432,12.483499609518187,1233.0,44971991.0,6.6
2018-04-09,12.913965113294676,12.913965113294676,13.021581489238798,12.698732361406432,2066.0,104161022.0,6.65
2018-04-10,12.698732361406432,13.021581489238798,13.021581489238798,12.483499609518187,1575.0,75296217.0,6.7
2018-04-11,12.483499609518187,12.698732361406432,12.806348737350554,12.483499609518187,1301.0,54374062.0,6.68
2018-04-12,12.16065048168582,12.483499609518187,12.483499609518187,12.10684229371376,1999.0,91081321.0,6.74
2018-04-13,12.21445866965788,12.16065048168582,12.268266857629943,12.10684229371376,765.0,32533143.0,6.77
2018-04-16,11.999225917769637,12.268266857629943,12.268266857629943,11.999225917769637,1076.0,50798163.0,6.68
2018-04-17,11.999225917769637,12.10684229371376,12.16065048168582,11.945417729797574,736.0,33017412.0,6.68
2018-04-18,11.999225917769637,11.945417729797574,12.16065048168582,11.945417729797574,958.0,31527180.0,6.73
2018-04-19,12.10684229371376,12.053034105741697,12.268266857629943,12.053034105741697,1048.0,38780094.0,6.78
2018-04-20,12.268266857629943,12.10684229371376,12.322075045602002,12.10684229371376,1103.0,42444157.0,6.79
2018-04-23,12.053034105741697,12.375883233574065,12.375883233574065,11.999225917769637,1263.0,49260778.0,6.81
2018-04-24,11.837801353853454,12.10684229371376,12.10684229371376,11.837801353853454,1265.0,56141397.0,6.77
2018-04-25,11.730184977909332,11.62256860196521,11.730184977909332,11.568760413993147,1126.0,45386095.0,6.77
2018-04-26,11.568760413993147,11.730184977909332,11.837801353853454,11.514952226021085,852.0,29271555.0,6.74
2018-04-27,11.62256860196521,11.62256860196521,11.676376789937269,11.514952226021085,501.0,17731086.0,6.73
2018-04-30,11.62256860196521,11.62256860196521,11.783993165881391,11.568760413993147,738.0,28661465.0,6.68
2018-05-02,11.299719474132841,11.62256860196521,11.676376789937269,11.299719474132841,1919.0,73619332.0,6.6
2018-05-03,11.138294910216658,11.299719474132841,11.353527662104904,11.084486722244598,1075.0,51549000.0,6.56
2018-05-04,11.299719474132841,11.24591128616078,11.299719474132841,11.138294910216658,692.0,17270879.0,6.58
2018-05-07,11.138294910216658,11.353527662104904,11.353527662104904,11.138294910216658,781.0,40772007.0,6.51
2018-05-08,11.407335850076963,11.192103098188719,11.407335850076963,11.192103098188719,660.0,20473162.0,6.52
2018-05-09,11.192103098188719,11.299719474132841,11.407335850076963,11.138294910216658,1151.0,37221227.0,6.37
2018-05-10,11.837801353853454,11.461144038049026,11.945417729797574,11.461144038049026,2668.0,135742717.0,6.3
2018-05-11,11.730184977909332,11.837801353853454,12.053034105741697,11.730184977909332,2747.0,86826848.0,6.19
2018-05-14,11.676376789937269,11.945417729797574,11.945417729797574,11.676376789937269,846.0,36906801.0,6.2
2018-05-15,11.730184977909332,11.676376789937269,11.783993165881391,11.62256860196521,774.0,28125861.0,6.22
2018-05-16,11.62256860196521,11.730184977909332,11.837801353853454,11.514952226021085,1257.0,40162467.0,6.23
2018-05-17,11.730184977909332,11.783993165881391,11.891609541825515,11.676376789937269,1134.0,45646603.0,6.25
2018-05-18,11.837801353853454,11.730184977909332,12.053034105741697,11.676376789937269,1366.0,66325346.0,6.24
2018-05-21,11.891609541825515,11.891609541825515,11.999225917769637,11.837801353853454,864.0,32687119.0,6.26
2018-05-22,11.945417729797574,11.945417729797574,11.999225917769637,11.891609541825515,724.0,30155772.0,6.3
2018-05-23,11.783993165881391,11.945417729797574,11.999225917769637,11.730184977909332,863.0,37222526.0,6.32
2018-05-24,11.837801353853454,11.837801353853454,11.891609541825515,11.730184977909332,510.0,18211983.0,6.33
2018-05-25,11.62256860196521,11.837801353853454,11.837801353853454,11.62256860196521,967.0,44870342.0,6.32
2018-05-28,11.730184977909332,11.62256860196521,11.730184977909332,11.568760413993147,658.0,23210447.0,6.35
2018-05-29,12.268266857629943,11.730184977909332,12.268266857629943,11.730184977909332,2606.0,118903363.0,6.45
2018-05-30,12.10684229371376,12.10684229371376,12.16065048168582,11.945417729797574,1277.0,53948756.0,6.43
2018-05-31,12.322075045602002,12.16065048168582,12.322075045602002,12.10684229371376,1535.0,54167876.0,6.48
2018-06-01,12.752540549378493,12.375883233574065,12.806348737350554,12.322075045602002,4237.0,217348165.0,6.66
2018-06-04,13.12919786518292,12.860156925322615,13.12919786518292,12.860156925322615,3993.0,192963950.0,6.87
2018-06-05,13.021581489238798,13.12919786518292,13.183006053154982,12.967773301266737,2238.0,103872470.0,6.93
2018-06-06,12.967773301266737,13.07538967721086,13.12919786518292,12.860156925322615,3419.0,132179378.0,6.95
2018-06-07,13.183006053154982,13.07538967721086,13.344430617071165,13.07538967721086,2823.0,122277268.0,7.2
2018-06-08,13.344430617071165,13.344430617071165,13.398238805043226,13.183006053154982,2224.0,105868479.0,7.46
2018-06-11,13.344430617071165,13.50585518098735,13.613471556931472,13.344430617071165,2002.0,93923459.0,7.61
2018-06-12,13.452046993015287,13.398238805043226,13.55966336895941,13.344430617071165,2138.0,99836567.0,7.86
2018-06-13,13.344430617071165,13.55966336895941,13.55966336895941,13.344430617071165,1880.0,84731227.0,7.91
2018-06-14,13.021581489238798,13.344430617071165,13.452046993015287,12.967773301266737,1945.0,89360936.0,8.04
2018-06-15,13.12919786518292,13.236814241127044,13.236814241127044,13.021581489238798,978.0,41908843.0,8.15
2018-06-19,13.344430617071165,13.290622429099104,13.452046993015287,13.12919786518292,3296.0,138835940.0,8.75
2018-06-20,13.55966336895941,13.398238805043226,13.55966336895941,13.183006053154982,3114.0,150412590.0,9.06
2018-06-21,13.55966336895941,13.774896120847655,13.936320684763837,13.452046993015287,3098.0,164083031.0,9.28
2018-06-22,13.55966336895941,13.55966336895941,13.721087932875593,13.452046993015287,1788.0,86518427.0,9.45
2018-06-25,13.882512496791778,13.774896120847655,13.990128872735898,13.667279744903531,4338.0,202677695.0,9.96
2018-06-26,13.936320684763837,13.774896120847655,13.990128872735898,13.613471556931472,2923.0,117194503.0,10.16
2018-06-27,14.151553436652083,13.990128872735898,14.259169812596205,13.936320684763837,4647.0,243426058.0,10.52
2018-06-28,14.043937060707961,14.151553436652083,14.205361624624143,13.990128872735898,2405.0,108257160.0,10.74
2018-06-29,13.613471556931472,14.043937060707961,14.09774524868002,13.50585518098735,3482.0,176772221.0,10.83
2018-07-02,13.936320684763837,13.667279744903531,13.990128872735898,13.667279744903531,2019.0,97311353.0,11.07
2018-07-03,13.344430617071165,13.990128872735898,13.990128872735898,13.344430617071165,2516.0,121036653.0,11.3
2018-07-04,13.613471556931472,13.452046993015287,13.667279744903531,13.344430617071165,1522.0,66067301.0,11.47
2018-07-05,13.50585518098735,13.613471556931472,13.667279744903531,13.398238805043226,1117.0,49198955.0,11.47
2018-07-06,13.936320684763837,13.55966336895941,13.936320684763837,13.452046993015287,2278.0,100944216.0,11.66
2018-07-09,13.990128872735898,14.043937060707961,14.09774524868002,13.828704308819715,1710.0,78853445.0,11.72
2018-07-10,13.990128872735898,14.09774524868002,14.151553436652083,13.936320684763837,1738.0,89055606.0,11.86
2018-07-11,14.366786188540326,13.990128872735898,14.420594376512389,13.990128872735898,4850.0,263979717.0,12.18
2018-07-12,14.366786188540326,14.366786188540326,14.474402564484448,14.259169812596205,2377.0,135286966.0,12.15
2018-07-13,14.151553436652083,14.312978000568267,14.312978000568267,13.828704308819715,3488.0,170925314.0,12.33
2018-07-16,14.151553436652083,14.205361624624143,14.420594376512389,14.151553436652083,1636.0,89600637.0,12.38
2018-07-17,14.366786188540326,14.151553436652083,14.366786188540326,14.043937060707961,1828.0,80266477.0,12.36
2018-07-18,14.366786188540326,14.420594376512389,14.582018940428572,14.259169812596205,2578.0,137141035.0,12.42
2018-07-19,14.312978000568267,14.366786188540326,14.420594376512389,14.259169812596205,1315.0,49651380.0,12.51
2018-07-20,13.936320684763837,14.259169812596205,14.259169812596205,13.882512496791778,2292.0,113704806.0,12.51
2018-07-23,13.990128872735898,13.990128872735898,14.205361624624143,13.936320684763837,1600.0,73893871.0,12.62
2018-07-24,14.474402564484448,14.09774524868002,14.635827128400633,14.09774524868002,4591.0,267960029.0,12.84
2018-07-25,14.689635316372694,14.420594376512389,14.689635316372694,14.366786188540326,2606.0,143161265.0,13.14
2018-07-26,14.851059880288878,14.743443504344754,15.227717196093305,14.743443504344754,5713.0,406601252.0,13.45
2018-07-27,14.958676256233,14.958676256233,15.120100820149183,14.797251692316816,1967.0,135914428.0,13.51
2018-07-30,15.227717196093305,15.012484444205061,15.38914176000949,15.012484444205061,3126.0,174615663.0,13.62
2018-07-31,15.335333572037428,15.281525384065366,15.335333572037428,15.066292632177122,2185.0,125669362.0,13.73
2018-08-01,15.281525384065366,15.38914176000949,15.38914176000949,15.173909008121244,1893.0,81827750.0,13.87
2018-08-02,15.066292632177122,15.281525384065366,15.335333572037428,14.904868068260939,2579.0,142589818.0,14.18
2018-08-03,14.904868068260939,15.120100820149183,15.604374511897733,14.904868068260939,3577.0,229624211.0,14.19
2018-08-06,15.227717196093305,15.066292632177122,15.335333572037428,14.743443504344754,2643.0,160992509.0,14.43
2018-08-07,15.120100820149183,15.227717196093305,15.281525384065366,15.066292632177122,1313.0,59959715.0,14.42
2018-08-08,14.958676256233,15.120100820149183,15.281525384065366,14.904868068260939,2391.0,141761470.0,14.49
2018-08-09,15.012484444205061,14.958676256233,15.120100820149183,14.904868068260939,1305.0,56846830.0,14.6
2018-08-10,15.335333572037428,15.173909008121244,15.550566323925672,15.066292632177122,8066.0,343834765.0,14.76
2018-08-13,15.550566323925672,15.38914176000949,16.088648203646283,15.38914176000949,11488.0,650119694.0,14.81
2018-08-14,16.78815464728308,15.765799075813918,17.003387399171324,15.765799075813918,15912.0,955953589.0,15.87
2018-08-15,16.78815464728308,17.057195587143383,17.38004471497575,16.41149733147865,12807.0,600898708.0,15.8
2018-08-16,16.519113707422772,16.465305519450713,16.78815464728308,15.927223639730101,6869.0,381357728.0,15.46
2018-08-17,16.142456391618346,16.680538271338957,16.8957710232272,16.142456391618346,5478.0,319619200.0,15.4
2018-08-20,15.658182699869796,16.519113707422772,16.519113707422772,15.49675813595361,6495.0,362011649.0,15.48
2018-08-21,16.196264579590405,15.927223639730101,16.519113707422772,15.819607263785977,5212.0,311837931.0,15.52
2018-08-22,16.142456391618346,16.303880955534527,16.572921895394835,16.142456391618346,4239.0,238695315.0,15.46
2018-08-23,16.680538271338957,16.250072767562468,16.8957710232272,16.250072767562468,5280.0,299216468.0,15.42
2018-08-24,16.196264579590405,16.680538271338957,16.8957710232272,15.927223639730101,5783.0,328326731.0,15.03
2018-08-27,16.088648203646283,16.250072767562468,16.250072767562468,15.927223639730101,3655.0,188446764.0,15.03
2018-08-28,15.550566323925672,15.98103182770216,15.98103182770216,15.49675813595361,5439.0,292112947.0,14.99
2018-08-29,15.066292632177122,15.604374511897733,15.658182699869796,14.958676256233,6001.0,304854190.0,15.18
2018-08-30,15.38914176000949,15.281525384065366,15.604374511897733,15.281525384065366,3463.0,158385813.0,15.33
2018-08-31,15.066292632177122,15.281525384065366,15.335333572037428,14.904868068260939,5445.0,251137100.0,15.56
2018-09-03,14.689635316372694,15.066292632177122,15.120100820149183,14.689635316372694,2902.0,113706761.0,15.48
2018-09-04,14.851059880288878,14.689635316372694,14.904868068260939,14.582018940428572,3078.0,106170414.0,15.54
2018-09-05,14.689635316372694,14.851059880288878,14.851059880288878,14.635827128400633,2576.0,93780279.0,15.38
2018-09-06,14.151553436652083,14.689635316372694,14.689635316372694,14.043937060707961,5366.0,195301478.0,15.29
2018-09-07,14.528210752456511,14.09774524868002,14.797251692316816,14.043937060707961,4573.0,193443436.0,15.25
2018-09-10,13.990128872735898,14.420594376512389,14.420594376512389,13.882512496791778,3839.0,184072979.0,15.07
2018-09-11,14.151553436652083,14.043937060707961,14.259169812596205,13.828704308819715,4027.0,180421815.0,15.12
2018-09-12,14.259169812596205,14.151553436652083,14.366786188540326,13.990128872735898,1657.0,75437371.0,15.12
2018-09-13,14.366786188540326,14.366786188540326,14.474402564484448,14.151553436652083,2223.0,71379895.0,15.06
2018-09-14,14.420594376512389,14.420594376512389,14.474402564484448,14.259169812596205,2427.0,134866368.0,15.04
2018-09-17,14.366786188540326,14.420594376512389,14.474402564484448,14.259169812596205,720.0,35277305.0,15.06
2018-09-18,14.528210752456511,14.312978000568267,14.689635316372694,14.205361624624143,2792.0,122240191.0,15.05
2018-09-19,15.120100820149183,14.474402564484448,15.281525384065366,14.420594376512389,5073.0,229768216.0,15.06
2018-09-20,15.012484444205061,15.173909008121244,15.173909008121244,14.743443504344754,4404.0,183733239.0,14.75
2018-09-21,15.012484444205061,14.958676256233,15.173909008121244,14.797251692316816,2969.0,139577263.0,14.74
2018-09-25,15.49675813595361,15.173909008121244,15.711990887841855,15.012484444205061,6814.0,345310456.0,14.96
2018-09-26,15.765799075813918,15.765799075813918,16.088648203646283,15.44294994798155,7219.0,322699758.0,15.08
2018-09-27,15.873415451758039,15.711990887841855,15.873415451758039,15.49675813595361,3138.0,162608558.0,15.22
2018-09-28,15.550566323925672,16.034840015674224,16.034840015674224,15.49675813595361,3995.0,169313369.0,15.26
2018-10-01,15.604374511897733,15.49675813595361,15.765799075813918,15.227717196093305,2651.0,129654500.0,15.26
2018-10-02,15.335333572037428,15.604374511897733,15.658182699869796,15.281525384065366,2074.0,91952000.0,15.16
2018-10-03,15.173909008121244,15.38914176000949,15.711990887841855,15.120100820149183,2377.0,122828241.0,15.25
2018-10-04,15.066292632177122,15.227717196093305,15.335333572037428,15.066292632177122,1747.0,98372806.0,15.25
2018-10-05,14.635827128400633,14.904868068260939,14.904868068260939,14.312978000568267,3260.0,184535512.0,15.49
2018-10-08,14.689635316372694,14.635827128400633,14.904868068260939,14.528210752456511,2020.0,79007756.0,15.54
2018-10-09,14.743443504344754,14.743443504344754,14.958676256233,14.528210752456511,1880.0,89234531.0,15.59
2018-10-11,13.828704308819715,13.990128872735898,14.09774524868002,13.667279744903531,3550.0,165616151.0,15.31
2018-10-12,14.09774524868002,13.721087932875593,14.151553436652083,13.667279744903531,2632.0,101540904.0,15.26
2018-10-15,14.151553436652083,13.990128872735898,14.312978000568267,13.936320684763837,1741.0,67237347.0,15.24
2018-10-16,14.205361624624143,14.09774524868002,14.420594376512389,14.043937060707961,1536.0,58348780.0,15.14
2018-10-17,13.882512496791778,14.312978000568267,14.420594376512389,13.882512496791778,2566.0,85937666.0,15.01
2018-10-18,13.990128872735898,13.990128872735898,14.366786188540326,13.990128872735898,1996.0,72746111.0,15.0
2018-10-19,13.50585518098735,13.882512496791778,13.882512496791778,13.452046993015287,3533.0,145488152.0,14.71
2018-10-22,13.667279744903531,13.398238805043226,13.882512496791778,13.236814241127044,2452.0,97998502.0,14.8
2018-10-23,13.183006053154982,13.55966336895941,13.667279744903531,13.183006053154982,2533.0,80845954.0,14.7
2018-10-24,12.752540549378493,13.183006053154982,13.183006053154982,12.537307797490248,2767.0,112807847.0,14.72
2018-10-25,11.891609541825515,12.268266857629943,12.268266857629943,11.837801353853454,3108.0,135996815.0,14.71
2018-10-26,11.676376789937269,12.10684229371376,12.16065048168582,11.407335850076963,3947.0,160113051.0,14.77
2018-10-29,12.375883233574065,11.945417729797574,12.375883233574065,11.837801353853454,2469.0,103962861.0,15.0
2018-10-30,12.429691421546126,12.268266857629943,12.64492417343437,12.268266857629943,1434.0,48714797.0,15.0
2018-10-31,12.64492417343437,12.591115985462308,12.64492417343437,12.483499609518187,1171.0,41204343.0,14.96
2018-11-01,12.806348737350554,12.698732361406432,12.806348737350554,12.483499609518187,1736.0,61541855.0,14.95
2018-11-02,12.698732361406432,12.806348737350554,13.021581489238798,12.698732361406432,1462.0,79376196.0,14.8
2018-11-05,12.698732361406432,12.752540549378493,12.860156925322615,12.591115985462308,972.0,33162638.0,14.79
2018-11-06,12.537307797490248,12.752540549378493,12.752540549378493,12.483499609518187,1021.0,34003298.0,14.71
2018-11-07,12.64492417343437,12.591115985462308,12.698732361406432,12.483499609518187,949.0,49562067.0,14.58
2018-11-08,12.752540549378493,12.752540549378493,12.806348737350554,12.591115985462308,1344.0,61467046.0,14.44
2018-11-09,12.537307797490248,12.806348737350554,12.806348737350554,12.483499609518187,2238.0,90742903.0,14.2
2018-11-12,12.268266857629943,12.537307797490248,12.591115985462308,12.16065048168582,2675.0,104249342.0,13.93
2018-11-13,12.10684229371376,11.945417729797574,12.16065048168582,11.837801353853454,2295.0,91064976.0,13.89
2018-11-14,12.537307797490248,12.16065048168582,12.591115985462308,12.10684229371376,2422.0,87978105.0,13.85
2018-11-15,12.483499609518187,12.698732361406432,12.698732361406432,12.322075045602002,2275.0,81635127.0,13.65
2018-11-16,12.429691421546126,12.537307797490248,12.537307797490248,12.375883233574065,1056.0,43752460.0,13.54
2018-11-19,12.429691421546126,12.429691421546126,12.483499609518187,12.375883233574065,940.0,36349632.0,13.44
2018-11-20,12.268266857629943,12.322075045602002,12.429691421546126,12.268266857629943,1463.0,38033381.0,13.29
2018-11-21,12.21445866965788,12.16065048168582,12.21445866965788,12.10684229371376,1535.0,45905726.0,13.18
2018-11-22,12.21445866965788,12.429691421546126,12.429691421546126,12.21445866965788,1289.0,50716586.0,13.1
2018-11-23,12.16065048168582,12.268266857629943,12.322075045602002,12.16065048168582,551.0,18500287.0,13.09
2018-11-26,12.10684229371376,12.053034105741697,12.268266857629943,12.053034105741697,1436.0,46011503.0,13.0
2018-11-27,12.053034105741697,12.10684229371376,12.16065048168582,11.837801353853454,1548.0,59878251.0,12.93
2018-11-28,12.16065048168582,12.053034105741697,12.268266857629943,11.945417729797574,1576.0,52639270.0,12.85
2018-11-29,12.698732361406432,12.268266857629943,13.021581489238798,12.21445866965788,5544.0,261208592.0,12.87
2018-11-30,12.483499609518187,12.698732361406432,12.806348737350554,12.429691421546126,2496.0,98905526.0,12.66
2018-12-03,12.806348737350554,12.698732361406432,12.806348737350554,12.591115985462308,1892.0,79888046.0,12.7
2018-12-04,12.752540549378493,12.913965113294676,12.967773301266737,12.64492417343437,3117.0,159671639.0,12.55
2018-12-05,12.752540549378493,12.483499609518187,13.183006053154982,12.483499609518187,4649.0,222750072.0,12.38
2018-12-06,12.268266857629943,12.698732361406432,12.752540549378493,12.268266857629943,2365.0,87954755.0,12.26
2018-12-07,12.375883233574065,12.375883233574065,12.537307797490248,12.322075045602002,998.0,48972521.0,12.29
2018-12-10,12.053034105741697,12.322075045602002,12.322075045602002,12.053034105741697,1725.0,71536162.0,12.28
2018-12-11,12.053034105741697,12.16065048168582,12.21445866965788,12.053034105741697,730.0,26411442.0,12.25
2018-12-12,12.16065048168582,12.21445866965788,12.268266857629943,12.10684229371376,1321.0,53548800.0,12.27
2018-12-13,12.16065048168582,12.268266857629943,12.268266857629943,12.10684229371376,1176.0,50970581.0,12.25
2018-12-14,12.322075045602002,12.268266857629943,12.375883233574065,12.16065048168582,2020.0,72919438.0,12.3
2018-12-17,12.21445866965788,12.322075045602002,12.375883233574065,12.21445866965788,901.0,35485287.0,12.28
2018-12-18,12.053034105741697,12.16065048168582,12.21445866965788,11.999225917769637,1644.0,63151794.0,12.2
2018-12-19,11.999225917769637,12.10684229371376,12.16065048168582,11.999225917769637,941.0,45284129.0,12.19
2018-12-20,11.837801353853454,11.945417729797574,12.053034105741697,11.730184977909332,1627.0,66583652.0,12.18
2018-12-21,11.783993165881391,11.783993165881391,11.891609541825515,11.676376789937269,1209.0,49674836.0,12.19
2018-12-22,11.837801353853454,11.676376789937269,11.837801353853454,11.676376789937269,795.0,29419669.0,12.19
2018-12-24,11.891609541825515,11.837801353853454,11.945417729797574,11.837801353853454,780.0,20790548.0,12.19
2018-12-25,11.676376789937269,11.783993165881391,11.783993165881391,11.62256860196521,1188.0,41918034.0,12.17
2018-12-26,11.514952226021085,11.730184977909332,11.783993165881391,11.514952226021085,1325.0,43057099.0,12.14
2018-12-27,11.568760413993147,11.676376789937269,11.730184977909332,11.514952226021085,1519.0,52990245.0,12.12
2018-12-28,11.514952226021085,11.568760413993147,11.62256860196521,11.461144038049026,801.0,26552419.0,12.12
2019-01-02,11.783993165881391,11.62256860196521,11.837801353853454,11.62256860196521,1373.0,47680921.0,12.17
2019-01-03,11.514952226021085,11.730184977909332,11.783993165881391,11.514952226021085,1718.0,48581997.0,12.04
2019-01-04,11.138294910216658,11.461144038049026,11.461144038049026,10.976870346300474,2833.0,129690221.0,12.06
2019-01-07,11.568760413993147,11.407335850076963,11.568760413993147,11.353527662104904,1272.0,50579260.0,12.08
2019-01-08,11.514952226021085,11.568760413993147,11.730184977909332,11.461144038049026,1389.0,51259529.0,12.02
2019-01-09,12.053034105741697,11.62256860196521,12.053034105741697,11.62256860196521,2865.0,132800476.0,12.17
2019-01-10,11.837801353853454,11.945417729797574,11.999225917769637,11.676376789937269,2581.0,120271497.0,11.76
2019-01-11,11.730184977909332,11.837801353853454,11.837801353853454,11.676376789937269,1412.0,66914971.0,11.58
2019-01-14,11.568760413993147,11.730184977909332,11.783993165881391,11.514952226021085,1642.0,56147288.0,11.39
2019-01-15,11.730184977909332,11.62256860196521,11.783993165881391,11.568760413993147,1083.0,34238339.0,11.35
2019-01-16,11.676376789937269,11.676376789937269,11.783993165881391,11.62256860196521,957.0,23174617.0,11.29
2019-01-17,11.730184977909332,11.676376789937269,11.837801353853454,11.676376789937269,804.0,27338694.0,11.25
2019-01-18,11.730184977909332,11.783993165881391,11.837801353853454,11.676376789937269,1083.0,47718653.0,11.18
2019-01-21,11.945417729797574,11.837801353853454,12.053034105741697,11.730184977909332,1823.0,81064752.0,11.26
2019-01-22,11.945417729797574,11.945417729797574,12.053034105741697,11.891609541825515,936.0,35253044.0,11.23
2019-01-23,12.053034105741697,11.891609541825515,12.053034105741697,11.891609541825515,1114.0,37163102.0,11.26
2019-01-24,11.999225917769637,12.053034105741697,12.10684229371376,11.945417729797574,1333.0,45362782.0,11.26
2019-01-25,11.945417729797574,12.053034105741697,12.053034105741697,11.945417729797574,1278.0,52210631.0,11.13
2019-01-28,12.10684229371376,11.999225917769637,12.16065048168582,11.945417729797574,1584.0,73282416.0,11.18
2019-01-29,12.10684229371376,12.053034105741697,12.16065048168582,11.945417729797574,1574.0,60004917.0,11.15
2019-01-30,12.537307797490248,12.10684229371376,12.591115985462308,12.053034105741697,4239.0,179724686.0,11.33
2019-02-11,12.913965113294676,12.860156925322615,13.183006053154982,12.860156925322615,7690.0,360063018.0,11.27
2019-02-12,13.236814241127044,12.913965113294676,13.290622429099104,12.913965113294676,5051.0,235537514.0,11.33
2019-02-13,13.07538967721086,13.398238805043226,13.452046993015287,13.021581489238798,3527.0,205073449.0,11.03
2019-02-14,12.967773301266737,13.07538967721086,13.183006053154982,12.913965113294676,2628.0,115489412.0,10.84
2019-02-15,12.806348737350554,12.967773301266737,13.07538967721086,12.752540549378493,2654.0,123215214.0,10.76
2019-02-18,12.806348737350554,12.913965113294676,12.967773301266737,12.806348737350554,2077.0,91286048.0,10.49
2019-02-19,12.806348737350554,12.806348737350554,13.021581489238798,12.752540549378493,1780.0,83223586.0,10.33
2019-02-20,12.967773301266737,12.913965113294676,13.344430617071165,12.860156925322615,4958.0,224915484.0,10.13
2019-02-21,13.236814241127044,13.07538967721086,13.236814241127044,13.021581489238798,2842.0,153707637.0,9.92
2019-02-22,12.967773301266737,13.12919786518292,13.183006053154982,12.913965113294676,2440.0,173338878.0,9.18
2019-02-25,13.07538967721086,13.021581489238798,13.183006053154982,13.021581489238798,2682.0,145207901.0,9.02
2019-02-26,13.021581489238798,13.183006053154982,13.236814241127044,12.860156925322615,2576.0,155754310.0,8.95
2019-02-27,12.967773301266737,13.021581489238798,13.021581489238798,12.860156925322615,1505.0,61465985.0,8.91
2019-03-04,12.913965113294676,13.021581489238798,13.021581489238798,12.860156925322615,1894.0,83349997.0,8.74
2019-03-05,13.236814241127044,12.860156925322615,13.290622429099104,12.806348737350554,5250.0,271153034.0,8.63
2019-03-06,13.344430617071165,13.290622429099104,13.452046993015287,13.236814241127044,6572.0,328847697.0,8.34
2019-03-07,13.021581489238798,13.290622429099104,13.344430617071165,13.021581489238798,3110.0,142162418.0,8.19
2019-03-08,12.860156925322615,12.967773301266737,13.021581489238798,12.806348737350554,3235.0,131929909.0,7.99
2019-03-11,12.913965113294676,12.967773301266737,13.07538967721086,12.913965113294676,2095.0,91150838.0,7.7
2019-03-12,13.021581489238798,13.021581489238798,13.07538967721086,12.913965113294676,2150.0,96369740.0,7.63
2019-03-13,12.913965113294676,13.07538967721086,13.07538967721086,12.860156925322615,1448.0,68561307.0,7.56
2019-03-14,12.806348737350554,12.913965113294676,12.967773301266737,12.752540549378493,3231.0,120833542.0,7.39
2019-03-15,12.860156925322615,12.806348737350554,12.913965113294676,12.752540549378493,1443.0,60804874.0,7.34
2019-03-18,12.806348737350554,12.860156925322615,12.913965113294676,12.806348737350554,1590.0,55555007.0,7.21
2019-03-19,12.860156925322615,12.860156925322615,12.967773301266737,12.806348737350554,1812.0,100204748.0,7.03
2019-03-20,12.591115985462308,12.806348737350554,12.806348737350554,12.429691421546126,4535.0,222973357.0,6.9
2019-03-21,12.64492417343437,12.591115985462308,12.698732361406432,12.591115985462308,1869.0,68835636.0,6.83
2019-03-22,12.429691421546126,12.698732361406432,12.752540549378493,12.375883233574065,3488.0,149324899.0,6.68
2019-03-25,12.268266857629943,12.268266857629943,12.322075045602002,12.16065048168582,2179.0,81914122.0,6.55
2019-03-26,12.375883233574065,12.268266857629943,12.537307797490248,12.268266857629943,1814.0,79468189.0,6.43
2019-03-27,12.268266857629943,12.375883233574065,12.375883233574065,12.21445866965788,2120.0,95273198.0,6.07
2019-03-28,12.16065048168582,12.21445866965788,12.268266857629943,12.10684229371376,1793.0,76927877.0,5.9
2019-03-29,12.268266857629943,12.16065048168582,12.322075045602002,12.16065048168582,1047.0,39259271.0,5.83
2019-04-01,12.268266857629943,12.322075045602002,12.429691421546126,12.21445866965788,1317.0,53019545.0,5.75
2019-04-02,12.322075045602002,12.322075045602002,12.375883233574065,12.21445866965788,1667.0,62229160.0,5.76
2019-04-03,12.591115985462308,12.375883233574065,12.591115985462308,12.322075045602002,1890.0,118053792.0,6.02
2019-04-08,12.752540549378493,12.698732361406432,12.913965113294676,12.64492417343437,2893.0,168727212.0,6.0
2019-04-09,12.967773301266737,12.806348737350554,12.967773301266737,12.752540549378493,2249.0,118485834.0,5.96
2019-04-10,12.913965113294676,12.913965113294676,12.913965113294676,12.806348737350554,1314.0,70472913.0,5.97
2019-04-11,12.806348737350554,12.913965113294676,12.967773301266737,12.752540549378493,1539.0,80392515.0,5.9
2019-04-12,12.64492417343437,12.806348737350554,12.806348737350554,12.591115985462308,1077.0,58311450.0,5.88
2019-04-15,12.806348737350554,12.752540549378493,12.860156925322615,12.698732361406432,1185.0,56038520.0,5.86
2019-04-16,12.967773301266737,12.806348737350554,12.967773301266737,12.698732361406432,2482.0,155434648.0,5.65
2019-04-17,12.967773301266737,12.967773301266737,13.021581489238798,12.806348737350554,2194.0,103982098.0,5.58
2019-04-18,12.860156925322615,12.967773301266737,13.021581489238798,12.806348737350554,1516.0,109879164.0,5.57
2019-04-19,12.860156925322615,12.913965113294676,12.967773301266737,12.860156925322615,838.0,43389118.0,5.57
2019-04-22,13.236814241127044,12.913965113294676,13.290622429099104,12.913965113294676,3988.0,227545219.0,5.77
2019-04-23,13.398238805043226,13.290622429099104,13.452046993015287,13.07538967721086,3375.0,208014207.0,5.83
2019-04-24,13.398238805043226,13.50585518098735,13.774896120847655,13.398238805043226,4493.0,255459670.0,5.59
2019-04-25,13.50585518098735,13.452046993015287,13.613471556931472,13.290622429099104,2130.0,123888478.0,5.67
2019-04-26,13.236814241127044,13.50585518098735,13.55966336895941,13.236814241127044,1605.0,101495410.0,5.74
2019-04-29,12.967773301266737,13.290622429099104,13.344430617071165,12.967773301266737,1655.0,98647559.0,5.71
2019-04-30,13.236814241127044,13.021581489238798,13.290622429099104,12.967773301266737,1306.0,91413676.0,5.84
2019-05-02,13.290622429099104,13.236814241127044,13.398238805043226,13.12919786518292,1076.0,79848542.0,5.77
2019-05-03,12.752540549378493,12.752540549378493,12.860156925322615,12.591115985462308,4413.0,331235883.0,5.42
2019-05-06,12.053034105741697,12.591115985462308,12.591115985462308,11.837801353853454,6172.0,312687434.0,5.38
2019-05-07,11.945417729797574,12.10684229371376,12.16065048168582,11.945417729797574,2155.0,92657382.0,5.19
2019-05-08,11.837801353853454,11.783993165881391,11.837801353853454,11.514952226021085,1925.0,87069296.0,5.06
2019-05-09,11.514952226021085,11.730184977909332,11.837801353853454,11.461144038049026,2576.0,103395759.0,4.75
2019-05-10,11.407335850076963,11.514952226021085,11.62256860196521,11.24591128616078,2290.0,118017259.0,4.5
2019-05-13,11.676376789937269,11.407335850076963,11.676376789937269,11.407335850076963,1908.0,102890367.0,4.33
2019-05-14,11.891609541825515,11.514952226021085,12.10684229371376,11.407335850076963,2686.0,139252357.0,4.15
2019-05-15,11.891609541825515,11.945417729797574,12.053034105741697,11.837801353853454,1137.0,54944556.0,4.13
2019-05-16,11.837801353853454,11.891609541825515,11.999225917769637,11.837801353853454,1082.0,41660427.0,4.06
2019-05-17,11.676376789937269,11.891609541825515,12.16065048168582,11.62256860196521,2241.0,140905928.0,3.96
2019-05-20,11.62256860196521,11.783993165881391,11.783993165881391,11.568760413993147,1017.0,42412061.0,3.97
2019-05-21,11.730184977909332,11.62256860196521,11.783993165881391,11.514952226021085,1526.0,70261662.0,4.01
2019-05-22,11.730184977909332,11.730184977909332,11.783993165881391,11.676376789937269,682.0,29284742.0,4.02
2019-05-23,11.62256860196521,11.730184977909332,11.945417729797574,11.62256860196521,1146.0,59074671.0,3.93
2019-05-24,11.676376789937269,11.676376789937269,11.730184977909332,11.62256860196521,857.0,39226595.0,3.96
2019-05-27,11.138294910216658,11.62256860196521,11.62256860196521,11.084486722244598,4307.0,202666249.0,3.86
2019-05-28,11.407335850076963,11.138294910216658,11.407335850076963,11.030678534272536,1277.0,63734231.0,3.94
2019-05-29,11.24591128616078,11.24591128616078,11.299719474132841,11.192103098188719,855.0,23928608.0,3.94
2019-05-30,11.138294910216658,11.24591128616078,11.353527662104904,11.138294910216658,1077.0,33480904.0,3.91
2019-05-31,11.192103098188719,11.138294910216658,11.24591128616078,11.138294910216658,946.0,27896750.0,3.83
2019-06-03,11.138294910216658,11.138294910216658,11.192103098188719,11.084486722244598,880.0,25533867.0,3.88
2019-06-04,11.138294910216658,11.192103098188719,11.24591128616078,11.138294910216658,728.0,28624949.0,3.92
2019-06-05,11.299719474132841,11.299719474132841,11.353527662104904,11.24591128616078,924.0,37069610.0,3.92
2019-06-06,11.299719474132841,11.299719474132841,11.353527662104904,11.24591128616078,717.0,29998015.0,3.87
2019-06-10,11.299719474132841,11.299719474132841,11.353527662104904,11.24591128616078,507.0,17038896.0,3.85
2019-06-11,11.192103098188719,11.299719474132841,11.299719474132841,11.138294910216658,749.0,34816909.0,3.92
2019-06-12,11.192103098188719,11.192103098188719,11.24591128616078,11.192103098188719,642.0,22192676.0,3.94
2019-06-13,11.192103098188719,11.192103098188719,11.24591128616078,11.138294910216658,349.0,12963321.0,3.94
2019-06-14,11.138294910216658,11.192103098188719,11.24591128616078,11.138294910216658,704.0,32696495.0,3.98
2019-06-17,11.192103098188719,11.084486722244598,11.192103098188719,11.084486722244598,567.0,23980572.0,4.01
2019-06-18,11.084486722244598,11.192103098188719,11.24591128616078,11.030678534272536,683.0,44605452.0,3.97
2019-06-19,11.24591128616078,11.192103098188719,11.299719474132841,11.138294910216658,1252.0,38110351.0,3.96
2019-06-20,11.299719474132841,11.299719474132841,11.353527662104904,11.24591128616078,694.0,34132318.0,4.07
2019-06-21,11.461144038049026,11.407335850076963,11.514952226021085,11.353527662104904,1264.0,60049713.0,4.16
2019-06-24,11.461144038049026,11.514952226021085,11.568760413993147,11.407335850076963,1205.0,78522330.0,4.14
2019-06-25,11.24591128616078,11.461144038049026,11.461144038049026,11.24591128616078,942.0,35257804.0,4.14
2019-06-26,11.24591128616078,11.24591128616078,11.299719474132841,11.192103098188719,493.0,15124371.0,4.15
2019-06-27,11.353527662104904,11.353527662104904,11.461144038049026,11.353527662104904,760.0,31102970.0,4.23
2019-06-28,11.299719474132841,11.407335850076963,11.461144038049026,11.24591128616078,389.0,21727682.0,4.21
2019-07-01,11.353527662104904,11.461144038049026,11.461144038049026,11.299719474132841,618.0,34330131.0,4.27
2019-07-02,11.514952226021085,11.461144038049026,11.514952226021085,11.353527662104904,732.0,34521173.0,4.31
2019-07-03,11.353527662104904,11.568760413993147,11.568760413993147,11.24591128616078,1113.0,63838943.0,4.32
2019-07-04,11.353527662104904,11.353527662104904,11.407335850076963,11.24591128616078,668.0,29223128.0,4.32
2019-07-05,11.407335850076963,11.353527662104904,11.407335850076963,11.353527662104904,445.0,14146107.0,4.35
2019-07-08,11.24591128616078,11.192103098188719,11.299719474132841,11.138294910216658,956.0,51432285.0,4.32
2019-07-09,11.192103098188719,11.24591128616078,11.24591128616078,11.138294910216658,601.0,19747719.0,4.26
2019-07-10,11.138294910216658,11.192103098188719,11.192103098188719,11.084486722244598,989.0,39343013.0,4.2
2019-07-11,11.192103098188719,11.24591128616078,11.24591128616078,11.138294910216658,775.0,28910228.0,4.23
2019-07-12,11.192103098188719,11.192103098188719,11.24591128616078,11.138294910216658,650.0,24193806.0,4.2
2019-07-15,11.138294910216658,11.24591128616078,11.299719474132841,11.138294910216658,699.0,43644833.0,4.19
2019-07-16,11.24591128616078,11.192103098188719,11.24591128616078,11.192103098188719,610.0,18251640.0,4.21
2019-07-17,11.299719474132841,11.24591128616078,11.353527662104904,11.24591128616078,1272.0,47403797.0,4.31
2019-07-18,11.299719474132841,11.353527662104904,11.353527662104904,11.24591128616078,868.0,39724450.0,4.34
2019-07-19,11.461144038049026,11.407335850076963,11.461144038049026,11.353527662104904,1349.0,53726273.0,4.35
2019-07-22,11.62256860196521,11.514952226021085,11.676376789937269,11.461144038049026,1986.0,105221791.0,4.47
2019-07-23,11.676376789937269,11.676376789937269,11.730184977909332,11.62256860196521,1051.0,53797425.0,4.07
2019-07-24,11.461144038049026,11.730184977909332,11.730184977909332,11.407335850076963,1366.0,60533977.0,3.89
2019-07-25,11.515462256238829,11.515462256238829,11.569780474428637,11.461144038049024,1060.0,30613833.0,3.85
2019-07-26,11.678416910808247,11.569780474428637,11.732735128998053,11.515462256238829,1008.0,38363007.0,3.93
2019-07-29,11.62409869261844,11.678416910808247,11.78705334718786,11.62409869261844,644.0,18414868.0,3.99
2019-07-30,11.515462256238829,11.678416910808247,11.678416910808247,11.461144038049024,600.0,27524972.0,3.98
2019-07-31,11.461144038049024,11.515462256238829,11.515462256238829,11.406825819859218,678.0,17537795.0,3.97
2019-08-01,11.352507601669412,11.406825819859218,11.461144038049024,11.298189383479606,744.0,33999164.0,3.96
2019-08-02,11.352507601669412,11.298189383479606,11.352507601669412,11.189552947099996,919.0,40764123.0,3.98
2019-08-05,11.2438711652898,11.352507601669412,11.352507601669412,11.189552947099996,814.0,33451550.0,3.95
2019-08-06,11.080916510720382,11.026598292530577,11.13523472891019,10.76587084521951,1477.0,56288183.0,3.85
2019-08-07,10.863643637961161,11.13523472891019,11.13523472891019,10.863643637961161,2209.0,60462624.0,3.75
2019-08-08,10.8527799943232,10.863643637961161,10.972280074340771,10.841916350685239,1598.0,63731360.0,3.92
2019-08-12,11.026598292530577,10.917961856150967,11.026598292530577,10.863643637961161,708.0,25226132.0,4.14
2019-08-13,10.917961856150967,10.972280074340771,10.972280074340771,10.863643637961161,745.0,19678230.0,4.17
2019-08-14,10.863643637961161,11.026598292530577,11.026598292530577,10.8527799943232,1459.0,51868130.0,4.09
2019-08-15,10.744143557943588,10.787598132495432,10.809325419771353,10.700688983391743,1511.0,72006868.0,4.08
2019-08-16,10.602916190650092,10.755007201581549,10.755007201581549,10.516007041546402,2515.0,78025357.0,3.98
2019-08-19,10.820189063409316,10.646370765201938,10.8527799943232,10.646370765201938,1278.0,32223234.0,4.03
2019-08-20,10.917961856150967,10.831052707047277,10.917961856150967,10.831052707047277,716.0,18456250.0,4.11
2019-08-21,10.8527799943232,10.917961856150967,10.917961856150967,10.820189063409316,1020.0,18637203.0,4.13
2019-08-22,10.831052707047277,10.8527799943232,10.917961856150967,10.831052707047277,797.0,16105754.0,4.16
2019-08-23,10.863643637961161,10.863643637961161,10.917961856150967,10.798461776133392,754.0,14843779.0,4.2
2019-08-26,10.76587084521951,10.809325419771353,10.863643637961161,10.755007201581549,628.0,13213284.0,4.21
2019-08-27,10.733279914305626,10.787598132495432,10.831052707047277,10.733279914305626,2578.0,27959889.0,4.18
2019-08-28,10.67896169611582,10.755007201581549,10.755007201581549,10.67896169611582,1094.0,23072864.0,4.12
2019-08-29,10.646370765201938,10.755007201581549,10.755007201581549,10.646370765201938,1023.0,23035632.0,4.19
2019-08-30,10.776734488857471,10.700688983391743,10.776734488857471,10.657234408839898,2109.0,19837677.0,4.25
2019-09-02,10.863643637961161,10.776734488857471,10.917961856150967,10.755007201581549,833.0,22872820.0,4.3
2019-09-03,10.972280074340771,10.972280074340771,11.026598292530577,10.863643637961161,829.0,28098973.0,4.39
2019-09-04,11.026598292530577,10.972280074340771,11.080916510720382,10.917961856150967,861.0,22936390.0,4.33
2019-09-05,10.972280074340771,11.080916510720382,11.13523472891019,10.972280074340771,661.0,23355293.0,4.4
2019-09-06,11.080916510720382,11.026598292530577,11.13523472891019,10.972280074340771,610.0,25930914.0,4.44
2019-09-09,11.026598292530577,11.080916510720382,11.13523472891019,10.972280074340771,483.0,13539896.0,4.46
2019-09-10,10.917961856150967,10.972280074340771,11.026598292530577,10.8527799943232,753.0,35032420.0,4.52
2019-09-11,10.917961856150967,10.863643637961161,10.972280074340771,10.863643637961161,632.0,19816058.0,4.4
2019-09-12,11.026598292530577,10.972280074340771,11.026598292530577,10.917961856150967,417.0,16182340.0,4.38
2019-09-16,11.189552947099996,11.026598292530577,11.189552947099996,11.026598292530577,938.0,38297161.0,4.46
2019-09-17,11.080916510720382,11.189552947099996,11.189552947099996,11.026598292530577,436.0,14228906.0,4.42
2019-09-18,11.13523472891019,11.13523472891019,11.189552947099996,11.026598292530577,782.0,22354724.0,4.48
2019-09-19,11.026598292530577,11.189552947099996,11.189552947099996,10.972280074340771,409.0,21777725.0,4.46
2019-09-20,11.026598292530577,11.026598292530577,11.080916510720382,10.972280074340771,351.0,11250276.0,4.45
2019-09-23,10.863643637961161,10.972280074340771,10.972280074340771,10.863643637961161,1153.0,32273101.0,4.47
2019-09-24,10.863643637961161,10.917961856150967,10.972280074340771,10.863643637961161,611.0,14462360.0,4.49
2019-09-25,10.798461776133392,10.917961856150967,10.972280074340771,10.787598132495432,1161.0,28466311.0,4.42
2019-09-26,10.700688983391743,10.798461776133392,10.820189063409316,10.67896169611582,2359.0,29332365.0,4.38
2019-09-27,10.58118890337417,10.689825339753781,10.722416270667663,10.537734328822324,2146.0,33698616.0,4.35
2019-10-01,10.635507121563975,10.59205254701213,10.646370765201938,10.59205254701213,1490.0,12103490.0,4.36
2019-10-02,10.57032525973621,10.59205254701213,10.635507121563975,10.548597972460287,1581.0,10540873.0,4.34
2019-10-03,10.363916030614945,10.537734328822324,10.537734328822324,10.331325099701063,1468.0,37607515.0,4.34
2019-10-04,10.331325099701063,10.363916030614945,10.450825179718635,10.331325099701063,759.0,20403868.0,4.34
2019-10-07,10.124915870579802,10.331325099701063,10.342188743339024,10.11405222694184,1528.0,44041958.0,4.35
2019-10-08,10.266143237873296,10.124915870579802,10.30959781242514,10.124915870579802,856.0,23668988.0,4.39
2019-10-09,9.907642997820577,10.157506801493684,10.190097732407569,9.907642997820577,1564.0,53820561.0,4.46
2019-10-14,9.842461135992812,10.00541579056223,10.070597652389996,9.777279274165044,1552.0,51513127.0,4.51
2019-10-15,9.809870205078926,9.842461135992812,9.842461135992812,9.766415630527083,1082.0,29930880.0,4.48
2019-10-16,9.766415630527083,9.809870205078926,9.83159749235485,9.712097412337277,1559.0,44022460.0,4.45
2019-10-17,9.885915710544655,9.766415630527083,9.940233928734461,9.766415630527083,1439.0,34123764.0,4.41
2019-10-18,9.864188423268734,9.885915710544655,9.91850664145854,9.83159749235485,826.0,14452455.0,4.37
2019-10-21,10.211825019683491,10.038006721476112,10.211825019683491,9.951097572372422,1531.0,41592611.0,4.41
2019-10-22,10.168370445131645,10.320461456063102,10.320461456063102,10.146643157855724,994.0,30671875.0,4.27
2019-10-23,10.048870365114073,10.190097732407569,10.190097732407569,10.038006721476112,680.0,17085252.0,4.25
2019-10-24,10.00541579056223,10.01627943420019,10.059734008752034,9.972824859648345,657.0,17203056.0,4.26
2019-10-25,9.994552146924267,10.00541579056223,10.048870365114073,9.961961216010383,431.0,10764862.0,4.16
2019-10-28,9.961961216010383,9.994552146924267,10.01627943420019,9.961961216010383,583.0,12858475.0,4.15
2019-10-29,9.896779354182616,9.961961216010383,9.961961216010383,9.896779354182616,701.0,18570343.0,4.17
2019-10-30,9.875052066906694,9.885915710544655,9.907642997820577,9.864188423268734,529.0,11663969.0,4.14
2019-10-31,9.875052066906694,9.885915710544655,9.907642997820577,9.864188423268734,353.0,9839754.0,4.15
2019-11-01,10.01627943420019,9.896779354182616,10.02714307783815,9.885915710544655,684.0,16538394.0,4.17
2019-11-04,10.168370445131645,10.048870365114073,10.179234088769606,10.02714307783815,1076.0,27308945.0,4.26
2019-11-05,10.972280074340771,10.266143237873296,11.080916510720382,10.266143237873296,5735.0,236377599.0,4.36
2019-11-06,10.711552627029704,10.917961856150967,10.972280074340771,10.711552627029704,2541.0,102962891.0,4.33
2019-11-07,10.711552627029704,10.711552627029704,10.76587084521951,10.602916190650092,806.0,23008014.0,4.33
2019-11-08,10.722416270667663,10.755007201581549,10.820189063409316,10.722416270667663,1257.0,36701978.0,4.32
2019-11-11,10.277006881511259,10.744143557943588,10.744143557943588,10.266143237873296,1973.0,51902222.0,4.29
2019-11-12,10.29873416878718,10.320461456063102,10.461688823356598,10.277006881511259,799.0,17919195.0,4.3
2019-11-13,10.211825019683491,10.29873416878718,10.342188743339024,10.211825019683491,640.0,14450228.0,4.28
2019-11-14,10.124915870579802,10.266143237873296,10.29873416878718,10.124915870579802,706.0,15950125.0,4.26
2019-11-15,10.059734008752034,10.135779514217763,10.211825019683491,10.048870365114073,836.0,25466477.0,4.26
2019-11-18,10.266143237873296,10.10318858330388,10.320461456063102,10.092324939665916,809.0,19271358.0,4.25
2019-11-19,10.28787052514922,10.266143237873296,10.342188743339024,10.266143237873296,347.0,9449938.0,4.25
2019-11-20,10.233552306959412,10.28787052514922,10.28787052514922,10.168370445131645,614.0,14921393.0,4.21
2019-11-21,10.179234088769606,10.233552306959412,10.233552306959412,10.048870365114073,437.0,9959047.0,4.19
2019-11-22,10.157506801493684,10.179234088769606,10.20096137604553,10.157506801493684,263.0,6844532.0,4.18
2019-11-25,10.39650696152883,10.266143237873296,10.48341611063252,10.255279594235335,1406.0,31019813.0,4.23
2019-11-26,10.755007201581549,10.58118890337417,10.755007201581549,10.494279754270481,2185.0,88020520.0,4.39
2019-11-27,10.755007201581549,10.76587084521951,10.76587084521951,10.635507121563975,916.0,35022963.0,4.39
2019-11-28,10.668098052477859,10.733279914305626,10.733279914305626,10.59205254701213,557.0,21865174.0,4.38
2019-11-29,10.602916190650092,10.646370765201938,10.646370765201938,10.537734328822324,475.0,19257002.0,4.35
2019-12-02,10.559461616098249,10.58118890337417,10.58118890337417,10.429097892442714,476.0,17445315.0,4.35
2019-12-03,10.548597972460287,10.450825179718635,10.59205254701213,10.450825179718635,536.0,15395960.0,4.34
2019-12-04,10.657234408839898,10.559461616098249,10.700688983391743,10.418234248804753,1009.0,34462216.0,4.31
2019-12-05,10.57032525973621,10.646370765201938,10.646370765201938,10.537734328822324,607.0,11953701.0,4.3
2019-12-06,10.526870685184363,10.537734328822324,10.613779834288053,10.320461456063102,622.0,18391701.0,4.32
2019-12-09,10.472552466994559,10.613779834288053,10.613779834288053,10.429097892442714,510.0,15300039.0,4.34
2019-12-10,10.461688823356598,10.429097892442714,10.516007041546402,10.429097892442714,408.0,11514977.0,4.36
2019-12-11,10.602916190650092,10.461688823356598,10.624643477926014,10.450825179718635,780.0,27023291.0,4.42
2019-12-12,10.689825339753781,10.689825339753781,10.8527799943232,10.668098052477859,1422.0,47783128.0,4.48
2019-12-13,10.67896169611582,10.744143557943588,10.76587084521951,10.624643477926014,809.0,25063242.0,4.5
2019-12-16,10.8527799943232,10.755007201581549,10.972280074340771,10.755007201581549,2211.0,91510937.0,4.63
2019-12-17,10.972280074340771,10.972280074340771,11.080916510720382,10.863643637961161,1585.0,63241410.0,4.65
2019-12-18,11.026598292530577,10.972280074340771,11.026598292530577,10.863643637961161,1136.0,38454216.0,4.63
2019-12-19,11.026598292530577,11.026598292530577,11.026598292530577,10.917961856150967,883.0,36492315.0,4.62
2019-12-20,10.917961856150967,10.972280074340771,11.026598292530577,10.863643637961161,764.0,29736050.0,4.61
2019-12-23,11.13523472891019,10.972280074340771,11.13523472891019,10.972280074340771,1202.0,50696096.0,4.69
2019-12-24,11.13523472891019,11.189552947099996,11.2438711652898,11.080916510720382,1548.0,74276592.0,4.69
2019-12-25,11.13523472891019,11.189552947099996,11.189552947099996,11.026598292530577,708.0,38333386.0,4.72
2019-12-26,11.026598292530577,11.13523472891019,11.13523472891019,10.972280074340771,751.0,34700944.0,4.7
2019-12-27,11.2438711652898,11.080916510720382,11.2438711652898,11.080916510720382,1335.0,62002486.0,4.86
2019-12-30,11.515462256238829,11.352507601669412,11.62409869261844,11.298189383479606,3078.0,154818314.0,4.9
2019-12-31,11.569780474428637,11.515462256238829,11.62409869261844,11.461144038049024,1253.0,72166251.0,4.99
2020-01-02,11.678416910808247,11.62409869261844,11.732735128998053,11.569780474428637,1361.0,72203405.0,5.09
2020-01-03,11.406825819859218,11.678416910808247,11.678416910808247,11.352507601669412,1510.0,72744842.0,4.95
2020-01-06,11.298189383479606,11.352507601669412,11.406825819859218,11.189552947099996,976.0,44987766.0,5.02
2020-01-07,11.189552947099996,11.352507601669412,11.352507601669412,11.13523472891019,993.0,39012598.0,5.06
2020-01-08,10.972280074340771,11.13523472891019,11.13523472891019,10.917961856150967,1124.0,51081584.0,4.83
2020-01-09,11.13523472891019,11.080916510720382,11.189552947099996,11.080916510720382,569.0,22577067.0,4.88
2020-01-10,11.189552947099996,11.189552947099996,11.2438711652898,11.026598292530577,474.0,16218637.0,4.86
2020-01-13,11.298189383479606,11.352507601669412,11.406825819859218,11.189552947099996,727.0,34363638.0,4.87
2020-01-14,11.298189383479606,11.352507601669412,11.352507601669412,11.2438711652898,476.0,16284428.0,4.83
2020-01-15,11.189552947099996,11.298189383479606,11.298189383479606,11.189552947099996,518.0,22771871.0,4.84
2020-01-16,11.13523472891019,11.2438711652898,11.2438711652898,11.13523472891019,537.0,22092701.0,4.82
2020-01-17,11.189552947099996,11.189552947099996,11.189552947099996,11.080916510720382,676.0,27230144.0,4.83
2020-01-20,11.13523472891019,11.189552947099996,11.2438711652898,11.026598292530577,894.0,35070792.0,4.79
2020-01-30,10.124915870579802,10.48341611063252,10.48341611063252,10.124915870579802,2658.0,109292376.0,4.76
2020-01-31,10.124915870579802,10.146643157855724,10.255279594235335,10.070597652389996,1796.0,71533902.0,4.71
2020-02-03,9.91850664145854,9.7338246996132,9.994552146924267,9.722961055975237,1431.0,47507749.0,4.74
2020-02-04,10.10318858330388,10.11405222694184,10.124915870579802,10.02714307783815,583.0,16717623.0,4.72
2020-02-05,10.10318858330388,10.135779514217763,10.168370445131645,10.070597652389996,633.0,21022487.0,4.65
2020-02-06,10.342188743339024,10.157506801493684,10.353052386976985,10.157506801493684,737.0,23346303.0,4.6
2020-02-07,10.135779514217763,10.374779674252908,10.374779674252908,10.10318858330388,875.0,23044416.0,4.59
2020-02-10,10.01627943420019,10.01627943420019,10.135779514217763,9.864188423268734,671.0,16907452.0,4.57
2020-02-11,10.092324939665916,10.11405222694184,10.11405222694184,10.038006721476112,458.0,10071694.0,4.57
2020-02-12,10.255279594235335,10.146643157855724,10.266143237873296,10.081461296027955,781.0,23063949.0,4.58
2020-02-13,10.211825019683491,10.331325099701063,10.363916030614945,10.211825019683491,734.0,18992439.0,4.59
2020-02-14,10.157506801493684,10.211825019683491,10.244415950597373,10.146643157855724,644.0,16698348.0,4.62
2020-02-17,10.124915870579802,10.157506801493684,10.168370445131645,10.092324939665916,492.0,10099830.0,4.64
2020-02-18,10.222688663321453,10.146643157855724,10.266143237873296,10.146643157855724,435.0,14263068.0,4.67
2020-02-19,10.266143237873296,10.222688663321453,10.30959781242514,10.190097732407569,746.0,14859842.0,4.69
2020-02-20,10.29873416878718,10.266143237873296,10.30959781242514,10.266143237873296,463.0,10933523.0,4.72
2020-02-21,10.353052386976985,10.29873416878718,10.374779674252908,10.266143237873296,806.0,21763234.0,4.76
2020-02-24,10.124915870579802,10.29873416878718,10.29873416878718,10.10318858330388,960.0,20196548.0,4.7
2020-02-25,10.11405222694184,10.059734008752034,10.124915870579802,9.994552146924267,622.0,13733737.0,4.69
2020-02-26,10.059734008752034,10.124915870579802,10.124915870579802,10.02714307783815,406.0,9510318.0,4.69
2020-02-27,9.842461135992812,10.059734008752034,10.168370445131645,9.809870205078926,1325.0,40954416.0,4.7
2020-03-02,9.777279274165044,9.451369965026208,9.799006561440965,9.451369965026208,1610.0,41307428.0,4.74
2020-03-03,10.10318858330388,10.20096137604553,10.29873416878718,10.081461296027955,1779.0,45291055.0,4.9
2020-03-04,10.10318858330388,10.146643157855724,10.190097732407569,10.059734008752034,827.0,22115425.0,4.98
2020-03-05,10.11405222694184,10.179234088769606,10.244415950597373,10.092324939665916,827.0,22607993.0,4.98
2020-03-06,10.00541579056223,10.10318858330388,10.10318858330388,9.951097572372422,1036.0,22736075.0,4.97
2020-03-09,9.668642837785432,9.766415630527083,9.842461135992812,9.668642837785432,1746.0,54537161.0,4.86
2020-03-10,9.549142757767859,9.27755166681883,9.603460975957665,9.27755166681883,1362.0,49884208.0,4.95
2020-03-11,9.342733528646598,9.701233768699316,9.701233768699316,9.299278954094753,1178.0,27087324.0,4.85
2020-03-12,8.408460175781938,9.158051586801257,9.17977887407718,8.408460175781938,2789.0,103400076.0,4.84
2020-03-13,7.76750520114223,7.604550546572812,7.821823419332035,7.571959615658928,2906.0,84177200.0,4.99
2020-03-16,7.332959455623783,7.85441435024592,7.86527799388388,7.332959455623783,1654.0,36864308.0,4.96
2020-03-17,6.746322699173881,6.681140837346113,7.039641077398832,6.681140837346113,1848.0,47940181.0,4.99
2020-03-18,6.518186182776696,6.844095491915531,6.854959135553492,6.518186182776696,2077.0,38717961.0,4.93
2020-03-19,5.8663675644990265,6.300913310017473,6.300913310017473,5.8663675644990265,2234.0,49978309.0,5.0
2020-03-20,6.45300432094893,5.975004000878638,6.45300432094893,5.975004000878638,984.0,20426907.0,4.99
2020-03-23,6.626822619156307,6.45300432094893,6.702868124622036,6.192276873637861,1341.0,29730614.0,4.96
2020-03-24,7.072232008312715,6.789777273725725,7.1156865828645595,6.724595411897958,1169.0,23409290.0,4.93
2020-03-25,7.485050466555239,7.376414030175628,7.691459695676501,7.3546867428997045,1494.0,38186832.0,4.89
2020-03-26,7.093959295588638,7.463323179279317,7.463323179279317,7.072232008312715,1782.0,41555916.0,4.71
2020-03-27,7.1700048010543656,7.343823099261744,7.365550386537667,7.1700048010543656,1460.0,28200257.0,4.82
2020-03-30,7.148277513778443,7.007050146484948,7.159141157416404,6.854959135553492,697.0,13090690.0,4.87
2020-03-31,7.202595731968249,7.1700048010543656,7.311232168347861,7.1700048010543656,806.0,15455079.0,4.88
2020-04-01,7.387277673813589,7.224323019244172,7.517641397469123,7.2134593756062095,992.0,19418872.0,4.96
2020-04-06,7.246050306520094,7.387277673813589,7.387277673813589,7.180868444692327,1023.0,18342366.0,4.88
2020-04-07,7.322095811985822,7.343823099261744,7.387277673813589,7.2677775937960165,799.0,20451997.0,4.9
2020-04-08,7.6480051211246565,7.311232168347861,7.821823419332035,7.278641237433978,1425.0,33719425.0,4.97
2020-04-09,7.76750520114223,7.76750520114223,7.930459855711646,7.68059605203854,1023.0,25945814.0,4.95
2020-04-10,7.821823419332035,7.76750520114223,7.832687062969996,7.713186982952423,671.0,17239846.0,4.99
2020-04-13,7.669732408400579,7.810959775694075,7.810959775694075,7.658868764762618,701.0,16154602.0,4.96
2020-04-14,7.8435507066079575,7.724050626590385,7.876141637521841,7.713186982952423,801.0,19146396.0,5.05
2020-04-15,7.876141637521841,7.919596212073686,8.04995993572922,7.86527799388388,1294.0,36241659.0,4.87
2020-04-16,7.734914270228346,7.724050626590385,7.821823419332035,7.713186982952423,1258.0,44054006.0,4.8
2020-04-17,7.734914270228346,7.832687062969996,7.9847780739014524,7.702323339314463,1045.0,31761783.0,4.88
2020-04-20,7.713186982952423,7.76750520114223,7.821823419332035,7.702323339314463,417.0,11561282.0,4.87
2020-04-21,7.3546867428997045,7.68059605203854,7.68059605203854,7.332959455623783,1193.0,23780074.0,4.82
2020-04-22,7.398141317451549,7.322095811985822,7.441595892003394,7.1156865828645595,595.0,11278452.0,4.87
2020-04-23,7.398141317451549,7.430732248365433,7.593686902934851,7.387277673813589,452.0,9058882.0,4.82
2020-04-24,7.452459535641356,7.3546867428997045,7.452459535641356,7.332959455623783,425.0,7670192.0,4.81
2020-04-27,7.778368844780191,7.495914110193201,7.897868924797763,7.495914110193201,1315.0,38206854.0,4.93
2020-04-28,7.897868924797763,7.8435507066079575,8.006505361177375,7.832687062969996,933.0,21589754.0,4.98
2020-04-29,8.115141797556987,7.919596212073686,8.14773272847087,7.919596212073686,1187.0,33186352.0,5.06
2020-04-30,8.50623296852359,8.365005601230093,8.52796025579951,8.278096452126404,1648.0,46326018.0,5.01
2020-05-04,8.060823579367181,8.267232808488442,8.278096452126404,8.04995993572922,1502.0,41321484.0,4.84
2020-05-05,8.060823579367181,8.14773272847087,8.14773272847087,7.9847780739014524,573.0,13136361.0,4.81
2020-05-06,7.96305078662553,8.093414510281065,8.093414510281065,7.95218714298757,617.0,15713828.0,4.72
2020-05-07,8.017369004815336,7.897868924797763,8.126005441194948,7.876141637521841,497.0,9395080.0,4.58
2020-05-08,8.093414510281065,8.093414510281065,8.126005441194948,8.017369004815336,461.0,15400795.0,4.54
2020-05-11,8.288960095764365,8.115141797556987,8.310687383040287,8.071687223005142,876.0,20693142.0,4.61
2020-05-12,8.2237782339366,8.310687383040287,8.321551026678248,8.071687223005142,774.0,20066352.0,4.53
2020-05-13,8.14773272847087,8.14773272847087,8.180323659384754,8.093414510281065,400.0,9516070.0,4.51
2020-05-14,7.832687062969996,8.093414510281065,8.093414510281065,7.821823419332035,844.0,24411236.0,4.41
2020-05-15,7.76750520114223,7.876141637521841,7.973914430263491,7.76750520114223,556.0,14908617.0,4.38
2020-05-18,7.800096132056113,7.832687062969996,7.908732568435725,7.778368844780191,446.0,14022927.0,4.48
2020-05-19,7.887005281159802,7.973914430263491,8.039096292091259,7.887005281159802,565.0,15871046.0,4.5
2020-05-20,7.919596212073686,8.017369004815336,8.017369004815336,7.897868924797763,394.0,8794267.0,4.51
2020-05-21,8.071687223005142,8.039096292091259,8.126005441194948,7.9956417175394146,599.0,17985041.0,4.54
2020-05-22,7.930459855711646,8.060823579367181,8.071687223005142,7.930459855711646,404.0,15669846.0,4.46
2020-05-25,7.876141637521841,7.973914430263491,7.9847780739014524,7.778368844780191,338.0,6455111.0,4.44
2020-05-26,7.897868924797763,7.876141637521841,8.017369004815336,7.876141637521841,346.0,8010434.0,4.47
2020-05-27,8.462778393971744,7.9847780739014524,8.484505681247665,7.9847780739014524,2514.0,63702306.0,4.71
2020-05-28,8.843005921300385,8.560551186713393,9.114597012249414,8.495369324885628,3032.0,84032797.0,4.59
2020-05-29,8.473642037609705,8.843005921300385,8.843005921300385,8.386732888506016,1542.0,39800343.0,4.48
2020-06-01,8.484505681247665,8.473642037609705,8.636596692179122,8.473642037609705,736.0,18029730.0,4.49
2020-06-02,8.473642037609705,8.517096612161549,8.62573304854116,8.44105110669582,530.0,13389853.0,4.47
2020-06-03,8.71264219764485,8.549687543075432,8.777824059472618,8.538823899437473,1209.0,27277211.0,4.5
2020-06-04,8.690914910368928,8.853869564938346,8.853869564938346,8.593142117627277,788.0,19978769.0,4.51
2020-06-05,8.951642357679995,8.82127863402446,8.962506001317957,8.82127863402446,1585.0,47837566.0,4.59
2020-06-08,9.17977887407718,9.005960575869802,9.266688023180869,9.005960575869802,1679.0,55169405.0,4.63
2020-06-09,9.136324299525336,9.17977887407718,9.288415310456793,9.082006081335528,1166.0,34702765.0,4.6
2020-06-10,9.397051746836404,9.09286972497349,9.397051746836404,9.09286972497349,1409.0,45245910.0,4.72
2020-06-11,9.060278794059608,9.397051746836404,9.397051746836404,9.016824219507763,1098.0,34076656.0,4.66
2020-06-12,8.89732413949019,8.636596692179122,8.90818778312815,8.6148694049032,1091.0,32600760.0,4.69
2020-06-15,8.8104149903865,8.875596852214267,8.962506001317957,8.766960415834657,638.0,22172218.0,4.61
2020-06-16,8.951642357679995,8.90818778312815,9.060278794059608,8.864733208576308,587.0,20067380.0,4.39
2020-06-17,8.929915070404075,8.99509693223184,8.99509693223184,8.853869564938346,481.0,11384531.0,4.29
2020-06-18,8.929915070404075,8.875596852214267,8.951642357679995,8.82127863402446,432.0,11662380.0,4.21
2020-06-19,8.919051426766114,9.016824219507763,9.071142437697569,8.919051426766114,532.0,19064867.0,4.18
2020-06-22,9.190642517715142,8.919051426766114,9.190642517715142,8.919051426766114,989.0,34594401.0,4.23
2020-06-23,9.082006081335528,9.244960735904947,9.288415310456793,8.962506001317957,823.0,26075293.0,4.22
2020-06-24,8.99509693223184,9.060278794059608,9.082006081335528,8.973369644955918,657.0,18140642.0,4.24
2020-06-29,8.89732413949019,8.973369644955918,8.973369644955918,8.864733208576308,558.0,14242912.0,4.22
2020-06-30,8.951642357679995,8.919051426766114,9.005960575869802,8.90818778312815,353.0,9016997.0,4.19
2020-07-01,8.919051426766114,8.919051426766114,8.98423328859388,8.919051426766114,411.0,11598958.0,4.18
2020-07-02,8.90818778312815,8.919051426766114,8.99509693223184,8.886460495852228,564.0,17265441.0,4.16
2020-07-03,8.940778714042036,8.90818778312815,8.962506001317957,8.832142277662424,574.0,18678361.0,4.15
2020-07-06,8.98423328859388,8.940778714042036,8.99509693223184,8.853869564938346,1275.0,42150908.0,4.27
2020-07-07,8.886460495852228,9.005960575869802,9.038551506783685,8.886460495852228,887.0,27534497.0,4.17
2020-07-08,8.875596852214267,8.90818778312815,8.90818778312815,8.843005921300385,559.0,16658768.0,4.15
2020-07-09,8.875596852214267,8.89732413949019,8.90818778312815,8.843005921300385,695.0,18818061.0,4.08
2020-07-10,8.723505841282812,8.886460495852228,8.90818778312815,8.723505841282812,783.0,21907115.0,4.05
2020-07-13,8.788687703110579,8.745233128558734,8.8104149903865,8.71264219764485,492.0,13404925.0,3.98
2020-07-14,8.723505841282812,8.777824059472618,8.788687703110579,8.70177855400689,386.0,13439243.0,3.97
2020-07-15,8.756096772196695,8.723505841282812,8.864733208576308,8.723505841282812,725.0,19180248.0,4.04
2020-07-16,9.060278794059608,8.864733208576308,9.071142437697569,8.832142277662424,1520.0,46331473.0,4.16
2020-07-17,8.919051426766114,9.125460655887375,9.190642517715142,8.919051426766114,922.0,27881669.0,4.05
2020-07-20,8.82127863402446,8.919051426766114,8.919051426766114,8.745233128558734,433.0,9453815.0,4.02
2020-07-21,8.929915070404075,8.832142277662424,8.962506001317957,8.82127863402446,497.0,12336949.0,4.07
2020-07-22,8.89732413949019,8.929915070404075,8.940778714042036,8.832142277662424,427.0,12302810.0,4.08
2020-07-23,9.038551506783685,8.929915070404075,9.038551506783685,8.843005921300385,755.0,21469207.0,4.15
2020-07-24,8.929915070404075,9.038551506783685,9.103733368611453,8.8104149903865,858.0,27631132.0,4.14
2020-07-27,8.745233128558734,8.919051426766114,8.929915070404075,8.745233128558734,645.0,18160086.0,4.09
2020-07-28,8.70177855400689,8.734369484920771,8.864733208576308,8.70177855400689,610.0,16419010.0,4.06
2020-07-29,8.756096772196695,8.690914910368928,8.853869564938346,8.690914910368928,400.0,10959575.0,4.08
2020-07-30,8.745233128558734,8.734369484920771,8.864733208576308,8.70177855400689,450.0,10778957.0,4.06
2020-07-31,8.756096772196695,8.734369484920771,8.777824059472618,8.71264219764485,335.0,8305918.0,4.04
2020-08-03,8.71264219764485,8.745233128558734,8.777824059472618,8.658323979455044,533.0,18304539.0,4.0
2020-08-04,8.723505841282812,8.745233128558734,8.777824059472618,8.70177855400689,363.0,9660419.0,3.99
2020-08-05,8.745233128558734,8.766960415834657,8.799551346748538,8.723505841282812,413.0,10810566.0,3.99
2020-08-06,8.734369484920771,8.745233128558734,8.8104149903865,8.723505841282812,375.0,11608510.0,3.98
2020-08-07,8.723505841282812,8.745233128558734,8.788687703110579,8.723505841282812,356.0,8544230.0,3.97
2020-08-10,8.843005921300385,8.723505841282812,8.886460495852228,8.723505841282812,654.0,18468059.0,4.01
2020-08-11,8.886460495852228,8.853869564938346,9.016824219507763,8.843005921300385,939.0,27054255.0,4.08
2020-08-12,8.853869564938346,8.89732413949019,8.89732413949019,8.799551346748538,484.0,10959882.0,4.03
2020-08-13,8.832142277662424,8.8104149903865,8.864733208576308,8.788687703110579,334.0,10513826.0,4.01
2020-08-14,9.071142437697569,8.90818778312815,9.09286972497349,8.788687703110579,1170.0,43005292.0,4.09
2020-08-17,9.310142597732714,9.082006081335528,9.342733528646598,9.082006081335528,1712.0,51833488.0,4.14
2020-08-18,9.17977887407718,9.331869885008636,9.331869885008636,9.060278794059608,1172.0,35265451.0,4.1
2020-08-19,9.038551506783685,9.190642517715142,9.266688023180869,9.038551506783685,826.0,24370718.0,4.07
2020-08-20,8.766960415834657,8.973369644955918,9.005960575869802,8.690914910368928,1179.0,43886802.0,3.98
2020-08-21,9.005960575869802,8.843005921300385,9.005960575869802,8.82127863402446,642.0,23240847.0,4.03
2020-08-24,9.016824219507763,9.005960575869802,9.125460655887375,8.98423328859388,583.0,21164427.0,4.04
2020-08-25,9.255824379542908,9.016824219507763,9.266688023180869,8.99509693223184,1081.0,45154967.0,4.15
2020-08-26,9.353597172284559,9.27755166681883,9.483960895940093,9.27755166681883,1453.0,51076546.0,4.13
2020-08-27,9.646915550509512,9.505688183216016,9.799006561440965,9.483960895940093,3091.0,116796246.0,4.18
2020-08-28,9.505688183216016,9.560006401405822,9.570870045043783,9.342733528646598,1272.0,42086599.0,4.12
2020-08-31,10.124915870579802,9.668642837785432,10.320461456063102,9.646915550509512,3317.0,126275153.0,4.22
2020-09-01,9.983688503286306,9.983688503286306,10.048870365114073,9.83159749235485,1605.0,46987990.0,4.1
2020-09-02,10.168370445131645,10.00541579056223,10.342188743339024,9.994552146924267,1566.0,57262636.0,4.04
2020-09-03,10.179234088769606,10.320461456063102,10.320461456063102,10.048870365114073,1919.0,61161088.0,4.2
2020-09-04,10.277006881511259,10.070597652389996,10.320461456063102,9.994552146924267,2425.0,81271590.0,4.49
2020-09-07,11.298189383479606,10.320461456063102,11.298189383479606,10.320461456063102,5138.0,263774569.0,4.58
2020-09-08,11.13523472891019,11.406825819859218,11.569780474428637,11.026598292530577,5799.0,271802824.0,4.38
2020-09-09,11.569780474428637,11.026598292530577,11.678416910808247,10.972280074340771,3917.0,178040369.0,4.42
2020-09-10,11.461144038049024,11.678416910808247,11.732735128998053,11.298189383479606,3467.0,135650754.0,4.37
2020-09-11,11.189552947099996,11.515462256238829,11.78705334718786,10.820189063409316,4396.0,218038907.0,4.49
2020-09-14,11.189552947099996,11.406825819859218,11.569780474428637,11.080916510720382,2531.0,98947395.0,4.49
2020-09-15,11.080916510720382,11.2438711652898,11.2438711652898,10.917961856150967,2150.0,75830643.0,4.64
2020-09-16,11.080916510720382,11.080916510720382,11.080916510720382,10.917961856150967,1702.0,78988604.0,4.88
2020-09-17,10.711552627029704,11.080916510720382,11.189552947099996,10.646370765201938,4452.0,213924524.0,4.97
2020-09-18,10.722416270667663,10.711552627029704,10.917961856150967,10.711552627029704,1895.0,59020497.0,5.06
2020-09-21,10.755007201581549,10.8527799943232,10.972280074340771,10.657234408839898,2217.0,73825972.0,5.09
2020-09-22,10.537734328822324,10.798461776133392,10.798461776133392,10.429097892442714,1346.0,44879684.0,5.07
2020-09-23,10.320461456063102,10.57032525973621,10.668098052477859,10.190097732407569,1914.0,61490089.0,4.97
2020-09-24,9.961961216010383,10.211825019683491,10.211825019683491,9.951097572372422,1840.0,72061020.0,4.91
2020-09-25,9.972824859648345,10.10318858330388,10.179234088769606,9.799006561440965,1501.0,42066959.0,4.89
2020-09-28,10.244415950597373,10.10318858330388,10.28787052514922,9.994552146924267,1103.0,30024448.0,4.88
2020-09-29,10.11405222694184,10.244415950597373,10.244415950597373,10.092324939665916,748.0,16122006.0,4.86
2020-09-30,10.135779514217763,10.11405222694184,10.190097732407569,10.02714307783815,936.0,18312978.0,4.87
2020-10-05,10.233552306959412,10.146643157855724,10.266143237873296,10.092324939665916,667.0,16125781.0,4.89
2020-10-06,10.744143557943588,10.266143237873296,10.744143557943588,10.266143237873296,1983.0,68058482.0,4.92
2020-10-07,10.755007201581549,10.537734328822324,10.755007201581549,10.48341611063252,1089.0,31325203.0,4.96
2020-10-08,10.624643477926014,10.755007201581549,10.809325419771353,10.58118890337417,789.0,25688392.0,4.96
2020-10-12,10.8527799943232,10.755007201581549,11.026598292530577,10.67896169611582,1553.0,56948972.0,5.03
2020-10-13,10.733279914305626,10.917961856150967,10.917961856150967,10.711552627029704,808.0,26682786.0,5.03
2020-10-14,11.026598292530577,10.841916350685239,11.189552947099996,10.76587084521951,2380.0,93212279.0,5.15
2020-10-15,10.809325419771353,11.026598292530577,11.026598292530577,10.776734488857471,1032.0,37643973.0,5.12
2020-10-16,10.516007041546402,10.809325419771353,10.809325419771353,10.48341611063252,1417.0,41743389.0,5.13
2020-10-19,10.67896169611582,10.841916350685239,10.917961856150967,10.58118890337417,1800.0,87244645.0,5.14
2020-10-20,10.668098052477859,10.744143557943588,10.820189063409316,10.657234408839898,987.0,29847181.0,5.12
2020-10-21,10.8527799943232,10.863643637961161,10.972280074340771,10.755007201581549,2044.0,67993958.0,5.28
2020-10-22,11.026598292530577,11.080916510720382,11.352507601669412,10.917961856150967,3298.0,133079159.0,5.22
2020-10-23,11.026598292530577,11.026598292530577,11.080916510720382,10.917961856150967,1147.0,34157928.0,5.29
2020-10-26,10.863643637961161,11.080916510720382,11.080916510720382,10.863643637961161,1126.0,38594919.0,5.3
2020-10-27,11.026598292530577,10.8527799943232,11.189552947099996,10.809325419771353,1690.0,68707490.0,5.48
2020-10-28,10.972280074340771,11.026598292530577,11.2438711652898,10.972280074340771,1322.0,51635357.0,5.51
2020-10-29,10.972280074340771,10.809325419771353,10.972280074340771,10.755007201581549,1057.0,50080660.0,5.62
2020-10-30,10.700688983391743,10.972280074340771,11.026598292530577,10.700688983391743,1453.0,48159571.0,5.5
2020-11-02,10.67896169611582,10.755007201581549,10.755007201581549,10.472552466994559,916.0,28674899.0,5.58
2020-11-03,10.863643637961161,10.798461776133392,11.189552947099996,10.798461776133392,3302.0,166349646.0,5.95
2020-11-04,11.298189383479606,11.13523472891019,11.352507601669412,10.972280074340771,4004.0,207231472.0,6.03
2020-11-05,11.080916510720382,11.352507601669412,11.515462256238829,11.080916510720382,5262.0,219601723.0,6.02
2020-11-06,11.080916510720382,11.13523472891019,11.189552947099996,10.972280074340771,1577.0,56164938.0,6.13
2020-11-09,11.189552947099996,11.189552947099996,11.406825819859218,11.13523472891019,1689.0,68965903.0,6.13
2020-11-10,11.13523472891019,11.2438711652898,11.352507601669412,11.080916510720382,1498.0,65830684.0,6.23
2020-11-11,11.352507601669412,11.189552947099996,11.515462256238829,11.189552947099996,2814.0,113447150.0,6.4
2020-11-12,11.026598292530577,11.406825819859218,11.461144038049024,10.863643637961161,2337.0,111547534.0,6.18
2020-11-13,11.080916510720382,11.13523472891019,11.13523472891019,10.917961856150967,814.0,30741150.0,6.16
2020-11-16,10.863643637961161,11.080916510720382,11.13523472891019,10.863643637961161,1680.0,68430492.0,6.01
2020-11-17,11.026598292530577,10.972280074340771,11.080916510720382,10.917961856150967,1257.0,46637816.0,6.14
2020-11-18,11.13523472891019,11.13523472891019,11.2438711652898,11.026598292530577,1660.0,64538786.0,6.27
2020-11-19,11.2438711652898,11.13523472891019,11.352507601669412,11.13523472891019,1976.0,77096272.0,6.5
2020-11-20,11.352507601669412,11.352507601669412,11.515462256238829,11.298189383479606,3118.0,119365737.0,6.52
2020-11-23,12.004326219947083,11.352507601669412,12.167280874516498,11.352507601669412,8804.0,424893414.0,6.85
2020-11-24,11.950008001757276,12.167280874516498,12.275917310896112,11.732735128998053,5915.0,231719278.0,6.54
2020-11-25,12.167280874516498,12.058644438136888,12.493190183655335,11.841371565377665,6309.0,333196893.0,6.65
2020-11-26,12.330235529085916,12.438871965465527,12.710463056414557,12.167280874516498,5502.0,283190043.0,6.5
2020-11-27,12.710463056414557,12.438871965465527,12.710463056414557,12.330235529085916,6065.0,310046377.0,6.94
2020-11-30,13.090690583743198,12.982054147363586,13.253645238312615,12.81909949279417,8958.0,453326476.0,6.79
2020-12-01,12.927735929173782,13.090690583743198,13.090690583743198,12.656144838224751,4496.0,198887347.0,6.78
2020-12-02,12.81909949279417,12.982054147363586,13.090690583743198,12.81909949279417,3139.0,146867896.0,6.81
2020-12-03,12.710463056414557,12.81909949279417,13.145008801933002,12.710463056414557,3705.0,165869893.0,7.03
2020-12-04,13.090690583743198,12.81909949279417,13.19932702012281,12.764781274604363,5209.0,293311026.0,7.41
2020-12-07,13.145008801933002,13.30796345650242,13.470918111071839,13.036372365553392,4227.0,196951944.0,7.2
2020-12-08,12.927735929173782,13.145008801933002,13.19932702012281,12.873417710983974,2374.0,110158919.0,7.19
2020-12-09,12.710463056414557,12.927735929173782,13.036372365553392,12.54750840184514,4160.0,208447219.0,7.36
2020-12-10,13.95978207478009,12.873417710983974,13.95978207478009,12.81909949279417,11119.0,1254791662.0,8.02
2020-12-11,14.937510002196595,14.285691383918925,15.209101093145623,14.177054947539315,36030.0,2519429984.0,7.61
2020-12-14,15.53501040228446,15.263419311335431,15.806601493233488,14.720237129437372,29238.0,2005902405.0,6.89
2020-12-15,15.372055747715041,15.53501040228446,16.730011202460187,15.263419311335431,32451.0,1974076872.0,6.61
2020-12-16,15.480692184094654,15.752283275043682,16.29546545694174,15.317737529525235,14751.0,917310281.0,6.66
2020-12-17,15.426373965904846,15.806601493233488,15.9152379296131,15.209101093145623,10352.0,563788889.0,6.3
2020-12-18,15.589328620474264,15.589328620474264,15.9152379296131,15.263419311335431,11190.0,656355092.0,6.44
2020-12-21,17.110238729788826,16.078192584182517,17.110238729788826,15.752283275043682,34159.0,2958476694.0,7.62
2020-12-22,16.512738329700962,17.381829820737856,18.739785275483,16.18682902056213,62004.0,3963766090.0,6.98
2020-12-23,17.381829820737856,17.05592051159902,17.653420911686887,16.349783675131548,23658.0,1529834949.0,6.0
2020-12-24,16.8386476388398,17.381829820737856,17.54478447530727,16.67569298427038,18098.0,966139757.0,5.86
2020-12-25,16.8386476388398,16.94728407521941,17.436148038927662,16.67569298427038,15352.0,859069708.0,5.75
2020-12-28,16.29546545694174,16.892965857029605,17.110238729788826,16.18682902056213,18443.0,1068561495.0,5.92
2020-12-29,16.67569298427038,16.784329420649993,17.32751160254805,16.621374766080574,19425.0,1306132352.0,5.76
2020-12-30,16.8386476388398,16.892965857029605,17.653420911686887,16.8386476388398,19240.0,1265293878.0,5.4
2020-12-31,17.110238729788826,17.05592051159902,17.273193384358244,16.512738329700962,12607.0,627263625.0,5.84
2021-01-04,17.925012002635913,17.925012002635913,18.305239529964556,17.273193384358244,24502.0,1586464254.0,5.9
2021-01-05,19.337285675570865,18.25092131177475,19.717513202899504,18.196603093584944,56416.0,4224726427.0,5.9
2021-01-06,19.174331021001446,19.717513202899504,20.47796825755679,18.305239529964556,54153.0,3274182274.0,5.31
2021-01-07,18.305239529964556,19.6631949847097,19.77183142108931,17.8163755662563,28468.0,1563593005.0,5.45
2021-01-08,18.25092131177475,18.46819418453397,18.685467057293195,17.8163755662563,14314.0,734830815.0,5.51
2021-01-11,18.08796665720533,18.413875966344165,18.685467057293195,18.08796665720533,9312.0,497493699.0,5.33
2021-01-12,17.05592051159902,17.97933022082572,17.97933022082572,16.8386476388398,16177.0,777123205.0,5.62
2021-01-13,17.49046625711747,17.273193384358244,17.49046625711747,17.05592051159902,7869.0,386224707.0,5.57
2021-01-14,17.8163755662563,17.925012002635913,18.35955774815436,17.436148038927662,13907.0,869090899.0,5.13
2021-01-15,17.05592051159902,17.925012002635913,17.97933022082572,17.001602293409217,10192.0,599860736.0,5.37
2021-01-18,16.40410189332135,16.892965857029605,16.892965857029605,15.9152379296131,10102.0,499044820.0,5.93
2021-01-19,16.67569298427038,17.218875166168438,17.218875166168438,16.621374766080574,6828.0,358903860.0,6.04
2021-01-20,15.860919711423293,16.621374766080574,16.621374766080574,15.64364683866407,10708.0,476742264.0,6.2
2021-01-21,16.18682902056213,16.132510802372323,16.56705654789077,15.969556147802905,6157.0,299376532.0,6.55
2021-01-22,16.56705654789077,16.18682902056213,16.730011202460187,15.969556147802905,6492.0,331402573.0,6.75
2021-01-25,16.56705654789077,16.67569298427038,17.110238729788826,16.349783675131548,6667.0,385670946.0,6.84
2021-01-26,16.132510802372323,16.621374766080574,16.67569298427038,15.969556147802905,4980.0,240865467.0,6.77
2021-01-27,15.64364683866407,16.18682902056213,16.29546545694174,15.53501040228446,5610.0,226467514.0,6.81
2021-01-28,15.100464656766013,15.100464656766013,15.53501040228446,14.883191784006788,5239.0,242439960.0,7.15
2021-01-29,14.774555347627178,15.372055747715041,15.480692184094654,14.774555347627178,4741.0,214329405.0,7.08
2021-02-01,14.991828220386402,14.720237129437372,15.100464656766013,14.231373165729119,5263.0,249394975.0,7.51
2021-02-02,15.426373965904846,15.209101093145623,15.426373965904846,14.937510002196595,4674.0,230942036.0,7.47
2021-02-03,14.883191784006788,15.426373965904846,15.426373965904846,14.774555347627178,7230.0,334409327.0,7.28
2021-02-04,14.828873565816984,14.720237129437372,15.100464656766013,14.61160069305776,3066.0,131846027.0,7.45
2021-02-05,14.557282474867955,14.937510002196595,15.046146438576207,14.448646038488343,5258.0,243048414.0,7.35
2021-02-17,15.480692184094654,14.774555347627178,15.589328620474264,14.774555347627178,7496.0,374128943.0,7.88
2021-02-18,16.730011202460187,15.64364683866407,16.730011202460187,15.64364683866407,14259.0,785787096.0,7.34
2021-02-19,16.784329420649993,16.730011202460187,16.892965857029605,16.29546545694174,10594.0,499622579.0,7.05
2021-02-22,17.001602293409217,16.94728407521941,17.218875166168438,16.67569298427038,10561.0,601857242.0,7.19
2021-02-23,18.685467057293195,17.653420911686887,18.685467057293195,17.599102693497077,21079.0,1505620514.0,7.18
2021-02-24,17.925012002635913,19.01137636643203,19.500240330140283,17.870693784446107,42598.0,2912797519.0,5.9
2021-02-25,18.957058148242222,18.685467057293195,19.228649239191252,18.196603093584944,28050.0,1609350270.0,7.1
2021-02-26,18.957058148242222,18.46819418453397,19.228649239191252,18.413875966344165,18212.0,1224370192.0,6.48
2021-03-02,18.794103493672807,19.120012802811644,19.500240330140283,18.685467057293195,15578.0,986795662.0,6.4
2021-03-03,19.28296745738106,19.337285675570865,19.989104293848534,19.120012802811644,24557.0,1680581298.0,7.01
2021-03-04,20.20637716660776,19.717513202899504,20.749559348505816,19.608876766519895,42364.0,3194757449.0,8.26
2021-03-05,19.39160389376067,20.20637716660776,20.640922912126204,19.01137636643203,30589.0,1887230036.0,7.07
2021-03-08,19.6631949847097,19.6631949847097,19.989104293848534,19.337285675570865,11298.0,674118536.0,7.33
2021-03-09,19.989104293848534,20.315013602987367,20.80387756669562,19.717513202899504,21095.0,1588534594.0,7.13
2021-03-10,19.77183142108931,19.989104293848534,20.04342251203834,19.55455854833009,9170.0,565992654.0,7.47
2021-03-11,19.826149639279116,20.097740730228146,20.097740730228146,19.6631949847097,11289.0,483317992.0,8.22
2021-03-12,20.369331821177177,20.097740730228146,20.369331821177177,19.826149639279116,11161.0,716964064.0,9.09
2021-03-15,19.93478607565873,20.53228647574659,20.586604693936398,19.826149639279116,10010.0,627101816.0,8.34
2021-03-16,19.28296745738106,19.880467857468922,20.04342251203834,19.120012802811644,14315.0,716155985.0,8.22
2021-03-17,19.39160389376067,19.445922111950473,19.6631949847097,19.28296745738106,6262.0,343851532.0,8.3
2021-03-18,19.28296745738106,19.500240330140283,19.55455854833009,19.228649239191252,5535.0,254551170.0,8.43
2021-03-19,19.01137636643203,19.28296745738106,19.55455854833009,19.01137636643203,5707.0,654187065.0,8.27
2021-03-22,19.228649239191252,19.174331021001446,19.445922111950473,18.848421711862613,6468.0,351527831.0,8.29
2021-03-23,19.065694584621838,19.39160389376067,19.500240330140283,19.065694584621838,5578.0,294668241.0,8.09
2021-03-24,18.794103493672807,19.065694584621838,19.120012802811644,18.685467057293195,5537.0,255985247.0,7.95
2021-03-25,19.065694584621838,19.120012802811644,19.880467857468922,19.01137636643203,13640.0,790048088.0,7.42
2021-03-26,19.337285675570865,19.120012802811644,19.500240330140283,19.120012802811644,4702.0,267663861.0,7.61
2021-03-29,19.880467857468922,19.826149639279116,20.097740730228146,19.6631949847097,13893.0,823094906.0,7.34
2021-03-30,19.880467857468922,19.880467857468922,19.989104293848534,19.608876766519895,5243.0,303470940.0,7.36
2021-03-31,21.18410509402426,20.26069538479756,21.18410509402426,20.20637716660776,32946.0,2261503461.0,7.79
2021-04-01,22.542060548769406,21.781605494112128,23.24819738523688,21.401377966783485,68329.0,4429626504.0,8.36
2021-04-06,24.660471058171833,23.356833821616494,24.660471058171833,22.813651639718437,51129.0,3452391466.0,8.94
2021-04-07,24.660471058171833,24.98638036731067,25.47524433101892,24.117288876273776,44396.0,2795993952.0,8.81
2021-04-08,27.104790876713093,27.104790876713093,27.104790876713093,27.104790876713093,9054.0,741188755.0,8.92
2021-04-09,29.11456494973591,29.766383568013577,29.766383568013577,27.53933662223154,61447.0,4969608882.0,9.31
2021-04-12,31.504566550087365,29.33183782249513,31.504566550087365,29.33183782249513,43882.0,3746221927.0,8.24
2021-04-13,29.766383568013577,31.45024833189756,31.45024833189756,29.766383568013577,22453.0,1228507948.0,8.19
2021-04-14,30.200929313532026,30.526838622670862,31.28729367732814,28.245473458699017,18126.0,1183251987.0,8.37
2021-04-15,31.178657240948528,30.961384368189307,31.8304758592262,30.418202186291246,18054.0,1487702763.0,8.85
2021-04-16,34.27479567776746,31.93911229560581,34.27479567776746,31.93911229560581,20917.0,1534018457.0,9.22
2021-04-19,37.69684342372523,34.98093251423494,37.69684342372523,34.98093251423494,19668.0,1813276078.0,8.98
2021-04-20,37.479570550966,37.914116296484444,37.914116296484444,34.11184102319804,20459.0,1370322358.0,9.09
2021-04-21,38.457298478382505,35.90434222346163,38.457298478382505,35.90434222346163,16818.0,1191011774.0,9.16
2021-04-22,39.38070818760921,40.738663642354354,42.25957375166891,37.69684342372523,24261.0,2290366071.0,9.54
2021-04-23,38.78320778752134,39.05479887847037,39.10911709666018,36.71911549630872,16335.0,1283783274.0,9.46
2021-04-26,42.63980127899755,39.65229927855823,42.63980127899755,39.65229927855823,17936.0,1625532407.0,9.69
2021-04-27,43.454574551844644,42.58548306080775,44.9211664429694,41.173209387872795,46605.0,5039704971.0,8.43
2021-04-28,42.0966190970995,43.78048386098347,44.48662069745095,41.82502800615047,39257.0,3849249193.0,7.96
2021-04-29,46.279121897714546,43.454574551844644,46.279121897714546,42.31389196985872,63261.0,8718774808.0,9.54
2021-05-03,46.333440115904345,46.98525873418202,50.461624698329594,46.333440115904345,79994.0,9769583915.0,8.35
2021-05-04,42.69411949718736,48.83207815263542,49.42957855272328,41.716391569770856,78255.0,8544349604.0,8.04
2021-05-05,46.93094051599221,44.432302479261146,46.93094051599221,42.91139236994658,49067.0,7627777613.0,9.02
2021-05-06,51.60230728031551,48.88639637082522,51.60230728031551,48.66912349806599,79103.0,13251701685.0,9.38
2021-05-07,56.70821979015726,53.82935422609754,56.70821979015726,50.67889757108881,111414.0,14102365837.0,9.62
2021-05-10,62.357314481897056,57.79458415395337,62.357314481897056,56.2736740446388,80069.0,11382266296.0,8.98
2021-05-11,61.488222990860166,60.51049506344366,67.3545905553592,57.03412909929609,149475.0,21434216853.0,8.49
2021-05-12,55.40458255360192,62.248678045517444,64.42140677310968,55.40458255360192,81294.0,11569159228.0,8.26
2021-05-13,49.86412429824172,49.86412429824172,54.97003680808347,49.86412429824172,67255.0,8909883218.0,8.6
2021-05-14,44.9211664429694,51.27639797117668,51.928216589454344,44.9211664429694,66033.0,8132306569.0,9.04
2021-05-17,40.46707255140532,40.46707255140532,42.1509373152893,40.46707255140532,35273.0,4976793497.0,9.99
2021-05-18,44.48662069745095,42.63980127899755,44.48662069745095,41.716391569770856,37982.0,5812679871.0,10.09
2021-05-19,48.88639637082522,46.333440115904345,48.88639637082522,46.279121897714546,56001.0,9089070872.0,9.73
2021-05-20,46.71366764323299,47.69139557064949,51.167761534797066,46.11616724314513,104161.0,12111140077.0,8.33
2021-05-21,50.13571538919075,48.88639637082522,51.27639797117668,46.11616724314513,108349.0,13591953450.0,7.83
2021-05-24,48.94071458901502,48.88639637082522,52.4713987713524,47.25684982513105,113378.0,12997209772.0,6.98
2021-05-25,47.8000320070291,49.97276073462134,50.84185222565823,46.49639477047376,61510.0,6901914206.0,7.03
2021-05-26,47.908668443408715,48.34321418892716,49.212305679964054,46.333440115904345,53753.0,6226956724.0,7.05
2021-05-27,48.12594131616794,48.66912349806599,50.51594291651939,48.12594131616794,69680.0,8802565808.0,6.96
2021-05-28,52.90594451687085,51.059125098417454,52.90594451687085,50.5702611347092,52086.0,8401081826.0,7.78
2021-05-31,56.925492662916476,56.2736740446388,58.12049346309221,54.42685462618542,90878.0,14447808435.0,8.16
2021-06-01,57.90322059033298,58.01185702671259,59.75004000878638,55.2959461172223,103427.0,13192041139.0,7.8
2021-06-02,57.25140197205532,57.90322059033298,58.88094851774949,55.40458255360192,29069.0,3166631929.0,7.92
2021-06-03,56.056401171879585,58.01185702671259,58.01185702671259,55.94776473549997,17636.0,1807871686.0,8.14
2021-06-04,54.263899971616,55.40458255360192,57.03412909929609,54.263899971616,17683.0,1567871085.0,8.05
2021-06-07,51.27639797117668,54.3182181898058,54.3182181898058,48.88639637082522,21791.0,1945085260.0,8.23
2021-06-08,52.74298986230143,51.27639797117668,53.23185382600968,51.27639797117668,9459.0,831538192.0,8.31
2021-06-09,50.84185222565823,53.12321738963007,53.12321738963007,49.212305679964054,12573.0,1035428661.0,8.34
2021-06-10,51.167761534797066,51.059125098417454,51.167761534797066,48.88639637082522,13167.0,1158597707.0,8.95
2021-06-11,51.27639797117668,51.60230728031551,51.928216589454344,50.29867004376017,8927.0,792348229.0,8.92
2021-06-15,54.97003680808347,51.60230728031551,55.40458255360192,50.624579352899005,17944.0,1572949454.0,8.91
2021-06-16,54.752763935324246,54.3182181898058,56.599583353777646,54.263899971616,19602.0,1858413744.0,8.68
2021-06-17,55.18730968084269,53.66639957152813,60.075949317925215,53.340490262389295,82774.0,10068597740.0,7.69
2021-06-18,54.3182181898058,55.83912829912036,56.81685622653686,54.3182181898058,49196.0,5729650461.0,7.16
2021-06-21,51.059125098417454,53.12321738963007,54.10094531704657,51.059125098417454,48630.0,4792450327.0,7.02
2021-06-22,56.1650376082592,52.4713987713524,56.1650376082592,52.36276233497279,70117.0,13243589042.0,8.27
2021-06-23,52.4170805531626,57.57731128119415,59.532767136027154,52.36276233497279,95916.0,12466006227.0,7.36
2021-06-24,54.97003680808347,53.44912669876891,56.70821979015726,53.44912669876891,55119.0,6527738096.0,7.53
2021-06-25,55.07867324446308,57.57731128119415,58.22912989947182,54.86140037170386,58885.0,7458336163.0,8.01
2021-06-28,60.51049506344366,55.73049186274075,60.51049506344366,55.51321898998153,108595.0,14979780075.0,9.14
2021-06-29,64.6386796458689,60.83640437258249,66.15958975518346,60.51049506344366,205038.0,30033492252.0,9.27
2021-06-30,66.4854990643223,66.26822619156307,70.28777433760871,65.29049826414658,167193.0,26014009581.0,8.89
2021-07-01,63.87822459121162,68.4409549191553,69.96186502846987,63.33504240931356,119680.0,17947451634.0,9.46
2021-07-02,65.29049826414658,66.05095331880385,68.00640917363687,63.769588154832014,75946.0,11827944435.0,9.1
2021-07-05,66.59413550070191,67.3545905553592,69.52731928295142,65.94231688242425,68819.0,10477257125.0,8.9
2021-07-06,64.74731608224852,67.46322699173881,68.00640917363687,64.74731608224852,47399.0,6501764670.0,8.98
2021-07-07,61.379586554480554,64.09549746397084,65.39913470052619,61.16231368172133,57284.0,6845750931.0,9.1
2021-07-08,63.55231528207278,62.357314481897056,64.96458895500773,59.85867644516599,53226.0,6480775118.0,9.13
2021-07-09,61.379586554480554,61.70549586361938,63.87822459121162,61.379586554480554,30390.0,3586748433.0,8.6
2021-07-12,62.357314481897056,65.18186182776697,65.6164075732854,61.70549586361938,36363.0,4987783139.0,8.52
2021-07-13,57.1427655356757,62.90049666379512,63.226405972933954,56.925492662916476,48041.0,5430429893.0,8.47
2021-07-14,55.07867324446308,56.70821979015726,57.57731128119415,53.55776313514852,34751.0,4101197966.0,8.92
2021-07-15,59.09822139050871,56.38231048101842,59.09822139050871,55.83912829912036,33394.0,3794496755.0,8.71
2021-07-16,57.57731128119415,57.46867484481454,58.88094851774949,57.03412909929609,20013.0,2393302025.0,8.28
2021-07-19,57.68594771757376,56.599583353777646,59.96731288154561,56.599583353777646,27313.0,3301497848.0,8.17
2021-07-20,55.94776473549997,57.1427655356757,58.772312081369876,54.97003680808347,22358.0,2412064856.0,8.15
2021-07-21,53.55776313514852,57.25140197205532,57.90322059033298,53.23185382600968,23526.0,2632587702.0,8.22
2021-07-22,52.36276233497279,54.752763935324246,54.86140037170386,52.14548946221357,22101.0,2372741366.0,8.28
2021-07-23,54.752763935324246,53.55776313514852,55.07867324446308,52.63435342592182,16801.0,1880702169.0,8.96
2021-07-26,52.74298986230143,55.40458255360192,55.51321898998153,52.68867164411163,18218.0,1813178240.0,8.02
2021-07-27,50.51594291651939,53.23185382600968,53.72071778971794,50.51594291651939,20063.0,2150126924.0,8.38
2021-07-28,50.95048866203784,51.167761534797066,52.4713987713524,49.10366924358445,20000.0,2158604835.0,8.41
2021-07-29,53.12321738963007,51.71094371669513,53.177535607819884,50.51594291651939,13956.0,1505217727.0,8.53
2021-07-30,53.12321738963007,53.72071778971794,54.97003680808347,52.52571698954221,21659.0,2220565914.0,8.11
2021-08-02,53.50344491695871,53.775036007907744,54.10094531704657,52.4170805531626,11918.0,1258358648.0,8.24
2021-08-03,52.96026273506065,53.3948084805791,53.66639957152813,52.36276233497279,6625.0,650358023.0,8.07
2021-08-04,52.79730808049124,53.883672444287356,54.046627098856774,52.79730808049124,10367.0,1206935291.0,8.01
2021-08-05,51.222079752986865,53.01458095325046,53.06889917144027,50.40730648013978,13751.0,1251239782.0,8.02
2021-08-06,51.059125098417454,50.84185222565823,52.036853025833956,50.13571538919075,9530.0,1053144133.0,8.1
2021-08-09,53.06889917144027,51.928216589454344,54.752763935324246,51.87389837126454,28077.0,3192318512.0,8.37
2021-08-10,51.38503440755628,52.90594451687085,53.06889917144027,51.167761534797066,15177.0,1536083165.0,7.94
2021-08-11,51.059125098417454,52.36276233497279,53.44912669876891,50.29867004376017,19609.0,2231753864.0,7.63
2021-08-12,53.55776313514852,51.38503440755628,53.55776313514852,51.059125098417454,17137.0,1928172545.0,8.24
2021-08-13,51.928216589454344,53.23185382600968,53.44912669876891,51.928216589454344,12888.0,1322103032.0,7.86
2021-08-16,51.928216589454344,52.4713987713524,53.12321738963007,51.11344331660725,11518.0,1353312013.0,7.52
2021-08-17,48.12594131616794,52.36276233497279,52.63435342592182,48.07162309797813,15145.0,1355070646.0,7.45
2021-08-18,49.320942116343666,47.03957695237182,49.6468514254825,45.301393970298044,22867.0,2228630168.0,7.52
2021-08-19,46.44207655228396,48.723441716255806,49.212305679964054,46.38775833409416,12036.0,1092813256.0,7.35
2021-08-20,47.14821338875144,46.605031206853376,47.69139557064949,46.061849024955315,11739.0,1203144233.0,7.48
2021-08-23,47.908668443408715,47.52844091608007,49.212305679964054,47.41980447970046,8995.0,871070435.0,7.47
2021-08-24,47.8000320070291,48.56048706168639,48.66912349806599,46.71366764323299,8390.0,835336562.0,7.71
2021-08-25,47.908668443408715,48.23457775254755,48.451850625306776,47.25684982513105,5706.0,600705031.0,7.58
2021-08-26,50.315039917735184,48.510261311990334,52.6667211312815,48.29150026886975,29733.0,3820411048.0,7.39
2021-08-27,50.150969135394746,50.04158861383445,50.971323047096945,49.49468600603298,10564.0,1153706022.0,7.43
2021-08-30,50.75256200397636,51.02601330787709,51.29946461177783,50.20565939617489,8228.0,839108007.0,7.48
2021-08-31,51.24477435099768,50.861942525536655,51.84636721957929,50.260349656955036,11964.0,1289413913.0,7.49
2021-09-01,50.369730178515326,51.19008409021753,51.79167695879915,50.315039917735184,9738.0,926739568.0,7.26
2021-09-02,48.56495157277048,50.20565939617489,50.53380096085577,48.346190529649895,11343.0,1028332985.0,7.29
2021-09-03,48.18211974730945,49.22123470213224,49.87751783149401,48.18211974730945,7887.0,781564861.0,7.3
2021-09-06,48.61964183355063,48.78371261589107,49.49468600603298,47.744597661068276,9533.0,941870666.0,7.37
2021-09-07,48.346190529649895,48.94778339823151,49.604066527593275,47.47114635716754,9967.0,944838195.0,7.28
2021-09-08,47.799287921848425,48.510261311990334,49.38530548447268,47.68990740028813,8173.0,758508224.0,7.26
2021-09-09,49.1665444413521,47.799287921848425,49.1665444413521,47.361765835607244,6668.0,688837044.0,7.57
2021-09-10,50.69787174319621,49.768137309933714,51.79167695879915,49.38530548447268,22246.0,2313646722.0,7.45
2021-09-13,51.29946461177783,50.42442043929548,51.90105748035945,50.42442043929548,17910.0,1831292029.0,7.53
2021-09-14,49.768137309933714,51.13539382943738,51.518225654898416,49.33061522369254,12302.0,1338937025.0,7.28
2021-09-15,49.275924962912384,49.38530548447268,49.54937626681312,48.455571051210185,6097.0,586942512.0,7.38
2021-09-16,48.29150026886975,49.768137309933714,49.98689835305431,48.18211974730945,7189.0,624545457.0,7.23
2021-09-17,48.61964183355063,47.96335870418886,48.61964183355063,47.47114635716754,6770.0,663913084.0,7.2
2021-09-22,44.84601383972049,45.72105801220284,46.70548270624549,44.84601383972049,16853.0,1364802033.0,7.01
2021-09-23,45.11946514362123,45.447606708302104,45.83043853376313,43.58813784177711,14953.0,1289194528.0,7.42
2021-09-24,45.66636775142269,45.77574827298299,45.77574827298299,45.17415540440137,5917.0,522030927.0,7.52
2021-09-27,46.32265088078446,45.994509316103574,46.86955348858593,45.66636775142269,5861.0,535384644.0,7.54
2021-09-28,45.338226186741814,45.994509316103574,46.2679606200043,45.22884566518152,3969.0,354069809.0,7.49
2021-09-29,44.13504044957858,43.86158914567785,45.392916447521955,43.86158914567785,6237.0,548887293.0,7.59
2021-09-30,45.72105801220284,44.46318201425946,45.72105801220284,44.29911123191902,5548.0,518068871.0,7.31
2021-10-01,42.82247419085505,44.95539436128078,45.06477488284108,42.65840340851461,9953.0,820231386.0,7.0
2021-10-04,40.58017349886903,43.04123523397564,43.478757320216815,40.58017349886903,11843.0,1043513015.0,7.7
2021-10-05,42.65840340851461,40.47079297730873,42.65840340851461,40.0879611518477,10559.0,954880291.0,8.2
2021-10-06,41.619288453691816,43.25999627709623,43.314686537876376,41.564598192911674,7375.0,650782248.0,7.74
2021-10-07,41.89273975759255,41.2364566282308,42.220881322273435,40.47079297730873,10398.0,995423149.0,7.89
2021-10-08,40.47079297730873,42.111500800713145,42.54902288695432,40.0879611518477,10144.0,846607394.0,7.65
2021-10-12,39.48636828326609,40.197341673408,41.34583714979108,39.48636828326609,7582.0,656218595.0,7.73
2021-10-13,39.158226718585205,40.03327089106756,40.306722194968295,38.501943589223444,7309.0,563220700.0,8.11
2021-10-14,39.759819587166824,39.759819587166824,40.03327089106756,38.88477541468447,6582.0,508021007.0,8.31
2021-10-15,39.705129326386675,40.47079297730873,40.58017349886903,39.595748804826385,5716.0,442506508.0,8.14
2021-10-18,39.81450984794697,39.97858063028741,40.525483238088874,38.72070463234403,7280.0,642438009.0,8.03
2021-10-19,40.03327089106756,39.92389036950726,40.361412455748436,39.54105854404624,3870.0,299676622.0,8.18
2021-10-20,39.43167802248594,40.361412455748436,40.68955402042933,39.37698776170579,5680.0,482214832.0,7.96
2021-10-21,40.361412455748436,39.48636828326609,40.68955402042933,39.37698776170579,6719.0,592545812.0,8.37
2021-10-22,36.86123576581904,40.142651412627856,40.142651412627856,36.697164983478594,20124.0,1477421378.0,7.4
2021-10-25,38.337872806883,36.42371367957786,38.501943589223444,36.42371367957786,9960.0,764235490.0,8.42
2021-10-26,38.93946567546462,38.66601437156389,39.10353645780506,37.79097019908153,5823.0,496402370.0,8.6
2021-10-27,38.611324110783734,38.66601437156389,39.048846197024915,38.28318254610286,4413.0,298140234.0,8.48
2021-10-28,38.11911176376242,38.337872806883,38.72070463234403,37.46282863440065,6069.0,425218379.0,8.47
2021-10-29,38.392563067663154,38.17380202454256,38.66601437156389,37.57220915596095,5532.0,408534390.0,8.52
2021-11-01,38.501943589223444,38.88477541468447,39.32229750092565,37.900350720641825,7120.0,560731331.0,8.36
2021-11-02,38.447253328443296,38.55663385000359,39.705129326386675,38.28318254610286,7606.0,588213691.0,8.51
2021-11-03,39.048846197024915,38.501943589223444,39.48636828326609,38.17380202454256,8680.0,724960240.0,8.77
2021-11-04,38.447253328443296,39.54105854404624,39.759819587166824,38.392563067663154,7604.0,607343007.0,8.37
2021-11-05,37.51751889518079,38.337872806883,38.501943589223444,37.40813837362051,7584.0,525980183.0,8.0
2021-11-08,39.65043906560653,38.11911176376242,40.142651412627856,38.06442150298226,24065.0,2069441648.0,7.7
2021-11-09,39.048846197024915,39.37698776170579,39.595748804826385,38.392563067663154,13561.0,1052321529.0,6.97
2021-11-10,38.228492285322716,38.77539489312418,39.048846197024915,38.17380202454256,7217.0,518485466.0,6.65
2021-11-11,39.65043906560653,38.28318254610286,41.509907932131526,37.95504098142198,24915.0,2267984673.0,6.25
2021-11-12,38.88477541468447,39.759819587166824,40.68955402042933,38.501943589223444,12684.0,1052860112.0,5.68
2021-11-15,38.00973124220212,38.994155936244766,39.048846197024915,37.73627993830139,8677.0,627737872.0,5.55
2021-11-16,37.29875785206021,37.79097019908153,38.501943589223444,37.189377330499916,8745.0,601440252.0,5.45
2021-11-17,37.02530654815948,37.189377330499916,37.900350720641825,36.86123576581904,6615.0,465090783.0,5.48
2021-11-18,37.07999680893962,37.134687069719774,37.62689941674109,36.75185524425874,4931.0,339810090.0,5.46
2021-11-19,35.93150133255654,37.07999680893962,37.07999680893962,35.87681107177639,11092.0,668836071.0,5.34
2021-11-22,36.533094201138155,35.822120810996246,36.642474722698445,35.275218203194775,6848.0,506541818.0,5.66
2021-11-23,38.501943589223444,36.697164983478594,39.48636828326609,36.642474722698445,23366.0,2049607696.0,6.15
2021-11-24,40.90831506354991,39.048846197024915,41.9474300183727,39.048846197024915,43032.0,3704844196.0,6.18
2021-11-25,41.72866897525211,41.89273975759255,42.8771644516352,41.017695585110204,31822.0,2860418937.0,5.92
2021-11-26,39.65043906560653,40.853624802769765,41.29114688901094,39.43167802248594,16029.0,1216040014.0,5.81
2021-11-29,38.392563067663154,38.228492285322716,38.88477541468447,37.900350720641825,9512.0,714523121.0,5.63
2021-11-30,38.392563067663154,38.28318254610286,38.72070463234403,37.95504098142198,8849.0,756559126.0,5.08
2021-12-01,38.72070463234403,37.46282863440065,38.72070463234403,37.46282863440065,5797.0,519357032.0,5.22
2021-12-02,39.595748804826385,38.447253328443296,39.92389036950726,38.447253328443296,11439.0,916465520.0,5.79
2021-12-03,39.92389036950726,39.92389036950726,40.361412455748436,39.48636828326609,10202.0,934272349.0,5.82
2021-12-06,40.58017349886903,40.68955402042933,41.2364566282308,40.361412455748436,11719.0,982482176.0,6.39
2021-12-07,42.65840340851461,40.58017349886903,42.8771644516352,40.58017349886903,24292.0,1998879764.0,6.85
2021-12-08,42.82247419085505,43.478757320216815,44.84601383972049,42.65840340851461,33046.0,2803987755.0,5.88
2021-12-09,42.056810539933,42.8771644516352,43.478757320216815,41.89273975759255,12765.0,954528721.0,5.92
2021-12-10,42.111500800713145,42.111500800713145,43.36937679865652,42.00212027915285,11770.0,1010311520.0,6.14
2021-12-13,44.736633318160195,43.20530601631608,44.79132357894034,42.82247419085505,28626.0,2568546603.0,6.58
2021-12-14,43.36937679865652,44.6272527965999,44.736633318160195,43.314686537876376,19654.0,1614512758.0,6.29
2021-12-15,43.69751836333741,43.36937679865652,44.08035018879843,43.20530601631608,8066.0,673954731.0,6.26
2021-12-16,43.09592549475578,43.86158914567785,44.025659928018285,42.8771644516352,10280.0,835700130.0,6.25
2021-12-17,45.61167749064255,43.970969667238144,46.32265088078446,43.75220862411755,41890.0,4201323996.0,6.47
2021-12-20,48.18211974730945,46.54141192390504,48.893093137451366,46.15858009844402,59636.0,5662383685.0,5.8
2021-12-21,48.72902235511092,47.47114635716754,48.78371261589107,46.103889837663864,38401.0,3302177602.0,5.47
2021-12-22,48.01804896496901,48.72902235511092,49.1665444413521,47.799287921848425,19228.0,1931831875.0,4.96
2021-12-23,47.63521713950798,48.455571051210185,48.61964183355063,47.08831453170651,16568.0,1689802256.0,4.77
2021-12-24,46.54141192390504,48.2368100080896,48.455571051210185,46.54141192390504,14561.0,1143995697.0,4.62
2021-12-27,44.84601383972049,46.4867216631249,46.59610218468519,44.68194305738005,21490.0,1611806251.0,4.88
2021-12-28,44.95539436128078,45.22884566518152,45.50229696908225,44.736633318160195,7678.0,635235781.0,4.78
2021-12-29,45.392916447521955,45.11946514362123,45.447606708302104,44.90070410050063,4961.0,382333472.0,4.96
2021-12-30,45.01008462206093,45.5569872298624,45.66636775142269,44.90070410050063,4619.0,351248586.0,4.59
2022-01-03,44.51787227503961,44.95539436128078,45.01008462206093,43.91627940645799,6489.0,501929518.0,4.6
2022-01-04,43.91627940645799,44.40849175347932,44.40849175347932,43.64282810255725,6295.0,478583133.0,4.59
2022-01-05,44.025659928018285,44.13504044957858,45.17415540440137,43.80689888489769,7224.0,605172672.0,4.49
2022-01-06,43.478757320216815,43.970969667238144,44.025659928018285,43.25999627709623,5560.0,447442395.0,4.47
2022-01-07,42.71309366929476,43.478757320216815,44.025659928018285,42.60371314773447,6275.0,470329686.0,4.45
2022-01-10,42.54902288695432,42.43964236539402,43.04123523397564,42.111500800713145,5723.0,491804378.0,4.53
2022-01-11,41.72866897525211,42.54902288695432,42.65840340851461,41.72866897525211,5693.0,457135005.0,4.5
2022-01-12,42.056810539933,41.89273975759255,42.220881322273435,41.509907932131526,4754.0,409775048.0,4.62
2022-01-13,43.75220862411755,42.111500800713145,43.86158914567785,42.00212027915285,14298.0,1148363703.0,4.74
2022-01-14,43.75220862411755,43.80689888489769,43.86158914567785,42.767783930074906,9917.0,777675897.0,4.62
2022-01-17,43.15061575553594,43.42406705943667,43.478757320216815,43.04123523397564,3656.0,273009763.0,4.57
2022-01-18,42.43964236539402,43.15061575553594,43.75220862411755,42.43964236539402,7150.0,344765280.0,4.41
2022-01-19,41.83804949681241,42.111500800713145,42.33026184383373,41.78335923603226,4583.0,282549680.0,4.45
2022-01-20,42.931854712415344,41.78335923603226,42.931854712415344,41.78335923603226,4594.0,370747405.0,4.58
2022-01-21,41.72866897525211,42.43964236539402,43.42406705943667,41.72866897525211,6611.0,502628391.0,4.65
2022-01-24,40.58017349886903,41.45521767135138,41.45521767135138,39.97858063028741,5783.0,405095248.0,4.6
2022-01-25,40.197341673408,40.58017349886903,41.45521767135138,40.197341673408,5923.0,384965341.0,4.54
2022-01-26,40.47079297730873,40.252031934188146,40.68955402042933,40.142651412627856,3666.0,207857046.0,4.53
2022-02-07,43.58813784177711,41.509907932131526,43.64282810255725,41.34583714979108,10584.0,841767453.0,4.87
2022-02-08,43.75220862411755,42.8771644516352,43.970969667238144,42.8771644516352,7815.0,552338011.0,4.98
2022-02-09,44.025659928018285,44.46318201425946,44.736633318160195,43.64282810255725,6895.0,563003451.0,4.93
2022-02-10,44.29911123191902,44.46318201425946,45.01008462206093,43.69751836333741,8634.0,620214792.0,4.88
2022-02-11,44.13504044957858,44.13504044957858,44.79132357894034,44.025659928018285,5418.0,425115126.0,4.81
2022-02-14,43.533447580996956,43.80689888489769,43.91627940645799,42.98654497319549,4684.0,304977758.0,4.98
2022-02-15,42.767783930074906,43.80689888489769,43.91627940645799,42.767783930074906,5054.0,293554167.0,4.84
2022-02-16,43.25999627709623,43.64282810255725,43.75220862411755,43.09592549475578,3735.0,230456654.0,4.9
2022-02-17,43.478757320216815,43.533447580996956,43.75220862411755,42.98654497319549,3636.0,231828587.0,4.8
2022-02-18,43.58813784177711,43.09592549475578,43.64282810255725,43.04123523397564,2951.0,182607200.0,4.77
2022-02-21,46.76017296702563,43.75220862411755,47.197695053266806,43.64282810255725,33833.0,2945407152.0,4.77
2022-02-22,45.06477488284108,47.03362427092637,47.143004792486664,44.90070410050063,20709.0,1536421024.0,4.69
2022-02-23,45.17415540440137,44.90070410050063,45.939819055323426,44.29911123191902,10394.0,783214929.0,4.61
2022-02-24,43.04123523397564,44.29911123191902,44.35380149269916,42.82247419085505,9806.0,666628527.0,4.47
2022-02-25,44.29911123191902,44.79132357894034,44.79132357894034,43.80689888489769,8293.0,656057383.0,4.55
2022-03-01,45.994509316103574,45.83043853376313,47.3070755748271,45.72105801220284,18738.0,1512351839.0,4.58
2022-03-02,46.21327035922416,46.103889837663864,47.197695053266806,45.77574827298299,16687.0,1446378097.0,4.69
2022-03-03,46.2679606200043,47.08831453170651,47.143004792486664,46.103889837663864,8851.0,681523860.0,4.56
2022-03-04,45.939819055323426,45.50229696908225,46.81486322780577,45.50229696908225,7826.0,649390311.0,4.42
2022-03-07,48.01804896496901,46.81486322780577,49.002473659011656,45.83043853376313,43075.0,4127434441.0,4.45
2022-03-08,44.736633318160195,48.2368100080896,49.49468600603298,43.75220862411755,39924.0,3910095496.0,4.44
2022-03-09,45.72105801220284,45.885128794543284,45.939819055323426,44.6272527965999,10768.0,881054901.0,4.36
2022-03-10,46.81486322780577,45.939819055323426,47.03362427092637,45.06477488284108,13454.0,1096203996.0,4.53
2022-03-11,47.68990740028813,46.81486322780577,48.40088079043004,46.76017296702563,25314.0,2308567534.0,4.71
2022-03-14,48.12742948652931,47.68990740028813,48.12742948652931,47.197695053266806,10202.0,956025476.0,4.63
2022-03-15,47.252385314046954,48.346190529649895,48.346190529649895,46.4867216631249,10509.0,1010884382.0,4.53
2022-03-16,47.85397818262857,47.908668443408715,48.455571051210185,47.361765835607244,16379.0,1555138242.0,4.82
2022-03-17,48.346190529649895,48.893093137451366,49.057163919791805,47.96335870418886,8765.0,836054268.0,4.91
2022-03-18,48.07273922574916,48.40088079043004,48.893093137451366,47.908668443408715,9279.0,791661292.0,4.88
2022-03-21,51.62760617645871,50.315039917735184,52.283889305820466,50.09627887461459,39513.0,4163306756.0,5.31
2022-03-22,51.84636721957929,52.50265034894106,53.37769452142341,51.736986698019,39319.0,4039746308.0,5.38
2022-03-23,53.04955295674253,52.39326982738076,53.04955295674253,51.19008409021753,22518.0,2097667654.0,5.65
2022-03-24,52.44796008816092,53.04955295674253,53.76052634688444,52.17450878426018,24260.0,2498952525.0,4.92
2022-03-25,53.04955295674253,52.940172435182234,53.04955295674253,52.17450878426018,12827.0,1296881832.0,5.16
2022-03-28,51.736986698019,52.44796008816092,52.776101652841795,51.13539382943738,15743.0,1348671991.0,4.98
2022-03-29,50.315039917735184,51.79167695879915,52.01043800191974,50.260349656955036,16406.0,1268517600.0,4.93
2022-03-30,51.29946461177783,49.71344704915357,51.29946461177783,48.893093137451366,21810.0,1929754659.0,5.05
2022-03-31,50.47911070007562,51.13539382943738,51.518225654898416,50.369730178515326,7224.0,617657350.0,4.93
2022-04-01,50.9166327863168,50.150969135394746,51.08070356865724,49.93220809227415,4786.0,484767293.0,4.94
2022-04-06,51.35415487255798,50.9166327863168,51.40884513333812,50.47911070007562,5658.0,544980250.0,4.85
2022-04-07,50.04158861383445,51.57291591567856,52.39326982738076,50.04158861383445,11929.0,1068881354.0,4.76
2022-04-08,51.95574774113959,50.861942525536655,51.95574774113959,50.315039917735184,8209.0,828872280.0,5.09
2022-04-11,51.02601330787709,51.95574774113959,52.283889305820466,50.75256200397636,10875.0,957223527.0,4.96
2022-04-12,51.08070356865724,50.971323047096945,51.19008409021753,50.09627887461459,7127.0,679549205.0,4.94
2022-04-13,51.518225654898416,51.29946461177783,51.95574774113959,51.02601330787709,7688.0,693827051.0,5.05
2022-04-14,51.19008409021753,51.84636721957929,51.95574774113959,51.08070356865724,6691.0,565014700.0,4.98
2022-04-15,51.19008409021753,51.19008409021753,51.95574774113959,51.13539382943738,6982.0,647216989.0,4.98
2022-04-18,48.94778339823151,51.19008409021753,51.29946461177783,48.94778339823151,11555.0,941971990.0,4.91
2022-04-19,48.67433209433077,49.275924962912384,49.54937626681312,48.67433209433077,6277.0,479582430.0,5.0
2022-04-20,47.68990740028813,49.275924962912384,49.33061522369254,47.361765835607244,7804.0,588968754.0,5.02
2022-04-21,47.143004792486664,47.908668443408715,48.29150026886975,47.03362427092637,5167.0,417232073.0,4.98
2022-04-22,47.96335870418886,47.47114635716754,48.67433209433077,47.361765835607244,7628.0,601867743.0,4.86
2022-04-25,44.736633318160195,46.76017296702563,46.76017296702563,44.736633318160195,10866.0,788850128.0,4.71
2022-04-26,43.09592549475578,44.736633318160195,44.90070410050063,43.04123523397564,11048.0,924158924.0,4.93
2022-04-27,41.78335923603226,40.68955402042933,42.49433262617417,40.68955402042933,8179.0,707708209.0,5.14
2022-04-28,41.619288453691816,42.056810539933,42.220881322273435,41.400527410571236,5266.0,425104961.0,4.92
2022-04-29,41.72866897525211,42.220881322273435,42.220881322273435,41.509907932131526,3598.0,271072140.0,4.71
2022-05-03,41.400527410571236,41.72866897525211,41.72866897525211,40.74424428120947,3914.0,279828147.0,4.69
2022-05-04,41.509907932131526,41.67397871447197,41.72866897525211,41.34583714979108,2657.0,204670061.0,4.63
2022-05-05,41.9474300183727,42.166191061493286,42.33026184383373,41.72866897525211,3146.0,241819770.0,4.6
2022-05-06,37.84566045986168,38.93946567546462,39.10353645780506,37.79097019908153,25286.0,1655091788.0,4.51
2022-05-09,36.80654550503889,37.02530654815948,37.62689941674109,36.587784461918304,6796.0,500676110.0,4.73
2022-05-10,37.73627993830139,36.75185524425874,37.95504098142198,36.42371367957786,8671.0,577812876.0,4.77
2022-05-11,36.80654550503889,37.46282863440065,37.46282863440065,36.642474722698445,6827.0,365973051.0,4.74
2022-05-12,35.38459872475507,36.31433315801757,36.75185524425874,35.38459872475507,8863.0,598852413.0,5.07
2022-05-13,35.822120810996246,35.7674305502161,36.04088185411683,35.439288985535214,3923.0,214787891.0,5.09
2022-05-16,35.986191593336684,36.09557211489698,36.36902341879772,35.65805002865581,3126.0,194680709.0,5.08
2022-05-17,36.04088185411683,36.04088185411683,36.31433315801757,35.65805002865581,4708.0,275791170.0,5.02
2022-05-18,36.587784461918304,36.20495263645727,36.97061628737933,36.04088185411683,4792.0,337387299.0,5.03
2022-05-19,34.89238637773374,35.49397924631536,35.7674305502161,34.45486429149257,8957.0,570496290.0,4.93
2022-05-20,36.20495263645727,35.00176689929404,36.587784461918304,35.00176689929404,8204.0,584311689.0,5.68
2022-05-23,36.09557211489698,36.587784461918304,36.75185524425874,35.986191593336684,5194.0,349470881.0,5.71
2022-05-24,35.986191593336684,36.533094201138155,36.80654550503889,35.7674305502161,4339.0,292616673.0,5.54
2022-05-25,35.71274028943595,36.04088185411683,36.09557211489698,35.439288985535214,5309.0,335259562.0,5.67
2022-05-26,35.87681107177639,35.822120810996246,36.20495263645727,35.71274028943595,3104.0,234265626.0,5.7
2022-05-27,36.09557211489698,36.09557211489698,36.31433315801757,35.822120810996246,2878.0,233427971.0,5.89
2022-05-30,36.533094201138155,36.587784461918304,36.86123576581904,36.42371367957786,3096.0,204068750.0,6.01
2022-05-31,35.7674305502161,36.587784461918304,36.587784461918304,35.71274028943595,6256.0,414074406.0,5.95
2022-06-01,36.25964289723742,35.93150133255654,36.47840394035801,35.822120810996246,3377.0,252604630.0,6.08
2022-06-02,35.71274028943595,36.25964289723742,36.25964289723742,35.60335976787565,4085.0,264131368.0,5.85
2022-06-06,36.642474722698445,35.87681107177639,36.697164983478594,35.71274028943595,5087.0,360154337.0,6.07
2022-06-07,36.42371367957786,36.42371367957786,36.47840394035801,36.09557211489698,4710.0,278135953.0,6.08
2022-06-08,36.25964289723742,36.642474722698445,36.75185524425874,36.09557211489698,4368.0,260940430.0,6.05
2022-06-09,35.93150133255654,36.09557211489698,36.09557211489698,35.822120810996246,3858.0,216596317.0,6.06
2022-06-10,35.60335976787565,35.60335976787565,35.60335976787565,35.11114742085434,4216.0,261147765.0,6.06
2022-06-13,34.07203246603154,35.00176689929404,35.00176689929404,34.07203246603154,8229.0,455188277.0,5.8
2022-06-14,33.9079616836911,33.52512985823007,34.017342205251396,33.03291751120875,4799.0,320419722.0,5.93
2022-06-15,33.79858116213081,33.85327142291095,34.45486429149257,33.68920064057051,3783.0,195960103.0,5.86
2022-06-16,32.814156468088164,34.23610324837198,34.29079350915213,32.814156468088164,4887.0,268371965.0,5.88
2022-06-17,32.59539542496758,32.1578733387264,32.814156468088164,32.04849281716611,4462.0,341686293.0,6.09
2022-06-20,30.681236297662434,32.70477594652787,32.759466207308016,30.626546036882285,7765.0,470654322.0,6.19
2022-06-21,31.06406812312346,30.735926558442582,31.392209687804343,30.462475254541847,6908.0,452060525.0,6.36
2022-06-22,29.97026290752052,30.681236297662434,30.89999734078302,29.64212134283964,6856.0,398569872.0,6.44
2022-06-23,29.64212134283964,29.806192125180083,30.407784993761698,29.204599256598463,5282.0,354353024.0,6.4
2022-06-24,30.079643429080814,29.860882385960227,30.517165515321988,29.751501864399934,5208.0,319589172.0,6.43
2022-06-27,31.173448644683756,30.571855776102137,31.446899948584488,30.2984044722014,4636.0,274800274.0,6.62
2022-06-28,30.571855776102137,30.735926558442582,30.790616819222723,30.18902395064111,3801.0,202922784.0,6.56
2022-06-29,30.2984044722014,30.18902395064111,30.517165515321988,30.079643429080814,2238.0,114934242.0,6.5
2022-06-30,29.36867003893891,30.18902395064111,30.243714211421256,29.259289517378612,3360.0,208986450.0,6.46
2022-07-01,29.095218735038173,29.204599256598463,30.02495316830067,28.76707717035729,4629.0,320333354.0,6.44
2022-07-04,27.345130390073468,28.274864823335967,28.329555084116112,26.907608303832294,8003.0,461810051.0,6.37
2022-07-05,28.438935605676406,27.454510911633765,28.548316127236703,27.454510911633765,5176.0,332739950.0,6.83
2022-07-06,27.89203299787494,28.22017456255582,28.548316127236703,27.83734273709479,3640.0,194682908.0,6.95
2022-07-07,28.438935605676406,27.89203299787494,28.71238690957714,27.345130390073468,3199.0,204508492.0,7.04
2022-07-08,29.204599256598463,29.31397977815876,29.696811603619786,28.876457691917583,3928.0,246282087.0,6.58
2022-07-11,29.532740821279347,28.985838213477876,29.64212134283964,28.931147952697728,2428.0,164749153.0,6.55
2022-07-12,29.259289517378612,29.204599256598463,29.42336029971905,28.821767431137438,2559.0,176191355.0,6.51
2022-07-13,29.095218735038173,29.860882385960227,29.915572646740376,29.095218735038173,3516.0,195112731.0,6.39
2022-07-14,29.31397977815876,29.204599256598463,29.36867003893891,28.548316127236703,2755.0,147713576.0,6.24
2022-07-15,29.36867003893891,29.149908995818315,29.42336029971905,29.040528474258025,2171.0,146393897.0,6.06
2022-07-18,31.06406812312346,29.532740821279347,31.06406812312346,29.4780505604992,5231.0,378959760.0,5.96
2022-07-19,31.446899948584488,30.845307080002872,31.720351252485223,30.462475254541847,8823.0,491025445.0,5.7
2022-07-20,32.1578733387264,31.88442203482566,32.267253860286694,31.556280470144785,6722.0,452371995.0,5.53
2022-07-21,30.735926558442582,31.720351252485223,31.720351252485223,30.681236297662434,9678.0,533851026.0,5.06
2022-07-22,30.845307080002872,31.06406812312346,31.28282916624405,30.517165515321988,6380.0,446365645.0,4.78
2022-07-25,31.392209687804343,30.626546036882285,31.556280470144785,30.571855776102137,7410.0,573585243.0,4.91
2022-07-26,30.361963423918876,31.392209687804343,31.452812409209372,30.301360702513847,7931.0,497799463.0,4.75
2022-07-27,29.816538931273627,30.301360702513847,30.301360702513847,29.331717160033403,5429.0,275553917.0,4.53
2022-07-28,30.18015525970379,29.937744374083678,30.483168866728928,29.877141652678652,3856.0,229367741.0,4.92
2022-07-29,30.483168866728928,30.422566145323902,30.664977030944012,30.240757981108818,2904.0,201224069.0,5.33
2022-08-01,32.846675001525014,30.604374309538986,33.02848316574009,30.301360702513847,13866.0,842501238.0,5.78
2022-08-02,32.6042641159049,31.937634180449596,33.57390765838534,31.634620573424456,13476.0,800915167.0,5.49
2022-08-03,32.36185323028479,32.30125050887976,32.54366139449987,31.816428737639537,4163.0,223990913.0,5.48
2022-08-04,31.5134151306144,32.240647787474735,32.240647787474735,30.786182473754067,5433.0,312477816.0,5.52
2022-08-05,31.57401785201943,31.634620573424456,32.36185323028479,31.392209687804343,4313.0,297954982.0,5.56
2022-08-08,30.907387916564122,31.5134151306144,31.57401785201943,30.907387916564122,3113.0,223190261.0,5.54
2022-08-09,30.907387916564122,31.089196080779203,31.33160696639932,30.664977030944012,2491.0,175171973.0,5.54
2022-08-10,30.543771588133957,30.786182473754067,31.33160696639932,30.543771588133957,4152.0,271582949.0,5.64
2022-08-11,30.543771588133957,30.664977030944012,31.089196080779203,30.543771588133957,3554.0,265682642.0,5.57
2022-08-12,31.5134151306144,30.907387916564122,31.99823690185462,30.786182473754067,10688.0,783410891.0,5.62
2022-08-15,33.452702215575286,31.816428737639537,33.937523986815506,31.75582601623451,13225.0,902909165.0,5.9
2022-08-16,32.967880444335066,33.452702215575286,33.75571582260043,32.725469558714956,8036.0,483126907.0,5.69
2022-08-17,33.2708940513602,32.90727772293003,34.058729429625565,32.78607228011998,6774.0,412027351.0,5.61
2022-08-18,33.57390765838534,33.2708940513602,34.17993487243562,33.089085887145124,7393.0,485683505.0,5.76
2022-08-19,33.39209949417026,33.937523986815506,33.937523986815506,33.210291329955176,4223.0,294578432.0,5.62
2022-08-22,32.483058673094845,33.02848316574009,33.089085887145124,32.36185323028479,4271.0,247912697.0,5.5
2022-08-23,32.1800450660697,31.877031459044566,32.42245595168981,31.816428737639537,2820.0,164182082.0,5.46
2022-08-24,32.483058673094845,32.42245595168981,33.02848316574009,32.240647787474735,3176.0,201905778.0,5.42
2022-08-25,32.6042641159049,32.66486683730992,32.90727772293003,32.30125050887976,2477.0,151163325.0,5.44
2022-08-26,32.78607228011998,32.90727772293003,33.210291329955176,32.54366139449987,2965.0,205009016.0,5.34
2022-08-29,31.816428737639537,31.634620573424456,31.99823690185462,31.5134151306144,2971.0,184121318.0,5.31
2022-08-30,31.877031459044566,31.816428737639537,32.1800450660697,31.695223294829482,2571.0,112202259.0,5.27
2022-08-31,31.452812409209372,31.634620573424456,31.634620573424456,30.96799063796915,5013.0,289143043.0,5.16
2022-09-01,30.543771588133957,31.149798802184232,31.149798802184232,30.422566145323902,5309.0,284074341.0,5.05
2022-09-02,30.483168866728928,30.543771588133957,31.149798802184232,30.422566145323902,3113.0,209595637.0,5.0
2022-09-05,29.816538931273627,30.301360702513847,30.422566145323902,29.574128045653513,4790.0,232096215.0,4.99
2022-09-06,29.028703553008263,29.816538931273627,30.240757981108818,28.907498110198212,6812.0,377932232.0,4.72
2022-09-07,28.968100831603234,28.968100831603234,30.119552538298766,28.968100831603234,6318.0,358138233.0,4.72
2022-09-08,29.331717160033403,29.45292260284346,29.574128045653513,29.028703553008263,3421.0,212171551.0,4.67
2022-09-12,29.816538931273627,29.695333488463568,30.301360702513847,29.513525324248487,4137.0,256276342.0,4.9
2022-09-13,29.755936209868597,30.119552538298766,30.119552538298766,29.574128045653513,2707.0,134016872.0,4.88
2022-09-14,29.028703553008263,29.089306274413293,29.149908995818322,28.786292667388153,3416.0,170082660.0,4.64
2022-09-15,29.634730767058542,29.089306274413293,29.816538931273627,29.028703553008263,3047.0,219175386.0,4.84
2022-09-16,29.634730767058542,29.45292260284346,29.634730767058542,29.149908995818322,3133.0,223382059.0,5.09
2022-09-19,29.634730767058542,30.240757981108818,30.543771588133957,29.574128045653513,6908.0,429748897.0,5.2
2022-09-20,29.331717160033403,29.755936209868597,29.816538931273627,28.846895388793182,5558.0,396864229.0,5.28
2022-09-21,28.11966273193285,29.028703553008263,29.089306274413293,27.937854567717768,9498.0,529592906.0,5.43
2022-09-22,27.33182735366749,27.5742382392876,27.756046403502683,27.150019189452404,5078.0,341525235.0,5.77
2022-09-23,27.87725184631274,27.634840960692628,28.240868174742907,27.5742382392876,4207.0,235650407.0,5.97
2022-09-26,26.24097836837699,27.634840960692628,27.634840960692628,26.180375646971964,5467.0,285143809.0,5.8
2022-09-27,25.93796476135185,26.422786532592074,26.604594696807155,25.69555387573174,2643.0,137494682.0,5.76
2022-09-28,24.847115776061354,25.8167593185418,26.422786532592074,24.725910333251296,4252.0,218744029.0,5.73
2022-09-29,25.45314299011163,25.45314299011163,25.93796476135185,24.847115776061354,3806.0,185072313.0,5.91
2022-09-30,25.634951154326714,25.150129383086494,25.69555387573174,24.544102169036215,2484.0,111160369.0,5.93
2022-10-03,25.8167593185418,25.150129383086494,25.99856748275688,24.907718497466384,2663.0,114567161.0,6.01
2022-10-04,26.847005582427265,26.483389253997103,27.028813746642353,26.24097836837699,3348.0,182575528.0,5.99
2022-10-05,27.392430075072518,27.453032796477544,27.87725184631274,27.210621910857434,4394.0,237249278.0,6.09
2022-10-06,27.271224632262463,27.392430075072518,27.392430075072518,26.907608303832294,2564.0,127184095.0,6.08
2022-10-07,27.33182735366749,27.210621910857434,27.5742382392876,27.150019189452404,1790.0,92486656.0,6.12
2022-10-11,27.028813746642353,27.089416468047382,27.513635517882573,26.30158108978202,3240.0,166519837.0,6.23
2022-10-12,26.907608303832294,27.028813746642353,27.210621910857434,26.54399197540213,1943.0,103440504.0,6.05
2022-10-13,25.634951154326714,26.968211025237323,27.271224632262463,25.45314299011163,3781.0,163883380.0,6.03
2022-10-14,25.634951154326714,26.422786532592074,26.604594696807155,25.634951154326714,3385.0,172937691.0,5.92
2022-10-17,25.634951154326714,25.21073210449152,25.8167593185418,24.786513054656325,3832.0,190580203.0,6.13
2022-10-18,25.75615659713677,26.05917020416191,26.30158108978202,25.634951154326714,3341.0,149393540.0,6.26
2022-10-19,26.54399197540213,25.69555387573174,26.665197418212184,25.69555387573174,6393.0,271029749.0,6.3
2022-10-20,27.210621910857434,26.54399197540213,27.210621910857434,25.331937547301575,4880.0,331544441.0,6.22
2022-10-21,26.05917020416191,26.362183811187048,26.847005582427265,26.05917020416191,3231.0,134288329.0,6.1
2022-10-24,25.8167593185418,26.54399197540213,26.665197418212184,25.8167593185418,2287.0,96617599.0,6.04
2022-10-25,25.21073210449152,25.634951154326714,25.75615659713677,25.089526661681465,2979.0,138254598.0,5.98
2022-10-26,24.786513054656325,25.392540268706604,25.392540268706604,24.725910333251296,2599.0,117398967.0,5.88
2022-10-27,24.847115776061354,25.028923940276435,25.150129383086494,24.544102169036215,2482.0,101545388.0,5.72
2022-10-28,24.11988311920102,24.725910333251296,24.725910333251296,24.059280397795995,3523.0,137530427.0,5.72
2022-10-31,23.87747223358091,24.362294004821134,24.483499447631186,23.75626679077086,2413.0,91449186.0,5.58
2022-11-01,24.24108856201108,23.93807495498594,24.362294004821134,23.45325318374572,2135.0,91265571.0,5.58
2022-11-02,24.786513054656325,24.301691283416105,24.847115776061354,24.11988311920102,2946.0,129743651.0,5.72
2022-11-03,24.907718497466384,24.544102169036215,25.089526661681465,24.42289672622616,1861.0,89953198.0,5.76
2022-11-04,24.11988311920102,24.362294004821134,24.362294004821134,23.93807495498594,4032.0,154548771.0,5.52
2022-11-07,24.725910333251296,24.24108856201108,25.089526661681465,24.24108856201108,3534.0,161867382.0,5.77
2022-11-08,24.968321218871413,24.786513054656325,25.57434843292169,24.786513054656325,2603.0,123891945.0,5.82
2022-11-09,25.150129383086494,25.27133482589655,25.331937547301575,24.907718497466384,2261.0,111710338.0,5.87
2022-11-10,24.665307611846274,25.089526661681465,25.089526661681465,24.604704890441244,1625.0,69606038.0,5.78
2022-11-11,24.786513054656325,25.331937547301575,25.392540268706604,24.786513054656325,2113.0,85551077.0,5.79
2022-11-14,27.210621910857434,25.089526661681465,27.210621910857434,25.089526661681465,12772.0,852850487.0,5.9
2022-11-15,29.21051171722335,27.998457289122797,29.695333488463568,27.271224632262463,23821.0,1347998567.0,5.65
2022-11-16,29.634730767058542,29.816538931273627,30.301360702513847,28.543881781768043,16377.0,857594182.0,5.38
2022-11-17,29.331717160033403,29.149908995818322,29.513525324248487,28.786292667388153,5796.0,303712513.0,5.45
2022-11-18,28.968100831603234,29.574128045653513,30.058949816893737,28.725689945983124,5865.0,321852839.0,5.26
2022-11-21,28.907498110198212,29.089306274413293,29.21051171722335,28.604484503173072,2951.0,145674979.0,5.21
2022-11-22,28.301470896147933,28.786292667388153,29.331717160033403,28.240868174742907,4232.0,204290146.0,5.15
2022-11-23,27.5742382392876,28.665087224578098,28.907498110198212,27.5742382392876,6108.0,284373061.0,5.03
2022-11-24,27.634840960692628,27.634840960692628,27.937854567717768,27.33182735366749,4188.0,186679703.0,5.1
2022-11-25,27.634840960692628,27.81664912490771,28.604484503173072,27.513635517882573,4628.0,237191207.0,5.16
2022-11-28,27.392430075072518,27.5742382392876,27.634840960692628,27.150019189452404,2028.0,94065164.0,5.12
2022-11-29,28.907498110198212,27.33182735366749,29.028703553008263,27.33182735366749,6099.0,471592980.0,5.16
2022-11-30,28.846895388793182,29.089306274413293,29.089306274413293,28.543881781768043,3953.0,181548779.0,5.12
2022-12-01,29.028703553008263,29.21051171722335,29.634730767058542,28.846895388793182,6048.0,327601218.0,5.08
2022-12-02,28.604484503173072,28.846895388793182,29.149908995818322,28.36207361755296,4465.0,252021971.0,4.86
2022-12-05,29.937744374083678,28.665087224578098,30.058949816893737,28.422676338957988,9223.0,554201688.0,5.38
2022-12-06,29.271114438628373,29.877141652678652,29.937744374083678,29.21051171722335,4828.0,248397455.0,5.36
2022-12-07,28.907498110198212,29.392319881438432,29.574128045653513,28.786292667388153,4332.0,240754232.0,5.05
2022-12-08,28.786292667388153,28.968100831603234,29.331717160033403,28.725689945983124,1944.0,116819993.0,4.92
2022-12-09,28.846895388793182,28.907498110198212,29.028703553008263,28.665087224578098,2463.0,119101456.0,4.82
2022-12-12,29.089306274413293,28.968100831603234,29.45292260284346,28.11966273193285,3687.0,182746827.0,4.99
2022-12-13,31.99823690185462,29.574128045653513,31.99823690185462,29.392319881438432,14756.0,1096283212.0,5.07
2022-12-14,31.392209687804343,32.1800450660697,33.210291329955176,31.149798802184232,33572.0,2399330412.0,5.02
2022-12-15,33.452702215575286,32.6042641159049,33.937523986815506,32.11944234466468,33158.0,2219107737.0,5.19
2022-12-16,33.331496772765234,32.967880444335066,34.058729429625565,32.78607228011998,25643.0,1893389854.0,6.29
2022-12-19,31.5134151306144,33.39209949417026,33.63451037979037,31.5134151306144,16168.0,1341426512.0,7.38
2022-12-20,29.937744374083678,31.99823690185462,32.42245595168981,29.937744374083678,19895.0,1321461934.0,8.39
2022-12-21,32.846675001525014,31.5134151306144,32.90727772293003,31.149798802184232,29232.0,2433091695.0,8.85
2022-12-22,33.089085887145124,32.66486683730992,33.39209949417026,32.30125050887976,26894.0,2220274098.0,10.25
2022-12-23,33.452702215575286,32.846675001525014,34.301140315245675,32.6042641159049,22008.0,1484018505.0,9.92
2022-12-26,32.846675001525014,33.63451037979037,34.058729429625565,32.78607228011998,10329.0,688944799.0,9.75
2022-12-27,32.36185323028479,32.846675001525014,33.14968860855015,32.05883962325965,7983.0,505125755.0,9.43
2022-12-28,32.483058673094845,32.725469558714956,33.14968860855015,32.36185323028479,8076.0,488389445.0,9.36
2022-12-29,32.240647787474735,32.42245595168981,32.42245595168981,31.57401785201943,5386.0,296509381.0,9.37
2022-12-30,32.42245595168981,32.725469558714956,33.210291329955176,32.30125050887976,5738.0,324296057.0,9.23
2023-01-03,32.846675001525014,32.483058673094845,33.089085887145124,32.36185323028479,4681.0,273534153.0,9.26
2023-01-04,32.30125050887976,33.089085887145124,33.14968860855015,32.11944234466468,5728.0,340887741.0,8.99
2023-01-05,32.11944234466468,32.483058673094845,32.846675001525014,32.11944234466468,3351.0,192256740.0,9.07
2023-01-06,32.846675001525014,32.42245595168981,32.846675001525014,32.1800450660697,2918.0,159936733.0,9.16
2023-01-09,33.14968860855015,32.90727772293003,33.937523986815506,32.42245595168981,8979.0,607409093.0,9.01
2023-01-10,33.02848316574009,32.78607228011998,33.331496772765234,32.78607228011998,4131.0,242773212.0,8.93
2023-01-11,33.695113101195396,33.2708940513602,33.75571582260043,33.14968860855015,8882.0,562484932.0,9.36
2023-01-12,33.452702215575286,34.17993487243562,34.785962086485895,33.2708940513602,17330.0,1115217978.0,9.13
2023-01-13,33.63451037979037,33.87692126541048,34.48294847946076,33.2708940513602,12901.0,943916669.0,9.05
2023-01-16,33.87692126541048,33.87692126541048,34.301140315245675,33.63451037979037,7332.0,483318873.0,9.12
2023-01-17,34.48294847946076,34.24053759384065,34.543551200865785,33.937523986815506,8408.0,590904512.0,8.8
2023-01-30,35.149578414916064,35.33138657913114,35.513194743346226,34.664756643675844,9706.0,718661505.0,8.7
2023-01-31,35.149578414916064,35.149578414916064,35.876811071776395,35.028372972106006,8522.0,606875091.0,8.88
2023-02-01,34.84656480789092,35.391989300536174,35.69500290756131,34.3617430366507,8985.0,630138539.0,8.67
2023-02-02,34.48294847946076,34.84656480789092,34.907167529295954,34.11933215103059,8389.0,559192188.0,8.6
2023-02-03,33.695113101195396,34.543551200865785,34.60415392227081,33.695113101195396,7358.0,428773616.0,8.48
2023-02-06,33.99812670822054,33.63451037979037,34.058729429625565,33.452702215575286,3709.0,277257537.0,8.53
2023-02-07,34.907167529295954,33.99812670822054,35.028372972106006,33.695113101195396,6789.0,478743199.0,8.7
2023-02-08,34.72535936508087,35.391989300536174,35.4525920219412,34.664756643675844,6491.0,430399214.0,8.63
2023-02-09,34.42234575805573,34.72535936508087,34.907167529295954,34.42234575805573,3082.0,163677474.0,8.54
2023-02-10,34.058729429625565,34.60415392227081,34.664756643675844,33.99812670822054,3202.0,205290328.0,8.59
2023-02-13,34.96777025070098,34.301140315245675,35.08897569351103,33.75571582260043,5594.0,408969611.0,8.78
2023-02-14,34.907167529295954,34.96777025070098,35.21018113632109,34.60415392227081,4882.0,323434392.0,8.71
2023-02-15,34.42234575805573,35.08897569351103,35.21018113632109,34.3617430366507,4193.0,259676728.0,8.45
2023-02-16,34.907167529295954,35.08897569351103,35.513194743346226,34.664756643675844,6063.0,413867231.0,8.53
2023-02-17,35.149578414916064,35.028372972106006,35.391989300536174,34.84656480789092,4878.0,358291654.0,8.66
2023-02-20,35.391989300536174,35.4525920219412,35.634400186156284,34.907167529295954,4906.0,370791737.0,8.8
2023-02-21,35.4525920219412,35.4525920219412,35.634400186156284,35.21018113632109,3976.0,273054250.0,8.88
2023-02-22,35.391989300536174,35.149578414916064,35.4525920219412,34.84656480789092,3860.0,241269440.0,8.99
2023-02-23,35.998016514586446,35.57379746475126,36.17982467880154,35.513194743346226,7169.0,509968530.0,9.25
2023-02-24,35.028372972106006,36.604043728636725,36.604043728636725,34.907167529295954,10440.0,697165089.0,8.5
2023-03-01,33.210291329955176,34.72535936508087,34.72535936508087,32.725469558714956,14221.0,783491301.0,8.0
2023-03-02,34.11933215103059,33.452702215575286,34.17993487243562,33.14968860855015,5712.0,366087576.0,8.16
2023-03-03,34.301140315245675,34.11933215103059,34.42234575805573,33.81631854400545,4134.0,237693518.0,8.31
2023-03-06,34.42234575805573,34.543551200865785,35.028372972106006,34.24053759384065,5594.0,372959824.0,8.48
2023-03-07,34.907167529295954,34.24053759384065,34.96777025070098,34.058729429625565,4899.0,316614508.0,8.8
2023-03-08,34.42234575805573,34.42234575805573,34.664756643675844,34.17993487243562,5142.0,323633968.0,8.84
2023-03-09,34.785962086485895,35.028372972106006,35.08897569351103,34.543551200865785,5286.0,295238418.0,9.29
2023-03-10,33.81631854400545,34.664756643675844,34.664756643675844,33.695113101195396,6092.0,302524893.0,9.04
2023-03-13,33.63451037979037,33.39209949417026,33.99812670822054,33.02848316574009,6342.0,366142564.0,9.25
2023-03-14,33.452702215575286,33.695113101195396,34.058729429625565,33.452702215575286,3988.0,279283480.0,9.48
2023-03-15,33.452702215575286,33.695113101195396,33.937523986815506,33.331496772765234,3658.0,219365291.0,9.48
2023-03-16,32.78607228011998,32.725469558714956,33.14968860855015,32.725469558714956,4034.0,225813586.0,9.34
2023-03-17,32.90727772293003,33.2708940513602,33.51330493698031,32.6042641159049,5824.0,366260273.0,9.39
2023-03-20,32.30125050887976,32.846675001525014,33.089085887145124,32.11944234466468,5189.0,268333666.0,8.98
2023-03-21,32.54366139449987,32.30125050887976,32.846675001525014,32.30125050887976,2447.0,154448134.0,9.12
2023-03-22,32.240647787474735,32.90727772293003,32.90727772293003,32.1800450660697,4057.0,212998792.0,8.69
2023-03-23,31.99823690185462,32.05883962325965,32.240647787474735,31.695223294829482,4309.0,234087592.0,8.67
2023-03-24,32.1800450660697,32.6042641159049,32.78607228011998,32.05883962325965,4531.0,290869457.0,8.41
2023-03-27,32.11944234466468,32.42245595168981,32.78607228011998,32.11944234466468,3799.0,211053063.0,8.34
2023-03-28,31.695223294829482,32.240647787474735,32.240647787474735,31.57401785201943,3433.0,164512414.0,8.27
2023-03-29,31.99823690185462,31.75582601623451,31.99823690185462,31.57401785201943,2560.0,150956113.0,8.23
2023-03-30,31.816428737639537,32.36185323028479,32.36185323028479,31.75582601623451,1800.0,90577758.0,8.0
2023-03-31,31.99823690185462,31.877031459044566,32.240647787474735,31.816428737639537,1572.0,83301943.0,7.95
2023-04-06,32.42245595168981,31.99823690185462,32.42245595168981,31.695223294829482,2392.0,152141579.0,8.09
2023-04-07,32.1800450660697,32.54366139449987,32.54366139449987,31.99823690185462,2193.0,109781036.0,8.06
2023-04-10,32.6042641159049,32.36185323028479,32.66486683730992,32.240647787474735,2371.0,117161001.0,8.16
2023-04-11,32.66486683730992,32.66486683730992,32.66486683730992,32.36185323028479,2207.0,121212062.0,8.24
2023-04-12,32.483058673094845,32.725469558714956,32.78607228011998,32.36185323028479,2187.0,131681457.0,8.28
2023-04-13,32.846675001525014,32.6042641159049,32.90727772293003,32.30125050887976,3483.0,211804354.0,8.47
2023-04-14,32.36185323028479,32.967880444335066,32.967880444335066,32.240647787474735,3101.0,159107748.0,8.32
2023-04-17,32.30125050887976,32.11944234466468,32.36185323028479,31.937634180449596,2880.0,146481795.0,8.46
2023-04-18,32.1800450660697,32.42245595168981,32.483058673094845,32.11944234466468,1777.0,112252985.0,8.51
2023-04-19,31.695223294829482,32.1800450660697,32.30125050887976,31.695223294829482,4192.0,196142298.0,8.36
2023-04-20,31.210401523589262,31.695223294829482,31.695223294829482,31.089196080779203,3803.0,244337503.0,8.47
2023-04-21,30.96799063796915,31.57401785201943,31.57401785201943,30.361963423918876,6494.0,408255064.0,8.83
2023-04-24,30.483168866728928,31.33160696639932,31.33160696639932,30.422566145323902,3689.0,184544127.0,9.0
2023-04-25,29.634730767058542,30.543771588133957,30.72557975234904,29.513525324248487,4609.0,232366516.0,8.88
2023-04-26,29.816538931273627,29.513525324248487,29.877141652678652,29.149908995818322,2916.0,150801167.0,9.1
2023-04-27,29.45292260284346,29.755936209868597,29.755936209868597,29.21051171722335,2438.0,105525290.0,9.04
2023-04-28,29.695333488463568,29.755936209868597,29.816538931273627,29.45292260284346,1782.0,89755235.0,9.07
2023-05-02,29.331717160033403,29.634730767058542,29.634730767058542,29.21051171722335,2650.0,146951916.0,9.24
2023-05-03,29.392319881438432,29.271114438628373,29.513525324248487,29.21051171722335,1325.0,71597935.0,9.2
2023-05-04,29.149908995818322,29.392319881438432,29.45292260284346,29.149908995818322,1675.0,71136107.0,9.0
2023-05-05,29.634730767058542,29.45292260284346,29.816538931273627,29.45292260284346,2677.0,158019907.0,9.06
2023-05-08,29.574128045653513,30.058949816893737,30.058949816893737,29.574128045653513,2014.0,102585579.0,8.93
2023-05-09,29.392319881438432,29.574128045653513,29.634730767058542,29.149908995818322,1611.0,86005435.0,8.9
2023-05-10,29.392319881438432,29.331717160033403,29.513525324248487,29.149908995818322,1105.0,68693394.0,8.9
2023-05-11,28.36207361755296,29.392319881438432,29.392319881438432,28.301470896147933,4268.0,186284556.0,8.78
2023-05-12,27.87725184631274,28.180265453337878,28.180265453337878,27.392430075072518,4280.0,196937875.0,8.56
2023-05-15,28.301470896147933,27.87725184631274,28.422676338957988,27.756046403502683,1686.0,91558930.0,8.63
2023-05-16,28.180265453337878,28.301470896147933,28.36207361755296,27.998457289122797,1978.0,67316510.0,8.59
2023-05-17,28.36207361755296,28.180265453337878,28.483279060363017,27.998457289122797,2027.0,84700453.0,8.57
2023-05-18,28.604484503173072,28.36207361755296,28.786292667388153,28.301470896147933,1352.0,81417294.0,8.63
2023-05-19,28.180265453337878,28.786292667388153,28.846895388793182,28.180265453337878,1945.0,89026335.0,8.54
2023-05-22,28.665087224578098,27.998457289122797,28.786292667388153,27.998457289122797,1275.0,59550370.0,8.57
2023-05-23,28.786292667388153,28.846895388793182,28.846895388793182,28.604484503173072,1171.0,55539477.0,8.77
2023-05-24,28.786292667388153,28.725689945983124,28.846895388793182,28.483279060363017,1156.0,57747733.0,8.78
2023-05-25,28.180265453337878,28.483279060363017,28.604484503173072,28.180265453337878,1969.0,81656839.0,8.68
2023-05-26,27.87725184631274,28.180265453337878,28.180265453337878,27.87725184631274,2069.0,92617635.0,8.53
2023-05-29,28.05906001052782,27.87725184631274,28.240868174742907,27.87725184631274,1214.0,55773777.0,8.53
2023-05-30,27.87725184631274,28.240868174742907,28.301470896147933,27.87725184631274,1637.0,68110698.0,8.45
2023-05-31,27.998457289122797,27.937854567717768,28.240868174742907,27.937854567717768,1078.0,48425553.0,8.44
2023-06-01,27.998457289122797,28.240868174742907,28.301470896147933,27.937854567717768,1187.0,60090674.0,8.33
2023-06-02,28.11966273193285,28.05906001052782,28.180265453337878,27.87725184631274,1415.0,75293016.0,8.35
2023-06-05,29.574128045653513,28.36207361755296,29.877141652678652,28.36207361755296,7256.0,432591898.0,8.22
2023-06-06,28.907498110198212,29.574128045653513,29.574128045653513,28.846895388793182,4485.0,226135610.0,7.97
2023-06-07,29.028703553008263,29.028703553008263,29.149908995818322,28.907498110198212,2125.0,101116712.0,7.93
2023-06-08,28.968100831603234,29.21051171722335,29.271114438628373,28.846895388793182,1491.0,74990206.0,7.94
2023-06-09,29.028703553008263,29.089306274413293,29.149908995818322,28.907498110198212,1140.0,56705069.0,7.92
2023-06-12,28.483279060363017,29.028703553008263,29.149908995818322,28.36207361755296,2525.0,121535082.0,7.86
2023-06-13,28.11966273193285,28.483279060363017,28.543881781768043,28.05906001052782,2512.0,128808588.0,7.8
2023-06-14,28.907498110198212,28.36207361755296,29.45292260284346,28.36207361755296,3945.0,208211070.0,7.83
2023-06-15,28.665087224578098,29.089306274413293,29.089306274413293,28.604484503173072,1968.0,81343505.0,7.75
2023-06-16,29.755936209868597,28.786292667388153,30.058949816893737,28.725689945983124,7340.0,459248850.0,7.83
2023-06-19,30.18015525970379,29.998347095488707,30.483168866728928,29.634730767058542,8266.0,485386296.0,7.35
2023-06-20,29.877141652678652,30.058949816893737,30.058949816893737,29.695333488463568,3750.0,175553354.0,7.22
2023-06-21,29.755936209868597,29.877141652678652,29.877141652678652,29.634730767058542,2535.0,117650664.0,7.14
2023-06-26,29.998347095488707,29.695333488463568,30.543771588133957,29.331717160033403,5869.0,290355094.0,7.2
2023-06-27,30.604374309538986,29.937744374083678,30.786182473754067,29.937744374083678,7448.0,409445835.0,7.1
2023-06-28,30.119552538298766,30.543771588133957,30.604374309538986,30.058949816893737,5411.0,276239046.0,6.86
2023-06-29,29.877141652678652,30.240757981108818,30.483168866728928,29.816538931273627,3102.0,143718862.0,6.77
2023-06-30,29.574128045653513,29.937744374083678,29.998347095488707,29.574128045653513,2343.0,105949859.0,6.69
2023-07-03,29.695333488463568,29.574128045653513,29.998347095488707,29.392319881438432,2319.0,122439036.0,6.66
2023-07-04,29.816538931273627,29.816538931273627,30.058949816893737,29.634730767058542,2007.0,95242413.0,6.73
2023-07-05,29.331717160033403,29.695333488463568,29.877141652678652,29.331717160033403,2205.0,89822122.0,6.62
2023-07-06,28.846895388793182,29.149908995818322,29.21051171722335,28.665087224578098,4066.0,185984056.0,6.49
2023-07-07,28.301470896147933,28.543881781768043,28.604484503173072,28.240868174742907,2213.0,111322090.0,6.49
2023-07-10,28.36207361755296,28.604484503173072,28.786292667388153,28.36207361755296,1328.0,70051861.0,6.56
2023-07-11,28.301470896147933,28.180265453337878,28.422676338957988,28.180265453337878,2032.0,80189299.0,6.51
2023-07-12,27.998457289122797,28.240868174742907,28.301470896147933,27.87725184631274,2801.0,133498355.0,6.43
2023-07-13,28.301470896147933,28.180265453337878,28.604484503173072,28.11966273193285,2150.0,102874765.0,6.5
2023-07-14,28.907498110198212,28.846895388793182,29.271114438628373,28.665087224578098,2741.0,146142940.0,6.53
2023-07-17,29.331717160033403,29.089306274413293,29.574128045653513,28.968100831603234,2194.0,122808395.0,6.63
2023-07-18,29.149908995818322,29.634730767058542,29.634730767058542,28.907498110198212,2504.0,130586979.0,6.65
2023-07-19,28.604484503173072,29.331717160033403,29.331717160033403,28.543881781768043,2891.0,117895329.0,6.25
2023-07-20,29.877141652678652,28.665087224578098,30.119552538298766,28.604484503173072,5641.0,343154575.0,6.55
2023-07-21,29.392319881438432,30.058949816893737,30.18015525970379,29.331717160033403,3515.0,160801693.0,6.35
2023-07-24,29.877141652678652,29.695333488463568,30.604374309538986,29.695333488463568,7866.0,481667586.0,6.48
2023-07-25,29.937744374083678,30.119552538298766,30.361963423918876,29.513525324248487,3473.0,218672800.0,6.51
2023-07-26,30.122165797332652,30.122165797332652,30.98279910582787,29.99921818183333,4525.0,264386048.0,6.37
2023-07-27,30.55248245158026,30.613956259329917,30.613956259329917,30.24511341283197,2386.0,144028223.0,6.57
2023-07-28,29.99921818183333,30.675430067079578,30.675430067079578,29.814796758584357,3568.0,185064014.0,6.61
2023-07-31,29.69184914308504,29.99921818183333,30.122165797332652,29.630375335335383,2236.0,127217016.0,6.65
2023-08-01,30.368061028331283,29.876270566334018,30.798377682578895,29.876270566334018,3687.0,211640618.0,6.83
2023-08-02,31.167220529076847,30.429534836080943,32.45817049181967,30.122165797332652,16400.0,1055441552.0,6.82
2023-08-04,32.089327645321724,31.167220529076847,32.45817049181967,30.491008643830604,14770.0,904924606.0,6.91
2023-08-07,32.089327645321724,32.089327645321724,32.70406572281831,30.98279910582787,11685.0,720156222.0,6.69
2023-08-08,31.29016814457616,32.089327645321724,32.396696684070015,31.2286943368265,5866.0,323087373.0,6.5
2023-08-09,31.167220529076847,31.904906222072746,31.966380029822403,30.92132529807821,4573.0,292290584.0,6.54
2023-08-10,30.92132529807821,31.29016814457616,31.474589567825138,30.736903874829235,3337.0,185285073.0,6.56
2023-08-11,30.122165797332652,30.859851490328555,30.92132529807821,29.99921818183333,4591.0,245045304.0,6.4
2023-08-14,28.58532060359119,29.507427719836066,29.630375335335383,28.46237298809187,6499.0,325912681.0,6.34
2023-08-15,28.58532060359119,28.708268219090506,28.95416345008914,28.46237298809187,2839.0,169746185.0,6.16
2023-08-16,28.093530141593924,28.64679441134085,28.64679441134085,27.909108718344946,3000.0,163064125.0,6.09
2023-08-17,27.909108718344946,28.032056333844263,28.216477757093237,27.2328968330987,4283.0,203704852.0,6.06
2023-08-18,28.52384679584153,28.277951564842898,28.89268964233948,27.724687295095972,3461.0,171511923.0,6.06
2023-08-21,28.216477757093237,28.95416345008914,28.95416345008914,28.155003949343577,2065.0,95703329.0,5.96
2023-08-22,28.032056333844263,28.155003949343577,28.277951564842898,27.909108718344946,1462.0,209597434.0,6.12
2023-08-23,27.909108718344946,28.093530141593924,28.277951564842898,27.909108718344946,1450.0,63014130.0,6.1
2023-08-24,27.786161102845632,27.970582526094603,28.093530141593924,27.786161102845632,1456.0,62806721.0,6.06
2023-08-25,28.155003949343577,28.155003949343577,28.339425372592554,28.032056333844263,1630.0,79215124.0,6.04
2023-08-28,28.216477757093237,28.216477757093237,28.58532060359119,28.155003949343577,1200.0,52834399.0,6.02
2023-08-29,27.970582526094603,28.277951564842898,28.339425372592554,27.66321348734631,2280.0,89879642.0,5.94
2023-08-30,28.032056333844263,28.155003949343577,28.277951564842898,27.66321348734631,2168.0,104615954.0,6.01
2023-08-31,28.400899180342215,28.155003949343577,28.52384679584153,28.093530141593924,2110.0,112810518.0,6.15
2023-09-01,28.46237298809187,28.400899180342215,28.64679441134085,28.277951564842898,1453.0,75050133.0,6.19
2023-09-04,29.138584873338115,28.769742026840163,29.200058681087775,28.58532060359119,2749.0,140816194.0,6.34
2023-09-05,29.077111065588454,29.138584873338115,29.38448010433675,28.89268964233948,1488.0,60329460.0,6.34
2023-09-06,28.64679441134085,28.95416345008914,29.138584873338115,28.64679441134085,1405.0,63125928.0,6.26
2023-09-07,28.52384679584153,28.58532060359119,28.95416345008914,28.400899180342215,1166.0,45671067.0,6.28
2023-09-08,28.339425372592554,28.46237298809187,28.52384679584153,28.277951564842898,1029.0,40759470.0,6.25
2023-09-11,28.58532060359119,28.52384679584153,28.89268964233948,28.46237298809187,1553.0,72525478.0,6.36
2023-09-12,29.077111065588454,28.89268964233948,29.26153248883743,28.769742026840163,2034.0,102755897.0,6.47
2023-09-13,28.64679441134085,29.077111065588454,29.138584873338115,28.58532060359119,1555.0,72331970.0,6.56
2023-09-14,29.077111065588454,28.769742026840163,29.077111065588454,28.708268219090506,1567.0,73410549.0,6.67
2023-09-15,29.630375335335383,29.26153248883743,29.814796758584357,29.077111065588454,4263.0,238660359.0,6.76
2023-09-18,30.368061028331283,29.630375335335383,30.859851490328555,29.507427719836066,7142.0,418576344.0,6.92
2023-09-19,30.491008643830604,30.491008643830604,30.92132529807821,30.122165797332652,4511.0,234485443.0,7.12
2023-09-20,30.368061028331283,30.613956259329917,31.04427291357753,30.24511341283197,3785.0,212980742.0,7.29
2023-09-21,29.876270566334018,30.24511341283197,30.675430067079578,29.630375335335383,4439.0,222594359.0,7.49
2023-09-22,29.876270566334018,29.99921818183333,30.491008643830604,29.568901527585727,2937.0,149998332.0,7.25
2023-09-25,29.507427719836066,30.060691989582992,30.122165797332652,29.38448010433675,1919.0,91692964.0,7.24
2023-09-26,29.200058681087775,29.507427719836066,29.507427719836066,29.0156372578388,1617.0,83800440.0,7.16
2023-09-27,28.155003949343577,28.708268219090506,28.708268219090506,28.032056333844263,4998.0,271424625.0,6.7
2023-09-28,27.724687295095972,28.216477757093237,28.216477757093237,27.60173967959665,3253.0,140590934.0,6.56
2023-10-02,27.786161102845632,28.46237298809187,28.46237298809187,27.60173967959665,1888.0,100766836.0,6.52
2023-10-03,27.29437064084836,27.724687295095972,27.724687295095972,27.29437064084836,2237.0,95889578.0,6.46
2023-10-04,26.495211140102803,27.171423025349046,27.2328968330987,26.433737332353143,4136.0,156637850.0,6.38
2023-10-05,26.92552779435041,26.55668494785246,27.171423025349046,26.55668494785246,2586.0,116327713.0,6.48
2023-10-06,27.04847540984973,26.98700160210007,27.171423025349046,26.802580178851095,1380.0,48059932.0,6.49
2023-10-11,26.372263524603483,27.04847540984973,27.04847540984973,26.24931590910417,3636.0,137091759.0,6.35
2023-10-12,26.864053986600755,26.618158755602117,26.92552779435041,26.372263524603483,1929.0,65141930.0,6.33
2023-10-13,26.679632563351774,26.802580178851095,27.04847540984973,26.55668494785246,1599.0,63833554.0,6.3
2023-10-16,26.55668494785246,26.679632563351774,26.679632563351774,26.372263524603483,1739.0,58759582.0,6.33
2023-10-17,26.372263524603483,26.55668494785246,26.679632563351774,26.24931590910417,2205.0,79233856.0,6.31
2023-10-18,26.741106371101434,26.433737332353143,26.741106371101434,25.818999254856557,3477.0,302672020.0,6.33
2023-10-19,26.126368293604852,26.433737332353143,26.618158755602117,26.00342067810553,2181.0,92073725.0,6.32
2023-10-20,25.7575254471069,26.00342067810553,26.126368293604852,25.450156408358605,2415.0,108330488.0,6.44
2023-10-23,25.7575254471069,25.511630216108266,25.941946870355878,25.450156408358605,991.0,37930453.0,6.46
2023-10-24,25.32720879285929,25.880473062606217,25.880473062606217,24.95836594636134,3375.0,150638789.0,6.54
2023-10-25,26.24931590910417,25.511630216108266,26.310789716853822,25.450156408358605,2025.0,94866581.0,6.65
2023-10-26,26.372263524603483,25.941946870355878,26.55668494785246,25.7575254471069,1695.0,73304249.0,6.64
2023-10-27,26.372263524603483,26.372263524603483,26.679632563351774,26.18784210135451,1003.0,46944175.0,6.55
2023-10-30,26.495211140102803,26.495211140102803,26.802580178851095,26.372263524603483,949.0,38944555.0,6.57
2023-10-31,26.495211140102803,26.618158755602117,27.04847540984973,26.495211140102803,1429.0,74282595.0,6.7
2023-11-01,26.310789716853822,26.55668494785246,26.679632563351774,26.126368293604852,910.0,37502771.0,6.68
2023-11-02,26.618158755602117,26.495211140102803,26.618158755602117,26.372263524603483,772.0,33778038.0,6.69
2023-11-03,26.618158755602117,26.802580178851095,26.802580178851095,26.433737332353143,1242.0,50282209.0,6.62
2023-11-06,26.92552779435041,26.98700160210007,27.2328968330987,26.679632563351774,2063.0,82911436.0,6.73
2023-11-07,26.679632563351774,26.98700160210007,26.98700160210007,26.55668494785246,1073.0,41332784.0,6.71
2023-11-08,26.00342067810553,26.679632563351774,26.679632563351774,25.880473062606217,2708.0,116424377.0,6.51
2023-11-09,26.00342067810553,26.00342067810553,26.18784210135451,25.818999254856557,1520.0,60092212.0,6.57
2023-11-10,25.7575254471069,25.880473062606217,26.00342067810553,25.7575254471069,1233.0,42865245.0,6.49
2023-11-13,26.06489448585519,26.18784210135451,26.679632563351774,26.06489448585519,1489.0,62624311.0,6.54
2023-11-14,26.06489448585519,26.24931590910417,26.24931590910417,25.941946870355878,1063.0,33316588.0,6.55
2023-11-15,27.171423025349046,26.372263524603483,27.171423025349046,26.310789716853822,4107.0,207740106.0,6.8
2023-11-16,27.60173967959665,27.41731825634768,27.786161102845632,27.171423025349046,4106.0,207264581.0,6.91
2023-11-17,27.2328968330987,27.60173967959665,27.66321348734631,27.109949217599386,2438.0,90632648.0,6.63
2023-11-20,27.29437064084836,27.478792064097338,28.032056333844263,27.2328968330987,2263.0,120500953.0,6.62
2023-11-21,27.909108718344946,27.41731825634768,28.093530141593924,27.41731825634768,3375.0,183226578.0,6.71
2023-11-22,27.909108718344946,28.277951564842898,28.708268219090506,27.909108718344946,4391.0,258309561.0,6.43
2023-11-23,27.970582526094603,28.032056333844263,28.216477757093237,27.724687295095972,1744.0,77629875.0,6.37
2023-11-24,28.032056333844263,28.032056333844263,28.155003949343577,27.66321348734631,1337.0,59384866.0,6.4
2023-11-27,28.58532060359119,28.155003949343577,28.89268964233948,28.093530141593924,3921.0,245573075.0,6.55
2023-11-28,29.077111065588454,28.95416345008914,29.26153248883743,28.52384679584153,4450.0,239108487.0,6.64
2023-11-29,28.95416345008914,29.26153248883743,29.323006296587092,28.64679441134085,2147.0,110291892.0,6.56
2023-11-30,28.708268219090506,28.769742026840163,29.0156372578388,28.64679441134085,1920.0,72528305.0,6.58
2023-12-01,28.89268964233948,28.708268219090506,29.077111065588454,28.708268219090506,1303.0,61275401.0,6.61
2023-12-04,29.26153248883743,28.89268964233948,29.38448010433675,28.58532060359119,2623.0,140729823.0,6.68
2023-12-05,28.95416345008914,29.200058681087775,29.200058681087775,28.769742026840163,1771.0,75781931.0,6.63
2023-12-06,29.26153248883743,29.0156372578388,29.445953912086406,28.831215834589823,2132.0,117119502.0,6.67
2023-12-07,28.95416345008914,29.138584873338115,29.323006296587092,28.95416345008914,1663.0,60059655.0,6.7
2023-12-08,28.58532060359119,29.138584873338115,29.138584873338115,28.58532060359119,2212.0,89245807.0,6.62
2023-12-11,28.339425372592554,28.89268964233948,29.0156372578388,28.277951564842898,2073.0,67262304.0,6.61
2023-12-12,28.155003949343577,28.400899180342215,28.46237298809187,28.032056333844263,1596.0,68899479.0,6.63
2023-12-13,28.400899180342215,28.155003949343577,28.831215834589823,28.155003949343577,1564.0,89542235.0,6.64
2023-12-14,29.077111065588454,28.831215834589823,29.323006296587092,28.64679441134085,3462.0,208246611.0,6.79
2023-12-15,31.966380029822403,29.568901527585727,31.966380029822403,29.568901527585727,23746.0,1722132565.0,6.85
2023-12-18,33.0114347615666,33.318803800314896,34.24091091655977,32.33522287632036,46292.0,3517403049.0,6.59
2023-12-19,34.11796330106045,33.0114347615666,34.671227570807375,31.59753718332445,33115.0,2497159400.0,6.85
2023-12-20,34.671227570807375,36.20807276454884,36.20807276454884,33.87206807006182,27575.0,2076720232.0,6.68
2023-12-21,34.05648949331079,33.93354187781148,34.794175186306695,33.87206807006182,13051.0,947985788.0,6.54
2023-12-22,33.195856184815575,34.05648949331079,34.17943710881011,32.82701333831762,12411.0,886595821.0,6.65
2023-12-25,33.13438237706592,34.05648949331079,34.60975376305772,33.0114347615666,15048.0,1046335577.0,6.57
2023-12-26,32.82701333831762,33.25732999256523,33.380277608064546,32.58111810731899,7116.0,464136474.0,6.7
2023-12-27,32.21227526082104,32.888487146067284,32.94996095381694,32.089327645321724,9278.0,555697488.0,6.6
2023-12-28,31.904906222072746,32.21227526082104,32.58111810731899,31.843432414323086,6158.0,330500764.0,6.57
2023-12-29,32.02785383757207,31.966380029822403,32.21227526082104,31.659010991074112,2987.0,166226383.0,6.46
2024-01-02,32.02785383757207,32.21227526082104,32.396696684070015,31.966380029822403,2841.0,164729550.0,6.38
2024-01-03,31.59753718332445,31.781958606573433,31.904906222072746,31.41311576007548,3338.0,184556015.0,6.33
2024-01-04,32.273749068570694,32.02785383757207,32.51964429956933,31.843432414323086,5552.0,332235038.0,6.25
2024-01-05,32.089327645321724,32.33522287632036,32.33522287632036,31.966380029822403,3398.0,166626084.0,6.25
2024-01-08,32.02785383757207,32.273749068570694,32.58111810731899,31.966380029822403,3146.0,194364741.0,6.28
2024-01-09,30.859851490328555,32.15080145307138,32.273749068570694,30.675430067079578,6996.0,406578910.0,6.38
2024-01-10,29.937744374083678,30.859851490328555,30.98279910582787,29.7533229508347,5873.0,322825599.0,6.65
2024-01-11,29.99921818183333,30.122165797332652,30.24511341283197,29.7533229508347,2138.0,107209529.0,6.58
2024-01-12,29.937744374083678,29.99921818183333,30.122165797332652,29.7533229508347,1292.0,68180002.0,6.54
2024-01-15,30.060691989582992,29.99921818183333,30.368061028331283,29.99921818183333,1387.0,71917258.0,6.55
2024-01-16,29.38448010433675,30.060691989582992,30.060691989582992,29.323006296587092,2974.0,133210418.0,6.4
2024-01-17,28.708268219090506,29.26153248883743,29.445953912086406,28.58532060359119,3529.0,166023459.0,6.17
2024-01-18,28.769742026840163,28.769742026840163,29.077111065588454,28.58532060359119,1438.0,63625179.0,6.14
2024-01-19,28.52384679584153,28.831215834589823,28.95416345008914,28.216477757093237,3075.0,160474509.0,6.21
2024-01-22,28.708268219090506,28.769742026840163,28.769742026840163,28.339425372592554,1487.0,65675569.0,6.22
2024-01-23,29.323006296587092,28.708268219090506,29.507427719836066,28.708268219090506,2524.0,117915730.0,6.14
2024-01-24,29.445953912086406,29.323006296587092,29.876270566334018,29.200058681087775,2045.0,92641355.0,6.0
2024-01-25,29.200058681087775,29.507427719836066,29.630375335335383,29.200058681087775,1098.0,43890077.0,5.97
2024-01-26,29.69184914308504,29.38448010433675,29.876270566334018,29.138584873338115,1757.0,85046477.0,6.0
2024-01-29,29.99921818183333,29.7533229508347,30.060691989582992,29.507427719836066,1478.0,72528340.0,6.01
2024-01-30,29.507427719836066,30.122165797332652,30.122165797332652,29.445953912086406,1483.0,61850498.0,5.99
2024-01-31,29.26153248883743,29.507427719836066,29.630375335335383,29.138584873338115,1163.0,51469563.0,5.99
2024-02-01,29.323006296587092,29.200058681087775,29.507427719836066,29.138584873338115,1012.0,40961343.0,6.01
2024-02-02,29.077111065588454,29.507427719836066,29.507427719836066,28.708268219090506,1622.0,65977767.0,6.03
2024-02-05,28.95416345008914,29.138584873338115,29.138584873338115,28.708268219090506,1334.0,50401891.0,6.0
2024-02-15,28.708268219090506,28.769742026840163,29.0156372578388,28.52384679584153,1842.0,84590884.0,6.01
2024-02-16,29.445953912086406,28.769742026840163,29.445953912086406,28.769742026840163,1788.0,81975034.0,6.05
2024-02-19,29.99921818183333,29.568901527585727,30.060691989582992,29.568901527585727,2260.0,100827365.0,6.09
2024-02-20,29.568901527585727,30.122165797332652,30.122165797332652,29.568901527585727,2064.0,80890708.0,6.02
2024-02-21,29.200058681087775,29.630375335335383,29.69184914308504,29.077111065588454,2731.0,100213999.0,5.95
2024-02-22,29.200058681087775,29.26153248883743,29.323006296587092,29.0156372578388,1438.0,65359176.0,5.94
2024-02-23,28.708268219090506,29.200058681087775,29.200058681087775,28.64679441134085,2728.0,128400542.0,5.84
2024-02-26,28.708268219090506,28.64679441134085,29.0156372578388,28.64679441134085,1285.0,52786556.0,5.84
2024-02-27,28.339425372592554,28.64679441134085,28.769742026840163,28.277951564842898,2184.0,84707773.0,5.82
2024-02-29,28.52384679584153,28.46237298809187,28.708268219090506,28.155003949343577,1904.0,95953388.0,5.86
2024-03-01,28.339425372592554,28.58532060359119,28.58532060359119,28.277951564842898,1506.0,59692900.0,5.77
2024-03-04,27.66321348734631,28.216477757093237,28.216477757093237,27.540265871846994,5439.0,239212635.0,5.54
2024-03-05,27.909108718344946,27.60173967959665,28.032056333844263,27.540265871846994,2342.0,109378768.0,5.59
2024-03-06,27.540265871846994,27.909108718344946,28.032056333844263,27.478792064097338,2787.0,122069724.0,5.51
2024-03-07,27.540265871846994,27.41731825634768,27.540265871846994,27.109949217599386,2775.0,139849027.0,5.65
2024-03-08,27.109949217599386,27.60173967959665,27.66321348734631,27.04847540984973,2761.0,135622616.0,5.57
2024-03-11,27.41731825634768,26.802580178851095,27.478792064097338,26.802580178851095,2105.0,93049528.0,5.63
2024-03-12,27.66321348734631,27.41731825634768,27.66321348734631,27.2328968330987,1984.0,82358022.0,5.61
2024-03-13,27.04847540984973,27.478792064097338,27.478792064097338,26.98700160210007,2716.0,135162212.0,5.49
2024-03-14,27.786161102845632,27.109949217599386,28.032056333844263,27.109949217599386,3758.0,196675126.0,5.73
2024-03-15,27.35584444859802,27.847634910595286,27.847634910595286,27.2328968330987,1889.0,74762573.0,5.7
2024-03-18,27.35584444859802,27.35584444859802,27.35584444859802,27.04847540984973,1299.0,51407123.0,5.69
2024-03-19,27.41731825634768,27.2328968330987,27.540265871846994,27.2328968330987,1260.0,57974021.0,5.77
2024-03-20,27.04847540984973,27.35584444859802,27.41731825634768,27.04847540984973,1837.0,87748943.0,5.74
2024-03-21,27.29437064084836,27.29437064084836,27.478792064097338,27.171423025349046,1364.0,60179513.0,5.79
2024-03-22,27.29437064084836,27.41731825634768,27.478792064097338,27.109949217599386,1529.0,68023814.0,5.86
2024-03-25,27.29437064084836,27.29437064084836,27.540265871846994,27.171423025349046,1553.0,51217791.0,5.84
2024-03-26,26.92552779435041,27.2328968330987,27.41731825634768,26.92552779435041,1875.0,81737668.0,5.79
2024-03-27,27.171423025349046,26.92552779435041,27.29437064084836,26.741106371101434,1588.0,62632446.0,5.82
2024-03-28,27.109949217599386,27.29437064084836,27.60173967959665,27.109949217599386,1857.0,90211033.0,5.79
2024-03-29,27.171423025349046,27.171423025349046,27.2328968330987,26.98700160210007,985.0,39350613.0,5.76
2024-04-01,27.35584444859802,27.171423025349046,27.35584444859802,27.109949217599386,1159.0,51361155.0,5.81
2024-04-02,27.2328968330987,27.41731825634768,27.41731825634768,27.2328968330987,1128.0,46123588.0,5.72
2024-04-03,28.032056333844263,28.46237298809187,29.138584873338115,27.60173967959665,12140.0,684381406.0,5.41
2024-04-08,27.909108718344946,28.155003949343577,28.58532060359119,27.66321348734631,4077.0,191985718.0,5.43
2024-04-09,30.675430067079578,28.277951564842898,30.675430067079578,27.909108718344946,18902.0,1253198508.0,5.99
2024-04-10,29.630375335335383,30.98279910582787,31.29016814457616,29.630375335335383,16239.0,939225424.0,5.74
2024-04-11,28.708268219090506,29.323006296587092,29.38448010433675,28.58532060359119,6585.0,351187020.0,5.58
2024-04-12,28.277951564842898,28.400899180342215,28.52384679584153,28.032056333844263,3493.0,168678781.0,5.43
2024-04-15,27.847634910595286,28.216477757093237,28.89268964233948,27.847634910595286,5765.0,247208559.0,5.16
2024-04-16,27.2328968330987,27.786161102845632,28.032056333844263,27.109949217599386,4375.0,185064257.0,5.04
2024-04-17,27.35584444859802,27.2328968330987,27.478792064097338,27.171423025349046,2452.0,109381486.0,4.99
2024-04-18,29.200058681087775,28.400899180342215,30.060691989582992,28.400899180342215,14474.0,858624703.0,4.96
2024-04-19,28.52384679584153,29.26153248883743,29.507427719836066,27.786161102845632,6718.0,398806046.0,4.96
2024-04-22,28.032056333844263,28.708268219090506,29.0156372578388,27.847634910595286,3925.0,203716408.0,4.89
2024-04-23,28.339425372592554,28.277951564842898,28.831215834589823,28.277951564842898,2334.0,110437441.0,4.93
2024-04-24,28.277951564842898,28.400899180342215,28.52384679584153,28.155003949343577,2174.0,106109788.0,4.93
2024-04-25,28.155003949343577,28.216477757093237,28.277951564842898,28.032056333844263,1649.0,76064333.0,4.9
2024-04-26,28.52384679584153,28.277951564842898,28.64679441134085,28.093530141593924,2403.0,124577976.0,4.91
2024-04-29,28.95416345008914,28.52384679584153,29.138584873338115,28.52384679584153,3341.0,194706503.0,4.99
2024-04-30,28.58532060359119,29.0156372578388,29.077111065588454,28.58532060359119,1809.0,82334110.0,4.97
2024-05-02,28.831215834589823,28.58532060359119,28.89268964233948,28.339425372592554,1666.0,89432280.0,5.02
2024-05-03,28.708268219090506,29.077111065588454,29.26153248883743,28.64679441134085,3309.0,191413570.0,4.79
2024-05-06,28.155003949343577,28.89268964233948,28.89268964233948,28.093530141593924,3405.0,163200280.0,4.68
2024-05-07,27.724687295095972,28.155003949343577,28.277951564842898,27.60173967959665,3513.0,157411191.0,4.57
2024-05-08,27.724687295095972,27.724687295095972,27.847634910595286,27.478792064097338,1827.0,80181871.0,4.57
2024-05-09,27.41731825634768,27.724687295095972,27.970582526094603,27.41731825634768,2225.0,98650941.0,4.53
2024-05-10,27.786161102845632,27.41731825634768,27.847634910595286,27.2328968330987,2252.0,115994669.0,4.56
2024-05-13,27.909108718344946,27.970582526094603,28.339425372592554,27.847634910595286,2261.0,110710783.0,4.52
2024-05-14,27.909108718344946,28.032056333844263,28.216477757093237,27.847634910595286,1568.0,61577210.0,4.51
2024-05-15,27.970582526094603,28.093530141593924,28.216477757093237,27.909108718344946,2148.0,98515299.0,4.54
2024-05-16,28.277951564842898,28.093530141593924,28.52384679584153,27.847634910595286,3141.0,159315336.0,4.62
2024-05-17,28.216477757093237,28.339425372592554,28.52384679584153,28.093530141593924,1704.0,72621327.0,4.65
2024-05-20,28.831215834589823,28.400899180342215,29.630375335335383,28.277951564842898,9972.0,675434462.0,4.88
2024-05-21,28.64679441134085,28.769742026840163,29.077111065588454,28.52384679584153,3318.0,145168916.0,4.9
2024-05-22,28.216477757093237,28.831215834589823,28.831215834589823,28.155003949343577,2893.0,168548327.0,4.87
2024-05-23,27.478792064097338,28.155003949343577,28.155003949343577,27.35584444859802,5144.0,295372506.0,4.76
2024-05-24,27.540265871846994,27.29437064084836,27.724687295095972,27.171423025349046,1975.0,90905155.0,4.67
2024-05-27,27.66321348734631,27.724687295095972,27.909108718344946,27.540265871846994,1856.0,83543126.0,4.6
2024-05-28,28.339425372592554,27.724687295095972,28.52384679584153,27.724687295095972,3322.0,188253593.0,4.87
2024-05-29,27.970582526094603,28.400899180342215,28.46237298809187,27.909108718344946,1687.0,80224401.0,4.8
2024-05-30,27.724687295095972,27.909108718344946,27.970582526094603,27.66321348734631,1901.0,87970089.0,4.65
2024-05-31,27.970582526094603,27.786161102845632,28.032056333844263,27.724687295095972,1251.0,76358342.0,4.7
2024-06-03,27.724687295095972,27.909108718344946,27.909108718344946,27.540265871846994,1847.0,90889958.0,4.6
2024-06-04,27.41731825634768,27.724687295095972,27.786161102845632,27.35584444859802,1872.0,86837899.0,4.57
2024-06-05,27.29437064084836,27.41731825634768,27.540265871846994,27.29437064084836,2047.0,104487348.0,4.55
2024-06-06,27.29437064084836,27.35584444859802,27.41731825634768,27.04847540984973,2391.0,105546410.0,4.51
2024-06-07,27.41731825634768,27.171423025349046,27.540265871846994,27.109949217599386,1734.0,92946659.0,4.56
2024-06-11,27.109949217599386,27.41731825634768,27.540265871846994,27.04847540984973,2611.0,127522945.0,4.54
2024-06-12,26.92552779435041,27.171423025349046,27.171423025349046,26.802580178851095,2172.0,92612721.0,4.43
2024-06-13,26.92552779435041,26.92552779435041,27.04847540984973,26.802580178851095,1723.0,70762295.0,4.4
2024-06-14,26.802580178851095,26.92552779435041,26.92552779435041,26.741106371101434,2103.0,95953423.0,4.27
2024-06-17,27.109949217599386,26.92552779435041,27.171423025349046,26.864053986600755,1450.0,62620866.0,4.27
2024-06-18,26.98700160210007,27.171423025349046,27.2328968330987,26.864053986600755,1486.0,56640073.0,4.23
2024-06-19,27.04847540984973,27.04847540984973,27.29437064084836,26.802580178851095,2396.0,121183880.0,4.22
2024-06-20,27.41731825634768,27.171423025349046,27.540265871846994,27.171423025349046,2009.0,114783149.0,4.32
2024-06-21,27.171423025349046,27.41731825634768,27.478792064097338,27.171423025349046,1429.0,67651209.0,4.28
2024-06-24,26.92552779435041,27.109949217599386,27.109949217599386,26.864053986600755,1146.0,56108798.0,4.24
2024-06-25,26.741106371101434,27.109949217599386,27.109949217599386,26.741106371101434,1545.0,74179895.0,4.14
2024-06-26,26.495211140102803,26.802580178851095,26.864053986600755,26.24931590910417,2399.0,110254061.0,4.1
2024-06-27,26.55668494785246,26.433737332353143,26.679632563351774,26.24931590910417,1752.0,84922542.0,4.09
2024-06-28,26.433737332353143,26.618158755602117,26.679632563351774,26.433737332353143,1118.0,42192612.0,4.09
2024-07-01,26.310789716853822,26.618158755602117,26.618158755602117,26.24931590910417,1455.0,54892475.0,4.05
2024-07-02,26.310789716853822,26.310789716853822,26.372263524603483,26.18784210135451,1360.0,51379958.0,4.03
2024-07-03,26.618158755602117,26.433737332353143,26.618158755602117,26.433737332353143,1113.0,40436657.0,4.07
2024-07-04,27.04847540984973,26.679632563351774,27.171423025349046,26.618158755602117,2124.0,123954617.0,4.22
2024-07-05,26.98700160210007,27.171423025349046,27.171423025349046,26.864053986600755,1218.0,52787970.0,4.25
2024-07-08,26.802580178851095,26.98700160210007,26.98700160210007,26.741106371101434,1516.0,59034557.0,4.28
2024-07-09,26.310789716853822,26.802580178851095,26.864053986600755,26.310789716853822,1982.0,78784896.0,4.19
2024-07-10,26.24931590910417,26.372263524603483,26.495211140102803,26.18784210135451,1326.0,53495037.0,4.23
2024-07-11,26.24931590910417,26.310789716853822,26.372263524603483,26.126368293604852,1610.0,73272029.0,4.23
2024-07-12,26.55668494785246,26.310789716853822,26.679632563351774,26.126368293604852,1442.0,60025289.0,4.3
2024-07-15,26.92552779435041,26.802580178851095,27.04847540984973,26.618158755602117,2117.0,95129256.0,4.42
2024-07-16,26.864053986600755,27.04847540984973,27.109949217599386,26.802580178851095,1271.0,42059584.0,4.38
2024-07-17,26.98700160210007,26.98700160210007,27.171423025349046,26.864053986600755,1949.0,102348204.0,4.4
2024-07-18,27.35584444859802,27.109949217599386,27.540265871846994,26.92552779435041,3649.0,230242354.0,4.56
2024-07-19,26.55668494785246,27.29437064084836,27.29437064084836,26.495211140102803,2645.0,112905773.0,4.4
2024-07-22,25.941946870355878,26.310789716853822,26.92552779435041,25.880473062606217,2503.0,109217960.0,4.33
2024-07-23,26.24931590910417,25.880473062606217,26.433737332353143,25.880473062606217,1232.0,48331025.0,4.35
2024-07-26,26.125789716590738,26.496368294131035,26.496368294131035,26.00226352407731,1699.0,60699926.0,4.26
2024-07-29,26.311079005360888,26.311079005360888,26.743420679157897,26.187552812847457,1542.0,57934019.0,4.28
2024-07-30,26.619894486644466,26.55813139038775,26.681657582901185,26.064026620334026,1363.0,58689351.0,4.34
2024-07-31,26.43460519787432,26.55813139038775,26.681657582901185,26.372842101617607,786.0,22802376.0,4.32
2024-08-01,26.681657582901185,26.55813139038775,26.866946871671328,26.43460519787432,1246.0,58795407.0,4.45
2024-08-02,25.940500427820595,26.372842101617607,26.372842101617607,25.878737331563876,2540.0,101748061.0,4.37
2024-08-05,23.346450385038533,25.13758017648329,25.13758017648329,23.346450385038533,5686.0,220603550.0,4.28
2024-08-06,23.222924192525102,23.717028962578826,23.96408134760569,21.617083689850496,3219.0,132970934.0,4.49
2024-08-07,23.84055515509226,23.161161096268387,24.025844443862407,23.161161096268387,1972.0,97143609.0,4.55
2024-08-08,23.28468728878182,23.469976577551964,23.778792058835545,23.222924192525102,1628.0,53839243.0,4.53
2024-08-09,23.346450385038533,23.40821348129525,23.717028962578826,23.222924192525102,1676.0,74273747.0,4.5
2024-08-12,23.346450385038533,23.531739673808683,23.717028962578826,23.346450385038533,1074.0,38320651.0,4.46
2024-08-13,23.161161096268387,23.469976577551964,23.469976577551964,23.09939800001167,1451.0,42561257.0,4.43
2024-08-14,23.717028962578826,23.346450385038533,24.334659925145985,23.346450385038533,2652.0,121691323.0,4.48
2024-08-15,23.40821348129525,23.96408134760569,24.025844443862407,23.346450385038533,1521.0,46043753.0,4.42
2024-08-16,23.469976577551964,23.65526586632211,23.65526586632211,23.28468728878182,1308.0,57797167.0,4.45
2024-08-19,23.222924192525102,23.531739673808683,23.531739673808683,22.97587180749824,1798.0,57669887.0,4.43
2024-08-20,23.09939800001167,23.28468728878182,23.469976577551964,23.037634903754952,1246.0,38376941.0,4.44
2024-08-21,23.222924192525102,23.09939800001167,23.222924192525102,22.85234561498481,1264.0,45347136.0,4.47
2024-08-22,23.28468728878182,23.037634903754952,23.469976577551964,23.037634903754952,1300.0,54541573.0,4.49
2024-08-23,23.09939800001167,23.161161096268387,23.161161096268387,22.85234561498481,1226.0,45322341.0,4.46
2024-08-26,23.28468728878182,23.09939800001167,23.469976577551964,23.09939800001167,878.0,41333098.0,4.55
2024-08-27,23.531739673808683,23.28468728878182,23.5935027700654,23.09939800001167,1168.0,45542838.0,4.59
2024-08-28,23.531739673808683,23.531739673808683,23.717028962578826,23.346450385038533,719.0,22974797.0,4.55
2024-08-29,23.40821348129525,23.346450385038533,23.469976577551964,23.161161096268387,778.0,22909772.0,4.53
2024-08-30,23.902318251348976,23.469976577551964,23.96408134760569,23.469976577551964,1419.0,59050927.0,4.58
2024-09-02,23.469976577551964,23.96408134760569,24.025844443862407,23.469976577551964,911.0,27725700.0,4.54
2024-09-03,23.28468728878182,23.65526586632211,23.65526586632211,23.28468728878182,706.0,22205283.0,4.5
2024-09-04,22.23471465241765,22.543530133701232,22.543530133701232,21.617083689850496,2659.0,90443535.0,4.42
2024-09-05,22.049425363647508,22.420003941187797,22.543530133701232,22.049425363647508,1048.0,29757929.0,4.42
2024-09-06,22.172951556160935,22.049425363647508,22.23471465241765,21.740609882363927,988.0,33548831.0,4.46
2024-09-09,22.049425363647508,21.617083689850496,22.11118845990422,21.43179440108035,1450.0,51495481.0,4.49
2024-09-10,21.555320593593777,21.925899171134073,22.11118845990422,21.308268208566915,1705.0,54184848.0,4.54
2024-09-11,21.2465051123102,21.49355749733706,21.49355749733706,21.2465051123102,1542.0,60634461.0,4.56
2024-09-12,21.80237297862064,21.555320593593777,21.864136074877358,21.308268208566915,1068.0,36001788.0,4.64
2024-09-13,22.23471465241765,21.80237297862064,22.358240844931085,21.80237297862064,1093.0,34217940.0,4.66
2024-09-16,22.914108711241525,22.23471465241765,23.161161096268387,22.172951556160935,1895.0,67965788.0,4.66
2024-09-18,23.222924192525102,23.09939800001167,23.346450385038533,22.97587180749824,1502.0,51148113.0,4.67
2024-09-19,23.161161096268387,23.222924192525102,23.28468728878182,22.97587180749824,1009.0,32395789.0,4.69
2024-09-20,23.346450385038533,23.09939800001167,23.531739673808683,23.09939800001167,1110.0,40534046.0,4.72
2024-09-23,23.037634903754952,23.346450385038533,23.531739673808683,23.037634903754952,1345.0,32912765.0,4.72
2024-09-24,23.09939800001167,23.037634903754952,23.222924192525102,22.85234561498481,764.0,19351207.0,4.73
2024-09-25,23.778792058835545,23.40821348129525,24.211133732632558,23.40821348129525,2740.0,104266423.0,4.81
2024-09-26,24.087607540119123,23.84055515509226,24.27289682888927,23.84055515509226,2553.0,98557309.0,4.79
2024-09-27,26.496368294131035,24.643475406429562,26.496368294131035,24.581712310172847,10489.0,687183506.0,4.96
2024-09-30,27.855156411778783,27.36105164172505,28.781602855629515,26.805183775414612,38837.0,2530956617.0,4.69
2024-10-01,28.349261181832507,27.855156411778783,28.349261181832507,27.29928854546834,17521.0,999515129.0,4.74
2024-10-04,27.855156411778783,28.225734989319076,28.658076663116084,27.793393315522064,8875.0,495155778.0,4.66
2024-10-07,27.29928854546834,27.916919508035498,28.16397189306236,27.29928854546834,6155.0,306631572.0,4.79
2024-10-08,26.681657582901185,27.793393315522064,28.843365951886234,26.681657582901185,10567.0,585222391.0,4.7
2024-10-09,25.322869465253437,26.928709967928047,26.928709967928047,25.199343272740002,6935.0,337937705.0,4.68
2024-10-11,25.13758017648329,25.322869465253437,25.508158754023583,24.890527791456424,2391.0,108760535.0,4.67
2024-10-14,25.44639565776687,24.95229088771314,25.5699218502803,24.828764695199713,2020.0,82249538.0,4.7
2024-10-15,25.13758017648329,25.508158754023583,25.631684946537014,25.13758017648329,1790.0,89557558.0,4.7
2024-10-16,25.322869465253437,25.940500427820595,26.311079005360888,25.199343272740002,4889.0,248270399.0,4.56
2024-10-17,26.43460519787432,25.322869465253437,26.743420679157897,25.199343272740002,5042.0,256037060.0,4.68
2024-10-18,26.249315909104173,26.249315909104173,26.805183775414612,25.940500427820595,3554.0,161363111.0,4.71
2024-10-21,26.619894486644466,26.43460519787432,26.681657582901185,26.125789716590738,2923.0,124460306.0,4.7
2024-10-22,25.940500427820595,26.681657582901185,26.681657582901185,25.940500427820595,2455.0,106233252.0,4.61
2024-10-23,25.878737331563876,26.187552812847457,26.496368294131035,25.75521113905045,2075.0,85145931.0,4.59
2024-10-24,25.508158754023583,25.940500427820595,25.940500427820595,25.508158754023583,2236.0,77567438.0,4.6
2024-10-25,25.5699218502803,25.384632561510152,25.631684946537014,25.384632561510152,1109.0,46352428.0,4.59
2024-10-28,25.75521113905045,25.5699218502803,26.064026620334026,25.26110636899672,1616.0,69812688.0,4.65
2024-10-29,25.44639565776687,25.81697423530716,26.00226352407731,25.322869465253437,2095.0,82774143.0,4.62
2024-10-30,25.384632561510152,25.508158754023583,25.75521113905045,25.199343272740002,1279.0,56596715.0,4.66
2024-11-01,25.81697423530716,24.828764695199713,25.940500427820595,24.581712310172847,1892.0,72114047.0,4.72
2024-11-04,25.384632561510152,25.631684946537014,25.693448042793733,25.26110636899672,1166.0,43995425.0,4.71
2024-11-05,26.00226352407731,25.508158754023583,26.187552812847457,25.44639565776687,2050.0,94631830.0,4.73
2024-11-06,27.17576235295491,26.249315909104173,27.5463409304952,25.81697423530716,6134.0,345416773.0,4.67
2024-11-07,26.372842101617607,27.60810402675192,28.472787374345938,26.372842101617607,14896.0,788030554.0,4.25
2024-11-08,25.75521113905045,26.43460519787432,26.681657582901185,25.693448042793733,3395.0,151447715.0,4.27
2024-11-11,26.496368294131035,25.75521113905045,26.496368294131035,25.44639565776687,1769.0,92398451.0,4.29
2024-11-12,25.44639565776687,26.064026620334026,26.064026620334026,25.44639565776687,2837.0,120361782.0,4.13
2024-11-13,25.075817080226575,25.322869465253437,25.75521113905045,25.075817080226575,2038.0,94643885.0,4.03
2024-11-14,24.581712310172847,25.199343272740002,25.384632561510152,24.581712310172847,2499.0,103582885.0,4.0
2024-11-15,25.13758017648329,24.581712310172847,25.322869465253437,24.581712310172847,1582.0,60842184.0,4.13
2024-11-18,25.322869465253437,25.322869465253437,25.44639565776687,24.95229088771314,1362.0,56548861.0,4.11
2024-11-19,25.075817080226575,25.44639565776687,25.44639565776687,24.95229088771314,1547.0,61779227.0,4.11
2024-11-20,25.199343272740002,25.075817080226575,25.508158754023583,25.075817080226575,1416.0,49711911.0,4.14
2024-11-21,24.890527791456424,25.199343272740002,25.199343272740002,24.890527791456424,1174.0,42132602.0,4.1
2024-11-22,25.322869465253437,25.199343272740002,25.508158754023583,24.95229088771314,1452.0,50433191.0,4.17
2024-11-25,25.940500427820595,26.064026620334026,26.064026620334026,25.384632561510152,2890.0,109964787.0,4.3
2024-11-26,25.631684946537014,25.75521113905045,26.372842101617607,25.5699218502803,2768.0,101577058.0,4.35
2024-11-27,25.01405398396986,25.940500427820595,25.940500427820595,24.890527791456424,2054.0,82501193.0,4.3
2024-11-28,24.643475406429562,25.01405398396986,25.075817080226575,24.334659925145985,2238.0,86992219.0,4.23
2024-11-29,24.334659925145985,24.3964230214027,24.3964230214027,24.087607540119123,1407.0,48946115.0,4.19
2024-12-02,23.902318251348976,24.581712310172847,24.828764695199713,23.902318251348976,2223.0,68923180.0,4.14
2024-12-03,23.65526586632211,23.902318251348976,24.087607540119123,23.346450385038533,4971.0,151263228.0,4.29
2024-12-04,23.5935027700654,23.65526586632211,23.778792058835545,23.469976577551964,1850.0,56655727.0,4.31
2024-12-05,23.40821348129525,23.717028962578826,23.717028962578826,23.346450385038533,1644.0,53889917.0,4.3
2024-12-06,23.717028962578826,23.40821348129525,23.717028962578826,23.346450385038533,1374.0,47634998.0,4.35
2024-12-09,23.96408134760569,23.84055515509226,24.211133732632558,23.469976577551964,1548.0,52476348.0,4.39
2024-12-10,24.519949213916135,24.087607540119123,24.890527791456424,24.025844443862407,2611.0,94878640.0,4.41
2024-12-11,23.902318251348976,24.3964230214027,24.3964230214027,23.902318251348976,1221.0,38767949.0,4.39
2024-12-12,23.40821348129525,24.025844443862407,24.14937063637584,23.40821348129525,1639.0,59336579.0,4.35
2024-12-13,22.914108711241525,23.346450385038533,23.40821348129525,22.85234561498481,1594.0,51221095.0,4.34
2024-12-16,22.481767037444513,22.97587180749824,23.222924192525102,22.481767037444513,1380.0,49611525.0,4.35
2024-12-17,22.23471465241765,22.481767037444513,22.605293229957947,22.172951556160935,2429.0,65464212.0,4.33
2024-12-18,22.481767037444513,22.11118845990422,22.605293229957947,22.049425363647508,1206.0,45895066.0,4.33
2024-12-19,22.29647774867437,22.23471465241765,22.29647774867437,21.98766226739079,1572.0,53422442.0,4.3
2024-12-20,21.98766226739079,22.11118845990422,22.23471465241765,21.98766226739079,1262.0,38143173.0,4.25
2024-12-23,22.29647774867437,21.98766226739079,22.420003941187797,21.98766226739079,769.0,22087307.0,4.28
2024-12-24,22.23471465241765,22.481767037444513,22.667056326214663,22.23471465241765,678.0,21725533.0,4.27
2024-12-25,22.420003941187797,22.420003941187797,22.543530133701232,22.23471465241765,514.0,18080721.0,4.27
2024-12-26,22.481767037444513,22.420003941187797,22.728819422471375,22.420003941187797,533.0,16405605.0,4.28
2024-12-27,22.29647774867437,22.481767037444513,22.481767037444513,22.23471465241765,693.0,21923419.0,4.27
2024-12-30,22.049425363647508,22.29647774867437,22.358240844931085,22.049425363647508,636.0,16879229.0,4.25
2024-12-31,21.925899171134073,22.049425363647508,22.049425363647508,21.617083689850496,1235.0,42754705.0,4.21
2025-01-02,21.617083689850496,21.740609882363927,22.11118845990422,21.49355749733706,1343.0,38408830.0,4.27
2025-01-03,21.43179440108035,21.67884678610721,21.98766226739079,21.43179440108035,1182.0,35134229.0,4.24
2025-01-06,21.740609882363927,21.370031304823634,21.98766226739079,21.370031304823634,1165.0,38793235.0,4.29
2025-01-07,21.43179440108035,21.740609882363927,21.740609882363927,21.43179440108035,1282.0,37466873.0,4.25
2025-01-08,21.49355749733706,21.43179440108035,21.555320593593777,21.2465051123102,883.0,26859319.0,4.27
2025-01-09,20.752400342256475,21.555320593593777,21.555320593593777,20.752400342256475,2053.0,62069649.0,4.2
2025-01-10,20.381821764716182,20.752400342256475,20.999452727283337,20.258295572202748,2146.0,96548929.0,4.26
2025-01-13,20.13476937968932,20.320058668459463,20.443584860972898,19.82595389840574,1783.0,67645057.0,4.33
2025-01-14,20.69063724599976,20.13476937968932,20.69063724599976,20.13476937968932,1544.0,47929463.0,4.29
2025-01-15,21.617083689850496,20.69063724599976,21.925899171134073,20.69063724599976,4733.0,156555986.0,4.16
2025-01-16,21.864136074877358,21.740609882363927,22.049425363647508,21.370031304823634,1922.0,62543663.0,4.17
2025-01-17,22.667056326214663,21.617083689850496,22.728819422471375,21.617083689850496,3418.0,123510244.0,4.27
2025-01-20,23.346450385038533,22.85234561498481,23.346450385038533,22.29647774867437,3993.0,137606541.0,4.2
2025-01-21,23.28468728878182,23.346450385038533,23.96408134760569,23.28468728878182,3673.0,127682176.0,4.13
2025-01-22,23.902318251348976,23.469976577551964,23.96408134760569,23.346450385038533,2957.0,130211891.0,4.31
2025-02-03,24.087607540119123,23.5935027700654,24.211133732632558,23.346450385038533,2657.0,103311719.0,4.43
2025-02-04,23.5935027700654,24.087607540119123,24.087607540119123,23.469976577551964,1662.0,57420825.0,4.42
2025-02-05,23.161161096268387,24.025844443862407,24.14937063637584,22.97587180749824,2269.0,81499513.0,4.38
2025-02-06,23.037634903754952,23.161161096268387,23.469976577551964,23.037634903754952,1227.0,43688409.0,4.4
2025-02-07,22.543530133701232,23.222924192525102,23.222924192525102,22.543530133701232,1293.0,43023599.0,4.38
2025-02-10,24.705238502686278,22.85234561498481,24.767001598942997,22.85234561498481,14804.0,637811722.0,4.44
2025-02-11,23.40821348129525,24.334659925145985,24.890527791456424,23.40821348129525,10947.0,482649323.0,4.32
2025-02-12,23.037634903754952,23.40821348129525,23.65526586632211,22.914108711241525,3487.0,129216009.0,4.27
2025-02-13,25.322869465253437,23.65526586632211,25.322869465253437,23.5935027700654,14103.0,634857268.0,4.75
2025-02-14,27.17576235295491,25.940500427820595,27.669867123008633,25.508158754023583,30924.0,1832996554.0,4.54
2025-02-17,27.11399925669819,26.681657582901185,27.17576235295491,26.064026620334026,12412.0,609762565.0,4.52
2025-02-18,26.805183775414612,27.17576235295491,27.29928854546834,26.43460519787432,6622.0,414722421.0,4.31
2025-02-19,26.619894486644466,26.805183775414612,27.237525449211624,26.249315909104173,6828.0,356011385.0,4.24
2025-02-20,26.743420679157897,27.42281473798177,28.040445700548926,26.681657582901185,9647.0,509164484.0,4.11
2025-02-21,27.29928854546834,26.55813139038775,27.36105164172505,26.43460519787432,5244.0,278329888.0,4.2
2025-02-24,28.225734989319076,27.5463409304952,29.15218143316981,26.990473064184762,11845.0,750897325.0,4.29
2025-02-25,30.016864780763832,28.411024278089222,30.387443358304125,28.225734989319076,29613.0,1921166220.0,4.71
2025-02-26,30.263917165790694,30.016864780763832,30.387443358304125,29.090418336913096,21641.0,1416801725.0,4.99
2025-02-27,30.449206454560837,30.016864780763832,31.252126705898146,29.76981239573697,18022.0,1090136059.0,5.58
2025-03-03,29.46099691445339,28.59631356685937,30.016864780763832,28.16397189306236,12217.0,709772274.0,5.85
2025-03-04,29.27570762568324,29.090418336913096,29.831575491993682,28.658076663116084,8237.0,466980072.0,5.79
2025-03-05,31.066837417127996,29.46099691445339,31.31388980215486,29.15218143316981,18426.0,1193232017.0,6.02
2025-03-06,31.12860051338471,31.066837417127996,31.499179090925008,30.696258839587703,14587.0,936605900.0,6.08
2025-03-07,30.696258839587703,30.943311224614565,32.30209934226231,30.696258839587703,15134.0,887866676.0,6.28
2025-03-10,31.190363609641427,30.57273264707427,31.43741599466829,30.510969550817556,7533.0,427816187.0,6.34
2025-03-11,30.634495743330987,30.819785032101134,30.88154812835785,30.016864780763832,6709.0,426403493.0,6.24
2025-03-12,30.263917165790694,31.252126705898146,31.499179090925008,30.016864780763832,7965.0,448077047.0,6.12
2025-03-13,29.399233818196674,30.263917165790694,30.387443358304125,29.27570762568324,7045.0,396023213.0,6.2
2025-03-14,29.893338588250398,29.46099691445339,30.202154069533975,29.213944529426524,5761.0,334737014.0,6.24
2025-03-17,29.58452310696682,29.893338588250398,30.263917165790694,29.46099691445339,4271.0,181518838.0,6.15
2025-03-18,29.955101684507113,29.893338588250398,30.14039097327726,29.46099691445339,3303.0,141504524.0,6.16
2025-03-19,30.263917165790694,29.893338588250398,30.943311224614565,29.76981239573697,6603.0,393571804.0,6.4
2025-03-20,29.955101684507113,30.263917165790694,30.32568026204741,29.831575491993682,3573.0,164727199.0,6.3
2025-03-21,28.658076663116084,30.14039097327726,30.32568026204741,28.534550470602653,6096.0,357331169.0,6.22
2025-03-24,28.843365951886234,28.781602855629515,29.337470721939958,28.411024278089222,3348.0,152155306.0,6.22
2025-03-25,27.36105164172505,28.16397189306236,28.225734989319076,26.866946871671328,9181.0,454416174.0,6.45
2025-03-26,27.42281473798177,27.17576235295491,27.5463409304952,27.11399925669819,3147.0,159031428.0,6.54
2025-03-27,27.42281473798177,27.237525449211624,27.855156411778783,27.11399925669819,2635.0,110774519.0,6.51
2025-03-28,26.681657582901185,27.29928854546834,27.42281473798177,26.372842101617607,3097.0,148999497.0,6.43
2025-03-31,25.44639565776687,25.940500427820595,26.681657582901185,25.44639565776687,3713.0,246232956.0,6.6
2025-04-01,25.81697423530716,25.26110636899672,26.311079005360888,25.26110636899672,2308.0,94444375.0,6.55
2025-04-02,25.81697423530716,26.064026620334026,26.064026620334026,25.44639565776687,1639.0,77075055.0,6.5
2025-04-07,23.28468728878182,23.28468728878182,23.28468728878182,23.28468728878182,1017.0,20272446.0,6.5
2025-04-08,20.999452727283337,21.122978919796772,22.728819422471375,20.999452727283337,6970.0,303951132.0,6.7
2025-04-09,18.899507454555003,20.752400342256475,20.937689631026622,18.899507454555003,6340.0,321889175.0,6.46
2025-04-10,20.381821764716182,20.752400342256475,20.752400342256475,20.13476937968932,4219.0,279283906.0,6.39
2025-04-11,19.640664609635593,20.0730062834326,20.628874149743044,19.023033647068434,6014.0,301539062.0,6.49
2025-04-14,20.443584860972898,20.011243187175886,21.122978919796772,20.011243187175886,5390.0,204392133.0,6.54
2025-04-15,21.43179440108035,20.752400342256475,21.80237297862064,20.628874149743044,4170.0,147465581.0,6.53
2025-04-16,20.628874149743044,21.2465051123102,21.2465051123102,20.628874149743044,3445.0,91573834.0,6.3
2025-04-17,20.381821764716182,20.505347957229613,20.875926534769906,20.196532475946036,2213.0,74234794.0,6.26
2025-04-18,19.88771699466246,20.443584860972898,20.443584860972898,19.764190802149024,3766.0,133515191.0,6.14
2025-04-21,19.208322935838584,20.011243187175886,20.011243187175886,19.146559839581865,3642.0,91261505.0,5.97
2025-04-22,19.208322935838584,18.96127055081172,19.393612224608727,18.775981262041572,2532.0,73522399.0,5.92
2025-04-23,19.88771699466246,19.764190802149024,19.94948009091917,19.517138417122162,3223.0,75924865.0,5.92
2025-04-24,20.13476937968932,20.13476937968932,20.320058668459463,19.88771699466246,2067.0,67598384.0,5.89
2025-04-25,20.13476937968932,20.443584860972898,20.567111053486325,20.13476937968932,1604.0,57813575.0,5.84
2025-04-28,20.196532475946036,20.196532475946036,20.381821764716182,20.0730062834326,1987.0,67439323.0,5.9
2025-04-29,20.443584860972898,20.196532475946036,20.875926534769906,20.196532475946036,3697.0,121210454.0,6.09
2025-04-30,19.88771699466246,20.505347957229613,20.628874149743044,19.70242770589231,2662.0,91939211.0,5.87
2025-05-02,20.381821764716182,19.94948009091917,20.505347957229613,19.94948009091917,2895.0,104227886.0,6.07
2025-05-05,20.196532475946036,20.567111053486325,20.937689631026622,19.764190802149024,3619.0,124515327.0,6.04
2025-05-06,20.628874149743044,20.196532475946036,21.370031304823634,20.196532475946036,6465.0,283462280.0,5.84
2025-05-07,20.13476937968932,20.69063724599976,20.69063724599976,20.0730062834326,3006.0,106515110.0,5.88
2025-05-08,20.258295572202748,20.258295572202748,20.381821764716182,20.0730062834326,1789.0,66845658.0,5.93
2025-05-09,19.88771699466246,20.196532475946036,20.258295572202748,19.517138417122162,3543.0,125890043.0,5.7
2025-05-12,20.381821764716182,20.0730062834326,20.567111053486325,20.0730062834326,3418.0,128220546.0,5.94
2025-05-13,20.752400342256475,20.752400342256475,21.2465051123102,20.567111053486325,3177.0,140447253.0,6.06
2025-05-14,20.875926534769906,20.999452727283337,20.999452727283337,20.567111053486325,2215.0,88440370.0,6.03
2025-05-15,20.81416343851319,20.875926534769906,20.875926534769906,20.567111053486325,1270.0,53287375.0,5.95
2025-05-16,20.752400342256475,20.875926534769906,20.937689631026622,20.69063724599976,1318.0,57146576.0,5.99
2025-05-19,20.443584860972898,20.875926534769906,20.875926534769906,20.443584860972898,1309.0,54843440.0,5.92
2025-05-20,20.875926534769906,20.752400342256475,21.184742016053484,20.505347957229613,2274.0,92698781.0,5.97
2025-05-21,20.381821764716182,20.937689631026622,20.937689631026622,20.258295572202748,2469.0,108350662.0,5.8
2025-05-22,19.640664609635593,20.320058668459463,20.320058668459463,19.578901513378877,4330.0,149810723.0,5.45
2025-05-23,19.640664609635593,19.88771699466246,20.011243187175886,19.393612224608727,2433.0,94883065.0,5.57
2025-05-26,19.578901513378877,19.82595389840574,20.0730062834326,19.517138417122162,2130.0,90821168.0,5.6
2025-05-27,19.455375320865446,19.640664609635593,19.88771699466246,19.208322935838584,2135.0,84228214.0,5.61
2025-05-28,19.393612224608727,19.70242770589231,19.70242770589231,19.393612224608727,1635.0,51254524.0,5.65
2025-05-29,19.455375320865446,19.578901513378877,19.578901513378877,19.208322935838584,1240.0,43595933.0,5.59
2025-06-02,18.467165780757995,19.764190802149024,19.764190802149024,18.158350299474414,6760.0,247414733.0,5.45
2025-06-03,18.28187649198785,18.52892887701471,18.52892887701471,18.0965872032177,2478.0,74775738.0,5.38
