date,etl:adj_close,etl:adj_open,etl:adj_high,etl:adj_low,price:成交筆數,price:成交金額,foreign_investors_shareholding:全體外資及陸資持股比率
2007-04-23,43.9,44.8,44.9,43.75,902.0,92392261.0,0.32
2007-04-24,43.75,44.0,44.25,43.7,514.0,56404552.0,0.32
2007-04-25,43.35,43.8,44.15,43.3,458.0,42233519.0,0.32
2007-04-26,43.8,43.5,44.25,43.4,816.0,89182221.0,0.32
2007-04-27,43.8,44.0,44.3,43.7,683.0,70655528.0,0.32
2007-04-30,43.55,45.0,45.0,43.5,1688.0,180146250.0,0.32
2007-05-02,41.9,43.0,43.2,41.6,1241.0,136161298.0,0.32
2007-05-03,41.0,41.9,42.6,40.0,806.0,88406152.0,0.32
2007-05-04,41.7,41.0,41.95,41.0,500.0,68830841.0,0.44
2007-05-07,41.4,41.5,41.9,41.4,382.0,33932376.0,0.44
2007-05-08,41.1,41.5,41.75,41.05,455.0,40311760.0,0.44
2007-05-09,41.1,41.25,41.7,41.0,397.0,35385458.0,0.44
2007-05-10,41.0,41.2,41.45,40.9,381.0,39693236.0,0.44
2007-05-11,41.1,40.95,41.65,40.6,622.0,69598003.0,0.43
2007-05-14,40.9,41.5,41.5,40.9,276.0,28599498.0,0.43
2007-05-15,40.25,40.9,41.2,40.2,377.0,35294750.0,0.42
2007-05-16,40.15,40.2,40.5,39.9,437.0,38061720.0,0.42
2007-05-17,40.35,40.25,40.6,40.2,321.0,30146914.0,0.42
2007-05-18,40.9,40.5,41.35,40.5,460.0,36118599.0,0.42
2007-05-21,41.1,41.0,41.35,40.9,215.0,18983928.0,0.42
2007-05-22,41.15,41.3,41.55,41.0,354.0,30194009.0,0.42
2007-05-23,40.85,41.2,41.5,40.75,522.0,49512328.0,0.42
2007-05-24,41.0,41.0,41.25,40.85,355.0,28951963.0,0.42
2007-05-25,40.85,41.0,41.1,40.75,291.0,24963414.0,0.42
2007-05-28,41.6,41.2,41.75,41.05,894.0,99935961.0,0.42
2007-05-29,41.15,41.8,41.9,41.15,422.0,39277742.0,0.38
2007-05-30,41.0,41.2,41.3,41.0,265.0,25392099.0,0.38
2007-05-31,41.3,41.7,41.8,41.2,417.0,35645990.0,0.38
2007-06-01,41.8,41.7,42.5,41.3,1079.0,114788658.0,0.38
2007-06-04,43.1,42.0,43.15,41.9,1144.0,135631321.0,0.38
2007-06-05,42.85,43.2,43.7,42.8,1080.0,125171197.0,0.37
2007-06-06,42.3,43.0,43.3,42.2,657.0,70611247.0,0.37
2007-06-07,43.0,42.1,43.25,42.1,733.0,81361352.0,0.37
2007-06-08,42.6,42.6,42.9,42.5,503.0,71597420.0,0.37
2007-06-11,43.3,43.0,43.3,42.9,690.0,82174673.0,0.34
2007-06-12,43.6,43.5,44.8,43.4,1946.0,268123743.0,0.27
2007-06-13,43.1,44.0,44.0,42.95,907.0,129735674.0,0.27
2007-06-14,43.0,43.4,43.9,43.0,722.0,101817332.0,0.27
2007-06-15,42.35,43.6,43.6,42.3,610.0,65414103.0,0.27
2007-06-20,42.45,43.0,43.15,42.4,534.0,63995009.0,0.29
2007-06-21,42.8,42.9,43.3,42.3,607.0,70931857.0,0.29
2007-06-22,42.95,42.9,43.25,42.8,554.0,66655029.0,0.29
2007-06-23,43.05,43.0,43.25,43.0,586.0,60745411.0,0.29
2007-06-25,44.2,43.15,45.3,43.15,2320.0,317684978.0,0.48
2007-06-26,44.2,44.45,45.1,43.6,1471.0,186893298.0,0.5
2007-06-27,45.35,44.1,45.6,44.1,2368.0,312366543.0,0.51
2007-06-28,44.8,45.7,46.25,44.8,1816.0,270280975.0,0.69
2007-06-29,45.8,45.3,46.2,45.1,1961.0,305228741.0,1.45
2007-07-02,47.1,46.2,47.2,46.2,2471.0,409526300.0,1.85
2007-07-03,46.8,47.6,48.0,46.6,1619.0,233119042.0,2.09
2007-07-04,46.4,47.2,47.55,46.0,1458.0,225530714.0,2.32
2007-07-05,48.0,47.0,48.6,46.7,2715.0,408942096.0,2.32
2007-07-06,50.0,49.0,50.0,48.5,2740.0,475451575.0,2.36
2007-07-09,52.2,50.8,52.4,50.1,2829.0,558532247.0,2.37
2007-07-10,53.6,52.4,53.8,51.2,2152.0,362195902.0,2.37
2007-07-11,54.2,53.0,55.9,52.7,2352.0,434063033.0,2.36
2007-07-12,53.3,54.9,55.2,52.7,1704.0,309111798.0,2.36
2007-07-13,52.5,53.8,54.0,51.7,1467.0,270180264.0,2.36
2007-07-16,52.0,52.5,53.7,52.0,1042.0,168933548.0,2.36
2007-07-17,53.3,52.0,53.8,51.8,1193.0,199525313.0,2.36
2007-07-18,54.3,53.3,55.1,52.5,2403.0,408767310.0,2.36
2007-07-19,53.2,54.3,54.5,53.2,1194.0,192199170.0,2.82
2007-07-20,56.9,54.5,56.9,53.7,3058.0,659163074.0,2.81
2007-07-23,57.1,57.5,58.6,56.0,2827.0,535932854.0,2.82
2007-07-24,57.2,57.8,59.5,56.5,2458.0,444732845.0,3.53
2007-07-25,58.6,57.0,59.4,56.5,2005.0,367041413.0,3.72
2007-07-26,62.0,60.2,62.7,58.5,5986.0,1279626617.0,4.16
2007-07-27,64.0,63.0,66.0,60.0,5589.0,902016852.0,4.41
2007-07-30,62.2,65.9,67.5,61.0,3614.0,587966858.0,4.56
2007-07-31,61.2,63.9,64.4,60.1,2683.0,419927831.0,4.8
2007-08-01,59.6,61.5,62.8,59.5,2007.0,325296667.0,4.67
2007-08-02,56.2,60.5,61.2,55.5,2351.0,357978492.0,4.67
2007-08-03,57.4,57.5,58.2,56.2,1526.0,232389873.0,4.67
2007-08-06,55.9,54.4,56.6,54.4,892.0,123380297.0,4.64
2007-08-07,55.0,56.9,56.9,55.0,897.0,127376239.0,4.64
2007-08-08,56.3,55.0,56.5,53.4,1814.0,270012540.0,4.64
2007-08-09,56.0,56.6,57.3,54.7,1503.0,213505045.0,5.03
2007-08-10,56.0,54.0,56.5,54.0,1042.0,151152133.0,5.07
2007-08-13,56.8,56.8,58.5,56.5,2106.0,323951756.0,5.07
2007-08-14,54.0,52.5,54.9,52.3,2376.0,398988235.0,5.07
2007-08-15,51.0,53.9,54.0,50.3,1204.0,189469749.0,5.07
2007-08-16,47.45,50.0,50.5,47.45,1020.0,163862245.0,4.76
2007-08-17,44.15,46.7,47.95,44.15,881.0,118345700.0,4.5
2007-08-20,47.2,47.0,47.2,46.2,496.0,76728512.0,4.51
2007-08-21,50.5,49.0,50.5,49.0,1341.0,243944271.0,4.48
2007-08-22,52.4,52.5,53.0,51.4,1771.0,221125308.0,4.53
2007-08-23,52.0,53.9,54.0,51.5,1452.0,182620353.0,4.48
2007-08-24,54.9,52.4,55.6,52.0,2216.0,353861725.0,5.32
2007-08-27,55.6,57.9,58.0,55.5,1580.0,228562392.0,5.72
2007-08-28,56.1,56.0,57.4,55.5,1394.0,201901400.0,6.18
2007-08-29,57.3,55.5,57.5,54.7,2104.0,311563489.0,6.58
2007-08-30,61.0,59.0,61.3,59.0,3629.0,726349702.0,8.01
2007-08-31,59.1,61.0,61.0,59.0,1948.0,263407505.0,8.01
2007-09-03,58.0,59.5,60.0,57.0,1933.0,301603304.0,7.81
2007-09-04,58.2,58.5,59.3,56.5,1807.0,273959827.0,7.52
2007-09-05,54.2,59.0,59.0,54.2,3041.0,457768634.0,6.88
2007-09-06,51.8,52.2,53.1,50.5,2415.0,340903349.0,5.26
2007-09-07,52.2,51.9,53.1,51.5,1439.0,172388451.0,5.28
2007-09-10,52.3,51.2,52.6,51.0,777.0,79292808.0,5.28
2007-09-11,52.7,52.3,53.6,52.3,813.0,94030526.0,5.28
2007-09-12,52.8,53.0,53.9,52.8,918.0,115837531.0,5.28
2007-09-13,51.8,53.3,53.3,51.8,652.0,90565540.0,5.29
2007-09-14,51.5,52.0,52.3,51.5,669.0,77130700.0,5.29
2007-09-17,51.8,51.6,53.1,51.5,691.0,76033998.0,5.28
2007-09-19,51.0,53.4,53.4,51.0,754.0,82011590.0,5.28
2007-09-20,51.5,51.9,52.3,51.1,636.0,61540691.0,5.28
2007-09-21,52.9,51.5,53.1,51.3,744.0,62974013.0,5.28
2007-09-26,52.0,53.4,53.5,52.0,669.0,63387084.0,5.28
2007-09-27,52.6,52.2,53.1,52.2,774.0,81302879.0,5.25
2007-09-28,53.8,52.8,55.0,52.6,1519.0,173472459.0,5.25
2007-09-29,53.5,54.2,54.4,53.2,626.0,67761355.0,5.25
2007-10-01,52.3,53.0,54.1,52.0,884.0,92872371.0,5.25
2007-10-02,51.8,52.8,53.0,51.7,653.0,68716811.0,5.17
2007-10-03,50.3,51.8,52.3,49.8,1429.0,156639032.0,5.17
2007-10-04,50.5,50.0,50.9,49.9,539.0,48477115.0,5.16
2007-10-05,50.3,50.8,51.2,50.2,473.0,48611823.0,5.16
2007-10-08,50.3,50.5,51.3,50.3,462.0,52136100.0,5.16
2007-10-09,49.5,50.4,50.9,49.2,492.0,123336380.0,5.16
2007-10-11,50.6,49.5,50.9,49.5,434.0,76204239.0,5.16
2007-10-12,49.8,50.6,50.8,49.8,331.0,28259302.0,5.16
2007-10-15,48.0,50.1,50.1,48.0,578.0,210443927.0,5.16
2007-10-16,49.35,48.7,49.9,48.7,518.0,44642604.0,5.16
2007-10-17,49.3,49.6,49.9,49.3,310.0,28631084.0,5.16
2007-10-18,49.35,49.45,50.6,49.3,490.0,45410844.0,5.15
2007-10-19,48.7,49.5,49.5,48.5,479.0,55333191.0,5.15
2007-10-22,46.3,46.5,47.4,46.25,621.0,61737651.0,5.15
2007-10-23,48.9,46.3,48.9,46.3,611.0,51100271.0,5.15
2007-10-24,47.65,49.2,49.2,47.6,374.0,33192818.0,5.15
2007-10-25,47.7,48.0,48.55,47.1,248.0,25137201.0,5.15
2007-10-26,48.6,48.0,49.3,48.0,458.0,48850010.0,5.15
2007-10-29,48.9,49.9,49.9,48.8,385.0,40690332.0,5.15
2007-10-30,50.0,48.9,50.5,48.5,762.0,98928367.0,5.28
2007-10-31,49.4,50.0,50.3,49.4,407.0,47928684.0,5.28
2007-11-01,48.6,49.6,50.3,48.5,312.0,32296097.0,5.28
2007-11-02,47.55,47.7,48.2,47.4,308.0,39589208.0,5.28
2007-11-05,47.3,47.55,48.0,47.0,253.0,26140996.0,5.28
2007-11-06,47.0,46.6,48.2,46.6,283.0,34032692.0,5.28
2007-11-07,46.6,47.55,48.0,46.6,239.0,18889798.0,5.28
2007-11-08,43.45,46.1,46.1,43.35,613.0,85454283.0,5.28
2007-11-09,42.0,43.4,43.6,42.0,414.0,50605474.0,5.28
2007-11-12,40.2,41.55,41.75,39.5,513.0,54156830.0,5.27
2007-11-13,41.95,40.6,42.15,40.1,490.0,37652030.0,5.27
2007-11-14,42.9,43.5,43.6,42.5,424.0,38417860.0,5.27
2007-11-15,42.1,42.9,42.9,42.0,218.0,19202278.0,5.27
2007-11-16,41.35,41.05,41.65,40.5,307.0,26712647.0,5.26
2007-11-19,42.5,41.75,43.6,41.75,388.0,29910828.0,5.26
2007-11-20,43.4,42.0,43.4,41.6,225.0,17031920.0,5.26
2007-11-21,43.9,43.9,44.5,42.8,292.0,25287081.0,5.26
2007-11-22,43.0,43.5,43.7,42.5,226.0,17785533.0,5.26
2007-11-23,41.6,43.0,43.4,41.6,174.0,14967432.0,5.26
2007-11-26,42.2,42.1,42.4,41.8,167.0,13956592.0,5.25
2007-11-27,41.1,40.6,42.0,40.2,288.0,30385736.0,5.25
2007-11-28,41.0,41.6,41.8,40.65,124.0,8881341.0,5.25
2007-11-29,41.7,42.15,42.15,41.6,179.0,18344208.0,5.25
2007-11-30,42.3,42.1,42.5,42.0,140.0,11165434.0,5.25
2007-12-03,42.0,42.5,42.55,41.95,148.0,11655118.0,5.25
2007-12-04,42.75,42.1,42.75,41.85,220.0,15887861.0,5.25
2007-12-05,44.5,43.2,44.5,42.85,516.0,45444472.0,5.25
2007-12-06,43.5,45.4,45.4,43.5,319.0,26394327.0,5.25
2007-12-07,43.45,44.0,44.2,43.05,240.0,21485920.0,5.22
2007-12-10,42.05,43.45,43.45,42.05,189.0,18230674.0,5.22
2007-12-11,42.6,42.6,42.8,42.25,186.0,13888821.0,5.2
2007-12-12,42.0,42.0,42.45,41.5,191.0,15879950.0,5.19
2007-12-13,40.8,41.7,42.35,40.7,249.0,19644738.0,5.18
2007-12-14,39.8,40.8,41.0,39.0,365.0,27454192.0,5.16
2007-12-17,37.1,39.7,39.9,37.1,383.0,31847341.0,5.13
2007-12-18,35.4,36.0,36.5,34.55,653.0,61471100.0,5.11
2007-12-19,37.85,36.0,37.85,35.65,517.0,40972745.0,5.11
2007-12-20,36.5,38.95,39.0,36.5,533.0,36941964.0,5.11
2007-12-21,36.65,37.0,37.6,36.2,377.0,25643028.0,5.11
2007-12-24,38.1,37.1,38.45,37.1,328.0,27048699.0,5.11
2007-12-25,39.2,38.9,39.9,38.0,414.0,32191679.0,5.11
2007-12-26,38.7,39.2,39.2,38.4,276.0,19570668.0,5.11
2007-12-27,39.9,38.5,40.6,38.5,614.0,50464896.0,5.11
2007-12-28,40.9,40.5,41.1,39.1,491.0,41138610.0,5.11
2007-12-31,41.3,41.4,41.4,40.45,296.0,25781211.0,5.11
2008-01-02,40.2,40.8,41.25,40.1,320.0,25469421.0,5.11
2008-01-03,39.6,39.1,39.8,39.1,191.0,14783463.0,5.11
2008-01-04,39.7,39.6,40.0,39.3,172.0,11601830.0,5.11
2008-01-07,37.5,38.0,38.6,37.5,308.0,26739791.0,5.11
2008-01-08,37.5,38.0,38.25,37.5,180.0,14198384.0,5.11
2008-01-09,38.0,35.6,38.0,35.6,174.0,14111529.0,5.11
2008-01-10,37.7,38.6,38.7,37.6,203.0,17520100.0,5.11
2008-01-11,38.0,38.2,38.5,37.9,144.0,10500206.0,5.11
2008-01-14,38.6,39.1,39.4,38.0,230.0,21525103.0,5.11
2008-01-15,39.2,39.0,40.0,38.8,290.0,22157055.0,5.11
2008-01-16,38.3,38.75,38.85,38.05,178.0,16464945.0,5.11
2008-01-17,38.0,38.35,39.0,37.5,196.0,17220279.0,5.11
2008-01-18,38.5,37.5,38.5,37.5,129.0,9096410.0,5.11
2008-01-21,38.4,38.5,38.8,38.1,116.0,9893925.0,5.11
2008-01-22,35.75,36.0,36.9,35.75,313.0,45765060.0,5.11
2008-01-23,33.55,36.15,36.2,33.25,436.0,35232149.0,5.11
2008-01-24,34.2,34.05,35.0,32.5,373.0,38773133.0,5.15
2008-01-25,36.55,35.45,36.55,34.5,252.0,27668464.0,5.15
2008-01-28,37.0,36.55,37.55,36.0,371.0,27115311.0,5.31
2008-01-29,37.5,37.2,38.4,37.1,427.0,29145845.0,5.41
2008-01-30,37.4,38.0,38.0,37.4,308.0,21608160.0,5.57
2008-01-31,37.25,37.4,37.75,36.5,163.0,9394950.0,5.57
2008-02-01,38.3,37.8,38.3,37.6,182.0,14559859.0,5.57
2008-02-12,37.6,38.0,38.0,36.55,109.0,8996390.0,5.54
2008-02-13,37.0,37.6,37.8,37.0,145.0,13606041.0,5.54
2008-02-14,38.1,37.2,38.3,37.2,151.0,10144411.0,5.54
2008-02-15,38.0,37.0,38.1,37.0,110.0,8008131.0,5.54
2008-02-18,38.0,38.0,38.35,37.3,148.0,9742586.0,5.54
2008-02-19,38.3,38.0,38.5,37.8,231.0,15706657.0,5.54
2008-02-20,37.8,38.3,38.5,37.75,169.0,12942150.0,5.54
2008-02-21,39.2,38.0,39.2,37.9,361.0,28975369.0,5.54
2008-02-22,38.2,39.0,39.0,38.0,192.0,15762000.0,5.47
2008-02-25,38.25,38.5,38.7,38.0,289.0,22617579.0,5.4
2008-02-26,38.3,38.3,38.85,38.2,216.0,13477157.0,5.36
2008-02-27,39.1,38.7,39.45,38.35,328.0,29411008.0,5.36
2008-02-29,40.4,38.95,40.5,38.2,647.0,42520856.0,5.2
2008-03-03,39.2,39.7,39.7,39.0,248.0,19510220.0,5.2
2008-03-04,39.5,39.2,40.1,39.2,256.0,17398999.0,5.14
2008-03-05,39.75,39.5,39.75,38.6,313.0,20134200.0,5.07
2008-03-06,42.5,40.8,42.5,40.8,1308.0,153986307.0,4.72
2008-03-07,42.0,42.4,42.9,41.9,1143.0,105027310.0,4.38
2008-03-10,41.2,42.0,42.25,40.6,420.0,44156860.0,4.27
2008-03-11,41.4,41.0,41.95,40.7,340.0,30653774.0,4.22
2008-03-12,41.3,42.0,42.6,41.3,519.0,54887829.0,4.07
2008-03-13,41.0,41.3,41.75,40.9,260.0,20650450.0,4.07
2008-03-14,39.9,41.15,41.4,39.6,383.0,32420826.0,3.97
2008-03-17,39.65,39.5,40.0,39.2,214.0,18943043.0,3.97
2008-03-18,39.8,39.65,40.4,39.6,154.0,11446433.0,3.97
2008-03-19,39.9,40.3,40.6,39.9,208.0,16199522.0,3.97
2008-03-20,41.85,39.7,42.0,39.7,305.0,24879166.0,3.97
2008-03-21,41.25,41.85,41.9,41.0,347.0,30203634.0,3.97
2008-03-24,41.7,43.0,43.0,41.35,324.0,30710321.0,3.89
2008-03-25,42.15,42.5,43.0,41.85,518.0,46204859.0,3.81
2008-03-26,42.0,42.4,42.6,41.95,248.0,21633320.0,3.75
2008-03-27,41.8,41.7,42.0,41.5,203.0,19349622.0,3.71
2008-03-28,42.55,41.8,43.2,41.8,524.0,54424804.0,3.54
2008-03-31,42.05,42.65,42.7,42.05,302.0,34754800.0,3.43
2008-04-01,41.85,42.1,42.4,41.85,250.0,22704940.0,3.35
2008-04-02,42.4,42.35,42.8,42.1,296.0,22333498.0,3.24
2008-04-03,42.5,43.2,43.2,42.45,300.0,23845289.0,3.17
2008-04-07,42.5,42.8,43.0,42.35,335.0,30399971.0,3.08
2008-04-08,44.5,42.7,44.8,42.6,1136.0,127414752.0,2.83
2008-04-09,43.8,44.6,44.8,43.8,474.0,44080731.0,2.83
2008-04-10,44.65,43.8,45.2,43.8,737.0,84416033.0,2.83
2008-04-11,44.0,44.8,45.0,44.0,446.0,45991042.0,2.83
2008-04-14,43.9,44.0,44.2,43.3,316.0,37317199.0,2.83
2008-04-15,43.65,43.9,43.95,43.4,268.0,23308189.0,2.83
2008-04-16,43.85,43.7,44.3,43.7,302.0,29028671.0,2.89
2008-04-17,44.2,44.25,44.7,44.1,392.0,34475992.0,2.97
2008-04-18,44.3,44.5,44.5,44.0,275.0,25760185.0,3.03
2008-04-21,46.75,45.1,47.3,45.1,1193.0,122493492.0,3.03
2008-04-22,47.05,46.8,47.25,46.7,758.0,86264846.0,3.17
2008-04-23,48.0,47.2,49.2,47.2,963.0,116265001.0,3.24
2008-04-24,47.55,48.15,48.35,47.3,509.0,53478577.0,3.24
2008-04-25,46.9,47.8,48.3,46.9,538.0,76704547.0,3.24
2008-04-28,47.0,47.4,47.7,46.9,276.0,26691626.0,3.24
2008-04-29,47.0,47.0,47.6,46.95,381.0,34612781.0,3.18
2008-04-30,47.4,47.0,48.2,47.0,413.0,52525620.0,3.18
2008-05-02,47.5,48.0,48.5,47.5,375.0,50640509.0,3.18
2008-05-05,46.6,47.6,47.6,46.5,419.0,58958950.0,3.18
2008-05-06,47.45,46.3,47.5,46.2,211.0,17299121.0,3.17
2008-05-07,47.15,47.5,48.0,47.15,271.0,30932577.0,3.17
2008-05-08,47.35,47.0,47.8,47.0,171.0,14260475.0,3.17
2008-05-09,48.3,47.4,49.5,47.4,824.0,87866730.0,3.17
2008-05-12,48.45,48.5,49.3,48.15,350.0,37777129.0,3.17
2008-05-13,48.2,48.9,49.0,47.9,320.0,30160825.0,3.17
2008-05-14,48.2,48.2,48.75,48.1,226.0,25979640.0,3.17
2008-05-15,48.85,48.45,49.4,48.4,402.0,50170298.0,3.17
2008-05-16,50.5,49.5,50.7,48.65,931.0,137912864.0,3.21
2008-05-19,52.0,51.5,52.0,50.1,893.0,108386780.0,3.21
2008-05-20,51.2,51.8,52.5,50.9,971.0,155414046.0,3.21
2008-05-21,50.1,51.1,51.9,50.1,720.0,90142100.0,3.21
2008-05-22,49.5,50.0,50.8,49.3,617.0,79396549.0,4.1
2008-05-23,49.5,50.5,50.5,49.3,667.0,72677513.0,4.1
2008-05-26,46.15,49.9,49.9,46.15,718.0,84407142.0,4.06
2008-05-27,46.9,46.5,47.0,46.1,418.0,41451373.0,4.06
2008-05-28,45.5,47.2,47.2,45.5,389.0,40970409.0,4.06
2008-05-29,45.35,46.0,46.8,45.0,432.0,65267390.0,4.06
2008-05-30,46.0,46.0,46.4,45.2,362.0,39162638.0,4.06
2008-06-02,46.5,46.1,46.7,46.0,191.0,19372509.0,4.06
2008-06-03,46.3,46.5,46.6,45.9,136.0,10456486.0,4.06
2008-06-04,46.45,46.4,46.45,46.2,122.0,18015869.0,4.06
2008-06-05,46.65,46.6,47.0,46.3,234.0,25283682.0,4.06
2008-06-06,46.6,47.0,47.1,46.5,184.0,14819224.0,4.06
2008-06-09,45.7,45.1,45.9,45.1,162.0,13826584.0,4.06
2008-06-10,44.3,45.9,46.0,43.95,546.0,61763868.0,4.06
2008-06-11,43.1,44.3,44.55,42.0,287.0,23667809.0,4.06
2008-06-12,40.4,41.95,42.05,40.1,476.0,45619204.0,4.06
2008-06-13,41.5,41.0,41.8,40.55,199.0,16261950.0,4.06
2008-06-16,41.75,42.1,42.5,41.75,157.0,13109087.0,4.06
2008-06-17,42.35,42.0,42.5,41.8,120.0,7151974.0,4.09
2008-06-18,43.5,42.4,43.8,42.4,177.0,18202945.0,4.09
2008-06-19,42.7,43.0,43.4,42.7,117.0,8891970.0,4.09
2008-06-20,42.0,43.5,43.5,41.8,100.0,7475736.0,4.09
2008-06-23,41.2,41.65,41.65,40.7,132.0,9375459.0,4.09
2008-06-24,41.2,41.8,41.8,41.15,89.0,6413446.0,4.09
2008-06-25,41.45,41.5,41.7,40.0,150.0,12781060.0,4.11
2008-06-26,41.2,42.0,42.2,41.2,124.0,9545199.0,4.11
2008-06-27,38.8,38.5,39.9,38.35,267.0,20225593.0,4.12
2008-06-30,38.6,39.0,39.8,38.6,158.0,12196333.0,4.12
2008-07-01,36.25,38.9,38.9,35.95,388.0,34221826.0,4.12
2008-07-02,37.6,36.8,37.8,36.5,169.0,11310461.0,4.12
2008-07-03,39.2,37.0,39.3,36.5,248.0,18526628.0,4.15
2008-07-04,39.05,39.0,39.9,39.0,176.0,11531549.0,4.15
2008-07-07,39.0,39.7,39.7,38.8,91.0,7156771.0,4.15
2008-07-08,38.6,39.1,39.7,38.5,141.0,10238115.0,4.15
2008-07-09,39.0,39.0,39.6,39.0,207.0,16419058.0,4.15
2008-07-10,39.35,39.2,39.6,38.8,166.0,11966717.0,4.15
2008-07-11,42.1,40.7,42.1,40.55,654.0,68792989.0,4.15
2008-07-14,43.9,42.4,44.0,42.1,966.0,87787259.0,4.16
2008-07-15,41.9,43.9,44.1,41.5,629.0,49417406.0,4.16
2008-07-16,41.0,41.5,42.4,40.6,451.0,35117160.0,4.16
2008-07-17,42.3,42.0,42.9,41.9,445.0,50971642.0,4.18
2008-07-18,40.6,42.6,42.7,40.2,415.0,33850675.0,4.19
2008-07-21,40.9,40.85,41.5,40.85,213.0,22706476.0,4.21
2008-07-22,41.4,40.8,41.6,40.5,283.0,33822163.0,4.23
2008-07-23,42.4,42.1,42.5,42.0,746.0,88631215.0,4.26
2008-07-24,44.39194630872483,43.25369127516778,45.07489932885906,43.25369127516778,751.0,80736014.0,4.26
2008-07-25,44.164295302013414,43.822818791946304,44.164295302013414,43.7089932885906,279.0,26383874.0,4.25
2008-07-29,43.48134228187919,43.59516778523489,43.822818791946304,43.31060402684563,237.0,27771683.0,4.24
2008-07-30,43.48134228187919,44.164295302013414,44.84724832214765,43.48134228187919,308.0,26798292.0,4.24
2008-07-31,42.17234899328859,43.822818791946304,44.27812080536913,42.17234899328859,380.0,34885872.0,4.24
2008-08-01,42.855302013422815,42.17234899328859,43.02604026845637,42.11543624161074,299.0,22224674.0,4.28
2008-08-04,43.08295302013423,43.25369127516778,43.7089932885906,43.02604026845637,283.0,21174800.0,4.28
2008-08-05,42.68456375838926,43.36751677852349,43.53825503355704,42.22926174496644,230.0,17019782.0,4.28
2008-08-06,42.74147651006711,43.36751677852349,43.36751677852349,42.45691275167785,252.0,22475710.0,4.28
2008-08-07,41.94469798657718,42.68456375838926,42.798389261744965,41.71704697986577,356.0,29815045.0,4.28
2008-08-08,43.25369127516778,41.887785234899326,43.25369127516778,41.603221476510065,282.0,23936586.0,4.28
2008-08-11,44.22120805369128,43.99355704697986,44.84724832214765,43.99355704697986,569.0,63200074.0,4.28
2008-08-12,44.50577181208054,44.44885906040268,44.904161073825506,43.822818791946304,416.0,38571813.0,4.28
2008-08-13,44.50577181208054,44.50577181208054,44.904161073825506,44.164295302013414,272.0,24238650.0,4.28
2008-08-14,44.56268456375839,44.733422818791944,44.961073825503355,44.05046979865772,356.0,37958430.0,4.28
2008-08-15,43.822818791946304,44.84724832214765,44.84724832214765,43.822818791946304,294.0,22516750.0,4.28
2008-08-18,43.42442953020134,43.822818791946304,44.335033557046984,43.31060402684563,171.0,11478400.0,4.28
2008-08-19,43.7089932885906,43.139865771812076,44.44885906040268,42.68456375838926,255.0,22017730.0,4.28
2008-08-20,45.53020134228188,44.56268456375839,45.53020134228188,44.164295302013414,679.0,62104957.0,4.31
2008-08-21,44.56268456375839,45.302550335570466,45.35946308724832,44.44885906040268,501.0,49977732.0,4.31
2008-08-22,43.93664429530202,44.619597315436245,44.676510067114094,43.48134228187919,392.0,38796327.0,4.31
2008-08-25,44.22120805369128,44.733422818791944,44.84724832214765,44.164295302013414,418.0,39895186.0,4.31
2008-08-26,44.05046979865772,43.822818791946304,44.56268456375839,43.7089932885906,251.0,19055850.0,4.23
2008-08-27,44.39194630872483,44.05046979865772,44.961073825503355,43.765906040268455,356.0,33063893.0,4.23
2008-08-28,46.72536912751677,44.84724832214765,47.46523489932886,44.56268456375839,1395.0,143111537.0,4.23
2008-08-29,46.38389261744966,46.66845637583892,46.89610738255034,45.81476510067114,660.0,65988978.0,4.23
2008-09-01,43.822818791946304,45.53020134228188,45.53020134228188,43.59516778523489,697.0,61288771.0,4.23
2008-09-02,43.36751677852349,43.822818791946304,44.39194630872483,43.02604026845637,484.0,46452648.0,4.23
2008-09-03,42.74147651006711,43.25369127516778,43.7089932885906,42.45691275167785,417.0,45860609.0,4.23
2008-09-04,41.887785234899326,42.68456375838926,43.25369127516778,41.603221476510065,585.0,35687264.0,4.23
2008-09-05,41.830872483221476,40.749530201342274,41.830872483221476,39.26979865771812,402.0,27123825.0,4.23
2008-09-08,43.25369127516778,42.11543624161074,44.164295302013414,42.11543624161074,529.0,45282684.0,4.23
2008-09-09,40.97718120805369,43.25369127516778,43.25369127516778,40.23731543624161,468.0,41003435.0,4.25
2008-09-10,40.97718120805369,40.52187919463087,40.97718120805369,39.83892617449664,265.0,15099825.0,4.25
2008-09-11,39.55436241610738,40.749530201342274,40.749530201342274,39.49744966442953,239.0,17244471.0,4.25
2008-09-12,37.562416107382546,39.55436241610738,40.066577181208054,36.82255033557047,465.0,31003930.0,4.27
2008-09-15,34.94442953020134,36.993288590604024,36.993288590604024,34.94442953020134,354.0,23291200.0,4.28
2008-09-16,32.554093959731546,32.554093959731546,33.23704697986577,32.554093959731546,310.0,27429168.0,4.29
2008-09-17,32.611006711409395,33.578523489932884,34.489127516778524,32.554093959731546,422.0,24861926.0,4.38
2008-09-18,30.3344966442953,30.3344966442953,30.732885906040266,30.3344966442953,437.0,32787113.0,4.47
2008-09-19,32.44026845637584,31.871140939597314,32.44026845637584,31.358926174496645,342.0,22255270.0,4.5
2008-09-22,34.26147651006711,33.97691275167785,34.489127516778524,33.18013422818792,337.0,17375197.0,4.49
2008-09-23,34.94442953020134,33.92,34.94442953020134,33.35087248322148,331.0,17173531.0,4.56
2008-09-24,35.28590604026846,34.94442953020134,36.25342281879195,34.147651006711406,374.0,22778880.0,4.55
2008-09-25,34.94442953020134,35.058255033557046,35.39973154362416,34.31838926174496,282.0,13831010.0,4.59
2008-09-26,34.09073825503356,35.51355704697986,35.57046979865772,33.806174496644296,270.0,16477244.0,4.63
2008-09-30,32.611006711409395,31.75731543624161,32.611006711409395,31.75731543624161,259.0,20566106.0,4.63
2008-10-01,33.06630872483221,32.895570469798656,33.578523489932884,32.78174496644295,190.0,9457769.0,4.66
2008-10-02,33.12322147651007,33.00939597315436,33.63543624161074,32.554093959731546,135.0,6738325.0,4.66
2008-10-03,33.578523489932884,33.00939597315436,33.578523489932884,32.269530201342285,152.0,9431557.0,4.67
2008-10-06,32.611006711409395,33.00939597315436,33.00939597315436,32.554093959731546,124.0,7195575.0,4.66
2008-10-07,31.643489932885906,30.846711409395972,31.871140939597314,30.846711409395972,215.0,11138329.0,4.66
2008-10-08,29.480805369127513,30.732885906040266,31.188187919463083,29.480805369127513,273.0,11690080.0,4.66
2008-10-09,27.65959731543624,27.431946308724832,28.91167785234899,27.431946308724832,345.0,17952481.0,4.68
2008-10-13,26.69208053691275,26.69208053691275,26.69208053691275,26.69208053691275,77.0,5252909.0,4.68
2008-10-14,28.513288590604027,28.513288590604027,28.513288590604027,28.114899328859057,169.0,13819454.0,4.7
2008-10-15,28.001073825503358,28.513288590604027,28.513288590604027,27.602684563758388,220.0,12700293.0,4.7
2008-10-16,27.033557046979865,27.033557046979865,27.318120805369126,27.033557046979865,226.0,16058124.0,4.84
2008-10-17,26.293691275167784,26.86281879194631,27.033557046979865,26.122953020134226,245.0,12949097.0,4.83
2008-10-20,26.976644295302012,25.610738255033556,26.976644295302012,25.38308724832215,146.0,6396548.0,4.83
2008-10-21,27.318120805369126,27.20429530201342,28.057986577181204,26.976644295302012,164.0,7531060.0,4.83
2008-10-22,26.46442953020134,26.57825503355705,27.20429530201342,26.46442953020134,101.0,4658300.0,4.83
2008-10-23,25.553825503355704,25.553825503355704,25.553825503355704,25.553825503355704,61.0,2829721.0,4.83
2008-10-24,24.700134228187917,24.927785234899325,24.927785234899325,24.700134228187917,86.0,4398911.0,4.83
2008-10-27,22.992751677852347,22.992751677852347,23.903355704697987,22.992751677852347,212.0,10403715.0,4.82
2008-10-28,22.651275167785233,21.456107382550336,22.76510067114094,21.399194630872483,351.0,19399631.0,4.82
2008-10-29,22.02523489932886,23.67570469798658,24.017181208053692,22.02523489932886,266.0,14768270.0,4.82
2008-10-30,23.56187919463087,23.56187919463087,23.56187919463087,23.56187919463087,93.0,5896412.0,4.82
2008-10-31,25.15543624161074,25.15543624161074,25.15543624161074,25.15543624161074,71.0,6269747.0,4.82
2008-11-03,26.86281879194631,26.86281879194631,26.86281879194631,26.86281879194631,92.0,4547672.0,4.8
2008-11-04,28.740939597315435,28.740939597315435,28.740939597315435,28.740939597315435,129.0,6951399.0,4.8
2008-11-05,30.732885906040266,30.732885906040266,30.732885906040266,30.732885906040266,174.0,10050696.0,4.8
2008-11-06,31.302013422818792,31.302013422818792,32.83865771812081,30.732885906040266,2039.0,139908507.0,4.83
2008-11-07,32.667919463087244,29.82228187919463,33.46469798657718,29.594630872483222,1180.0,75366377.0,4.8
2008-11-10,31.358926174496645,32.667919463087244,32.667919463087244,31.302013422818792,722.0,48016790.0,4.8
2008-11-11,29.253154362416105,30.732885906040266,30.732885906040266,29.19624161073825,626.0,35104251.0,4.8
2008-11-12,29.19624161073825,28.684026845637582,30.163758389261744,28.456375838926174,587.0,34780990.0,4.8
2008-11-13,27.20429530201342,27.545771812080535,28.171812080536913,27.20429530201342,519.0,26889301.0,4.8
2008-11-14,27.48885906040268,28.684026845637582,28.91167785234899,27.20429530201342,539.0,27323959.0,4.81
2008-11-17,25.610738255033556,26.293691275167784,26.976644295302012,25.610738255033556,392.0,19557303.0,4.81
2008-11-18,23.846442953020134,24.47248322147651,24.47248322147651,23.846442953020134,424.0,21796520.0,4.76
2008-11-19,25.49691275167785,23.163489932885906,25.49691275167785,23.106577181208053,567.0,27177391.0,4.65
2008-11-20,24.2448322147651,23.73261744966443,24.927785234899325,23.73261744966443,510.0,22658715.0,4.57
2008-11-21,25.895302013422818,23.33422818791946,25.895302013422818,23.33422818791946,566.0,28096856.0,4.45
2008-11-24,24.52939597315436,26.748993288590604,26.748993288590604,24.2448322147651,470.0,21927354.0,4.37
2008-11-25,26.17986577181208,26.17986577181208,26.23677852348993,25.724563758389262,617.0,30145518.0,4.3
2008-11-26,25.95221476510067,26.17986577181208,26.46442953020134,25.38308724832215,321.0,14979163.0,4.3
2008-11-27,26.976644295302012,26.521342281879196,27.318120805369126,26.521342281879196,484.0,23674854.0,4.33
2008-11-28,27.88724832214765,27.830335570469796,28.34255033557047,27.09046979865772,752.0,44155451.0,4.33
2008-12-01,27.318120805369126,27.318120805369126,28.28563758389262,27.14738255033557,539.0,27186498.0,4.33
2008-12-02,25.44,25.44,25.95221476510067,25.44,492.0,23271924.0,4.3
2008-12-03,24.700134228187917,25.610738255033556,25.95221476510067,24.47248322147651,326.0,12943453.0,4.28
2008-12-04,24.52939597315436,25.04161073825503,25.724563758389262,24.415570469798656,217.0,8286782.0,4.28
2008-12-05,23.903355704697987,24.358657718120803,24.643221476510064,23.220402684563755,294.0,13127868.0,4.28
2008-12-08,25.49691275167785,24.017181208053692,25.49691275167785,24.017181208053692,319.0,15575925.0,4.31
2008-12-09,25.098523489932887,25.724563758389262,25.95221476510067,25.04161073825503,407.0,20163951.0,4.31
2008-12-10,26.57825503355705,24.813959731543623,26.57825503355705,24.813959731543623,573.0,32737722.0,4.36
2008-12-11,26.350604026845634,27.261208053691274,27.261208053691274,26.17986577181208,555.0,29028482.0,4.41
2008-12-12,25.724563758389262,26.350604026845634,27.88724832214765,25.21234899328859,788.0,40764775.0,4.38
2008-12-15,26.805906040268457,26.57825503355705,27.48885906040268,26.350604026845634,645.0,42372276.0,4.39
2008-12-16,26.17986577181208,26.407516778523487,26.69208053691275,25.838389261744965,245.0,11131054.0,4.38
2008-12-17,26.122953020134226,26.86281879194631,27.09046979865772,25.724563758389262,385.0,22139858.0,4.4
2008-12-18,26.407516778523487,26.293691275167784,26.69208053691275,25.724563758389262,365.0,29501849.0,4.4
2008-12-19,26.066040268456373,26.17986577181208,26.521342281879196,25.724563758389262,337.0,16804046.0,4.39
2008-12-22,25.49691275167785,26.57825503355705,26.86281879194631,25.38308724832215,349.0,19204916.0,4.35
2008-12-23,24.415570469798656,25.49691275167785,25.838389261744965,23.78953020134228,329.0,15673456.0,4.33
2008-12-24,24.187919463087248,24.415570469798656,24.415570469798656,23.903355704697987,172.0,6233795.0,4.33
2008-12-25,24.415570469798656,24.358657718120803,24.813959731543623,24.131006711409395,165.0,6870015.0,4.35
2008-12-26,24.643221476510064,24.131006711409395,25.21234899328859,24.131006711409395,242.0,9359176.0,4.36
2008-12-29,25.724563758389262,25.04161073825503,25.95221476510067,24.813959731543623,490.0,22043629.0,4.36
2008-12-30,26.293691275167784,27.261208053691274,27.261208053691274,26.293691275167784,587.0,27316182.0,4.36
2008-12-31,25.78147651006711,26.293691275167784,26.748993288590604,25.78147651006711,399.0,17295703.0,4.36
2009-01-05,26.86281879194631,26.17986577181208,26.91973154362416,26.17986577181208,687.0,39495341.0,4.39
2009-01-06,26.350604026845634,27.09046979865772,27.20429530201342,26.350604026845634,493.0,21336168.0,4.38
2009-01-07,26.91973154362416,26.521342281879196,27.48885906040268,26.407516778523487,1016.0,57895034.0,4.41
2009-01-08,25.269261744966443,26.17986577181208,26.293691275167784,25.21234899328859,456.0,20571366.0,4.36
2009-01-09,25.269261744966443,25.04161073825503,26.122953020134226,25.04161073825503,372.0,18714701.0,4.36
2009-01-10,25.04161073825503,24.813959731543623,25.553825503355704,24.813959731543623,219.0,9815554.0,4.36
2009-01-12,24.927785234899325,25.269261744966443,25.44,24.813959731543623,166.0,6357833.0,4.34
2009-01-13,25.269261744966443,24.700134228187917,25.269261744966443,24.586308724832215,144.0,6346741.0,4.34
2009-01-14,25.610738255033556,25.44,25.78147651006711,25.326174496644295,276.0,10171115.0,4.35
2009-01-15,24.700134228187917,24.586308724832215,24.984697986577178,24.586308724832215,161.0,6692039.0,4.33
2009-01-16,24.870872483221476,24.870872483221476,25.04161073825503,24.017181208053692,145.0,5056347.0,4.31
2009-01-17,24.984697986577178,25.04161073825503,25.04161073825503,24.47248322147651,152.0,7787343.0,4.31
2009-01-19,25.15543624161074,25.610738255033556,25.78147651006711,24.927785234899325,337.0,14333980.0,4.31
2009-01-20,24.870872483221476,24.927785234899325,24.927785234899325,24.586308724832215,127.0,4961885.0,4.31
2009-01-21,24.017181208053692,24.870872483221476,24.870872483221476,23.846442953020134,325.0,17941650.0,4.29
2009-02-02,24.2448322147651,24.47248322147651,24.47248322147651,23.618791946308725,112.0,5435947.0,4.29
2009-02-03,25.04161073825503,24.358657718120803,25.21234899328859,24.187919463087248,274.0,13852000.0,4.33
2009-02-04,25.269261744966443,25.38308724832215,25.78147651006711,24.927785234899325,451.0,23179474.0,4.33
2009-02-05,25.098523489932887,25.15543624161074,25.326174496644295,24.927785234899325,156.0,8091456.0,4.34
2009-02-06,26.066040268456373,25.49691275167785,26.521342281879196,25.38308724832215,463.0,23149280.0,4.34
2009-02-09,25.95221476510067,26.293691275167784,27.09046979865772,25.95221476510067,415.0,23179090.0,4.34
2009-02-10,26.066040268456373,25.724563758389262,26.066040268456373,25.724563758389262,201.0,10180782.0,4.36
2009-02-11,25.838389261744965,25.49691275167785,25.838389261744965,25.269261744966443,218.0,9538483.0,4.36
2009-02-12,25.15543624161074,25.895302013422818,26.635167785234895,25.15543624161074,369.0,17360820.0,4.37
2009-02-13,25.44,25.15543624161074,25.838389261744965,25.15543624161074,220.0,9459506.0,4.38
2009-02-16,26.122953020134226,25.49691275167785,26.521342281879196,25.49691275167785,358.0,18277122.0,4.41
2009-02-17,25.610738255033556,26.122953020134226,26.122953020134226,25.44,202.0,9185524.0,4.38
2009-02-18,25.38308724832215,25.269261744966443,25.49691275167785,24.927785234899325,138.0,5854299.0,4.36
2009-02-19,25.38308724832215,25.04161073825503,25.553825503355704,25.04161073825503,164.0,6800583.0,4.35
2009-02-20,24.75704697986577,25.38308724832215,25.38308724832215,24.700134228187917,199.0,8559892.0,4.34
2009-02-23,24.75704697986577,24.52939597315436,24.75704697986577,24.017181208053692,168.0,5803547.0,4.34
2009-02-24,24.75704697986577,24.47248322147651,24.984697986577178,24.358657718120803,89.0,3370660.0,4.34
2009-02-25,25.21234899328859,25.04161073825503,25.49691275167785,25.04161073825503,188.0,7795794.0,4.35
2009-02-26,25.098523489932887,25.610738255033556,25.610738255033556,25.04161073825503,110.0,3289107.0,4.35
2009-02-27,25.78147651006711,25.15543624161074,26.17986577181208,25.04161073825503,344.0,17754837.0,4.36
2009-03-02,24.813959731543623,25.38308724832215,25.49691275167785,24.75704697986577,240.0,10045120.0,4.35
2009-03-03,24.75704697986577,24.586308724832215,24.75704697986577,24.2448322147651,192.0,7060887.0,4.33
2009-03-04,26.46442953020134,24.75704697986577,26.46442953020134,24.75704697986577,514.0,28420671.0,4.36
2009-03-05,26.635167785234895,27.545771812080535,27.545771812080535,26.57825503355705,854.0,49618511.0,4.36
2009-03-06,26.748993288590604,26.635167785234895,26.86281879194631,26.009127516778523,473.0,28928282.0,4.37
2009-03-09,26.066040268456373,26.17986577181208,26.521342281879196,25.95221476510067,363.0,23143677.0,4.27
2009-03-10,26.635167785234895,25.724563758389262,27.09046979865772,25.66765100671141,420.0,21675242.0,4.28
2009-03-11,28.456375838926174,27.88724832214765,28.456375838926174,27.88724832214765,766.0,81750525.0,4.28
2009-03-12,28.171812080536913,28.456375838926174,28.684026845637582,27.88724832214765,1162.0,77687439.0,4.32
2009-03-13,28.57020134228188,29.139328859060402,29.253154362416105,28.34255033557047,1035.0,79282649.0,4.25
2009-03-16,29.423892617449663,29.708456375838928,29.765369127516777,29.025503355704696,1361.0,101523159.0,4.21
2009-03-17,29.594630872483222,29.594630872483222,30.448322147651005,29.480805369127513,1108.0,67036013.0,4.21
2009-03-18,29.480805369127513,29.765369127516777,30.10684563758389,29.253154362416105,909.0,59454301.0,4.19
2009-03-19,29.08241610738255,29.82228187919463,30.04993288590604,29.025503355704696,612.0,34697683.0,4.15
2009-03-20,28.513288590604027,29.025503355704696,29.480805369127513,28.228724832214766,581.0,31909322.0,4.12
2009-03-23,29.253154362416105,28.62711409395973,29.480805369127513,28.62711409395973,362.0,21431025.0,4.13
2009-03-24,29.936107382550336,30.04993288590604,30.04993288590604,29.423892617449663,755.0,54133003.0,4.16
2009-03-25,31.188187919463083,30.163758389261744,31.75731543624161,30.163758389261744,1510.0,99195100.0,4.14
2009-03-26,31.188187919463083,31.415838926174498,32.09879194630872,30.846711409395972,1004.0,77433253.0,4.13
2009-03-27,31.871140939597314,31.302013422818792,32.667919463087244,31.302013422818792,1327.0,98305923.0,4.06
2009-03-30,30.61906040268456,32.326442953020134,32.326442953020134,30.391409395973152,615.0,45568052.0,4.06
2009-03-31,30.27758389261745,30.61906040268456,30.960536912751675,30.163758389261744,491.0,29748188.0,4.05
2009-04-01,30.61906040268456,30.732885906040266,31.074362416107384,30.27758389261745,443.0,31022804.0,4.05
2009-04-02,30.732885906040266,31.188187919463083,31.24510067114094,30.56214765100671,496.0,31999649.0,4.05
2009-04-03,30.732885906040266,31.302013422818792,31.586577181208053,30.732885906040266,507.0,31206512.0,4.06
2009-04-06,31.188187919463083,30.960536912751675,31.415838926174498,30.846711409395972,597.0,41670197.0,4.08
2009-04-07,31.415838926174498,31.188187919463083,31.415838926174498,30.90362416107382,376.0,19715576.0,4.14
2009-04-08,30.732885906040266,31.188187919463083,31.415838926174498,30.61906040268456,552.0,35978662.0,4.11
2009-04-09,32.21261744966443,31.074362416107384,32.326442953020134,30.960536912751675,900.0,70474910.0,4.11
2009-04-10,31.472751677852347,32.44026845637584,32.667919463087244,31.302013422818792,871.0,56572533.0,4.1
2009-04-13,33.63543624161074,31.871140939597314,33.63543624161074,31.70040268456376,1532.0,157954288.0,4.14
2009-04-14,33.863087248322145,34.0338255033557,34.94442953020134,33.806174496644296,1832.0,145216183.0,4.14
2009-04-15,33.29395973154362,33.863087248322145,34.26147651006711,33.29395973154362,1179.0,91180812.0,4.08
2009-04-16,33.863087248322145,34.147651006711406,34.37530201342282,33.69234899328859,1315.0,107983734.0,4.1
2009-04-17,31.871140939597314,34.26147651006711,34.489127516778524,31.5296644295302,1485.0,118675841.0,4.0
2009-04-20,31.98496644295302,31.871140939597314,32.44026845637584,30.846711409395972,669.0,43364237.0,3.99
2009-04-21,33.578523489932884,31.415838926174498,33.806174496644296,31.415838926174498,825.0,50172133.0,4.02
2009-04-22,34.0338255033557,33.92,34.60295302013422,33.69234899328859,1256.0,99327973.0,4.07
2009-04-23,34.37530201342282,34.60295302013422,34.94442953020134,33.63543624161074,1351.0,106001395.0,4.07
2009-04-24,34.489127516778524,34.71677852348993,35.1151677852349,34.20456375838926,1078.0,87007871.0,4.02
2009-04-27,33.40778523489933,34.147651006711406,35.058255033557046,32.78174496644295,778.0,57368750.0,4.01
2009-04-28,32.326442953020134,33.35087248322148,33.40778523489933,31.75731543624161,695.0,50510687.0,4.01
2009-04-29,31.871140939597314,31.871140939597314,32.326442953020134,31.70040268456376,473.0,32160530.0,4.01
2009-04-30,33.35087248322148,33.23704697986577,33.97691275167785,32.44026845637584,839.0,63048303.0,4.04
2009-05-04,33.29395973154362,33.578523489932884,33.863087248322145,32.952483221476506,1318.0,90935781.0,4.03
2009-05-05,32.269530201342285,33.40778523489933,33.521610738255035,32.15570469798658,768.0,54061170.0,4.01
2009-05-06,32.895570469798656,32.554093959731546,33.29395973154362,32.326442953020134,685.0,41042101.0,4.02
2009-05-07,35.17208053691275,33.23704697986577,35.17208053691275,33.23704697986577,1471.0,116619771.0,4.1
2009-05-08,37.220939597315436,35.51355704697986,37.619328859060396,35.51355704697986,2454.0,241064997.0,4.12
2009-05-11,35.57046979865772,37.277852348993285,37.277852348993285,35.28590604026846,1368.0,128613970.0,4.08
2009-05-12,36.025771812080535,35.85503355704698,36.651812080536914,35.34281879194631,1712.0,158533045.0,4.01
2009-05-13,35.684295302013425,36.4241610738255,36.59489932885906,35.51355704697986,1558.0,145600180.0,3.94
2009-05-14,34.71677852348993,35.058255033557046,35.51355704697986,34.60295302013422,789.0,51832273.0,3.94
2009-05-15,35.058255033557046,34.83060402684564,36.310335570469796,34.71677852348993,934.0,69461854.0,3.94
2009-05-18,34.489127516778524,35.57046979865772,35.62738255033557,34.489127516778524,852.0,76305608.0,3.97
2009-05-19,34.887516778523484,35.17208053691275,35.51355704697986,34.71677852348993,739.0,60433665.0,4.06
2009-05-20,35.39973154362416,34.94442953020134,35.741208053691274,34.773691275167785,784.0,56614332.0,4.12
2009-05-21,36.082684563758384,35.39973154362416,36.19651006711409,35.34281879194631,884.0,62061043.0,4.14
2009-05-22,36.53798657718121,36.082684563758384,36.936375838926175,35.85503355704698,968.0,69477292.0,4.19
2009-05-25,38.64375838926175,37.334765100671135,39.04214765100671,37.334765100671135,1684.0,160188587.0,4.19
2009-05-26,36.70872483221476,39.04214765100671,39.725100671140936,36.59489932885906,1386.0,129896594.0,4.05
2009-05-27,37.67624161073825,37.334765100671135,38.24536912751678,36.993288590604024,781.0,68848612.0,4.1
2009-06-01,39.155973154362414,39.21288590604027,39.83892617449664,38.30228187919463,1437.0,133532128.0,4.04
2009-06-02,41.204832214765105,39.155973154362414,41.887785234899326,38.92832214765101,3129.0,359490608.0,3.91
2009-06-03,40.29422818791946,40.97718120805369,41.261744966442954,39.95275167785235,1156.0,107524054.0,3.85
2009-06-04,41.887785234899326,40.29422818791946,42.798389261744965,40.29422818791946,1648.0,164276441.0,3.85
2009-06-05,41.318657718120804,41.887785234899326,42.11543624161074,40.86335570469798,928.0,90064908.0,3.85
2009-06-06,41.603221476510065,41.489395973154366,41.66013422818792,41.318657718120804,608.0,54239164.0,3.85
2009-06-08,39.83892617449664,42.11543624161074,42.11543624161074,39.66818791946309,1161.0,102959085.0,3.87
2009-06-09,37.90389261744966,39.83892617449664,39.83892617449664,37.790067114093965,1063.0,88454089.0,3.88
2009-06-10,38.35919463087249,38.473020134228186,38.92832214765101,37.44859060402684,723.0,67263926.0,3.91
2009-06-11,38.131543624161075,38.35919463087249,38.58684563758389,36.993288590604024,764.0,71062840.0,4.02
2009-06-12,37.5055033557047,38.58684563758389,39.04214765100671,37.16402684563758,1731.0,158470236.0,4.11
2009-06-15,35.2229018922935,36.7315178020193,36.7315178020193,34.89494191191833,1592.0,111580884.0,4.03
2009-06-16,34.63257392761819,34.89494191191833,35.2229018922935,33.71428598256771,736.0,46348866.0,4.02
2009-06-17,34.76375791976826,35.157309896218464,35.68204586481874,34.56698193154316,896.0,51735913.0,3.99
2009-06-18,34.239021951167985,35.026125904068394,35.288493888368535,34.107837959017914,469.0,31659121.0,3.99
2009-06-19,34.63257392761819,34.63257392761819,34.89494191191833,34.30461394724302,300.0,16024244.0,4.0
2009-06-22,35.550861872668676,35.026125904068394,35.81322985696881,34.63257392761819,568.0,34089469.0,4.0
2009-06-23,34.829349915843295,35.157309896218464,35.419677880518606,34.76375791976826,338.0,23554374.0,4.0
2009-06-24,35.157309896218464,34.829349915843295,35.550861872668676,34.76375791976826,443.0,28379571.0,3.95
2009-06-25,35.419677880518606,35.550861872668676,35.81322985696881,35.288493888368535,434.0,35581262.0,3.94
2009-06-26,35.68204586481874,35.94441384911888,36.469149817719156,35.550861872668676,672.0,45845520.0,3.94
2009-06-29,34.76375791976826,36.20678183341902,36.20678183341902,34.698165923693224,370.0,21495315.0,3.89
2009-06-30,34.89494191191833,35.026125904068394,35.157309896218464,34.698165923693224,286.0,17243750.0,3.89
2009-07-01,36.07559784126895,34.89494191191833,36.60033380986922,34.89494191191833,632.0,45304594.0,3.89
2009-07-02,35.878821853043846,36.07559784126895,36.469149817719156,35.878821853043846,424.0,30505849.0,3.89
2009-07-03,35.94441384911888,35.81322985696881,36.60033380986922,35.48526987659364,468.0,32599587.0,3.89
2009-07-06,36.665925805944255,36.7315178020193,36.928293790244396,36.20678183341902,513.0,35580740.0,3.89
2009-07-07,36.665925805944255,36.86270179416937,37.19066177454454,36.469149817719156,484.0,35009051.0,3.89
2009-07-08,36.53474181379419,36.337965825569086,36.79710979809433,36.337965825569086,319.0,20087127.0,3.89
2009-07-09,36.7315178020193,36.7315178020193,36.99388578631943,36.469149817719156,397.0,25045116.0,3.89
2009-07-10,36.53474181379419,36.99388578631943,37.19066177454454,36.53474181379419,434.0,31825393.0,3.89
2009-07-13,35.2229018922935,36.665925805944255,36.665925805944255,34.829349915843295,473.0,31736231.0,3.89
2009-07-14,35.68204586481874,35.35408588444357,35.68204586481874,35.2229018922935,284.0,19897430.0,3.88
2009-07-15,35.68204586481874,35.419677880518606,35.94441384911888,35.288493888368535,486.0,37175901.0,3.9
2009-07-16,35.68204586481874,36.07559784126895,36.27237382949405,35.68204586481874,335.0,18599020.0,3.9
2009-07-17,36.7315178020193,35.747637860893775,37.1250697784695,35.747637860893775,695.0,49038442.0,3.92
2009-07-20,38.04335772351998,37.256253770619566,38.50250169604523,36.86270179416937,1380.0,108614798.0,3.95
2009-07-21,38.04335772351998,38.69927768427033,38.8304616764204,37.58421375099474,1003.0,79184786.0,3.93
2009-07-22,37.51862175491971,38.436909699970194,38.69927768427033,37.387437762769636,785.0,64190038.0,3.85
2009-07-23,37.256253770619566,37.64980574706978,37.71539774314481,37.256253770619566,446.0,30667464.0,3.84
2009-07-24,37.91217373136991,37.91217373136991,38.30572570782012,37.58421375099474,847.0,53296162.0,3.86
2009-07-27,37.91217373136991,38.04335772351998,38.17454171567005,37.58421375099474,502.0,40770887.0,3.87
2009-07-28,38.30572570782012,38.04335772351998,38.96164566857046,38.04335772351998,969.0,80917351.0,3.9
2009-07-29,37.58421375099474,38.63368568819529,38.69927768427033,37.51862175491971,622.0,38006760.0,3.9
2009-07-30,38.04335772351998,37.64980574706978,38.30572570782012,37.45302975884467,508.0,33207396.0,3.87
2009-07-31,38.30572570782012,38.37131770389516,39.09282966072053,37.97776572744495,1202.0,92286985.0,3.9
2009-08-03,38.10894971959502,38.436909699970194,38.69927768427033,37.78098973921985,461.0,32935075.0,3.87
2009-08-04,36.60033380986922,38.30572570782012,38.56809369212026,36.60033380986922,651.0,47289813.0,3.82
2009-08-05,35.616453868743704,36.60033380986922,36.99388578631943,35.550861872668676,508.0,32523839.0,3.79
2009-08-06,35.81322985696881,36.20678183341902,36.20678183341902,35.2229018922935,319.0,18690673.0,3.79
2009-08-10,35.81322985696881,35.419677880518606,35.878821853043846,35.2229018922935,384.0,18679779.0,3.84
2009-08-11,35.419677880518606,35.419677880518606,35.550861872668676,34.76375791976826,590.0,31763881.0,3.86
2009-08-12,35.48526987659364,35.419677880518606,35.616453868743704,35.157309896218464,336.0,16761705.0,3.88
2009-08-13,36.07559784126895,35.550861872668676,36.14118983734399,35.48526987659364,401.0,22733570.0,3.93
2009-08-14,35.878821853043846,36.20678183341902,36.20678183341902,35.747637860893775,378.0,18417583.0,3.93
2009-08-17,35.157309896218464,35.81322985696881,35.81322985696881,35.09171790014343,393.0,23473876.0,3.93
2009-08-18,33.911061970792815,34.76375791976826,34.89494191191833,33.58310199041764,460.0,25077656.0,3.87
2009-08-19,34.30461394724302,33.911061970792815,34.30461394724302,33.911061970792815,210.0,8995295.0,3.89
2009-08-20,33.71428598256771,34.30461394724302,34.30461394724302,33.45191799826757,260.0,13634090.0,3.88
2009-08-21,33.779877978642745,33.84546997471778,34.501389935468126,33.71428598256771,262.0,12887829.0,3.88
2009-08-24,33.97665396686784,34.04224596294288,34.30461394724302,33.97665396686784,189.0,8269657.0,3.89
2009-08-25,34.107837959017914,34.17342995509295,34.239021951167985,33.779877978642745,207.0,10909016.0,3.89
2009-08-26,33.779877978642745,34.63257392761819,34.96053390799336,33.779877978642745,454.0,22111689.0,3.88
2009-08-27,32.861590033592265,33.45191799826757,33.45191799826757,32.59922204929212,364.0,18190747.0,3.88
2009-08-28,32.07448608069185,32.79599803751723,33.1239580178924,32.00889408461681,521.0,30159864.0,3.88
2009-08-31,30.237910190590885,31.81211809639171,32.00889408461681,29.844358214140676,733.0,40442063.0,3.88
2009-09-01,31.615342108166608,30.17231819451585,32.00889408461681,29.844358214140676,480.0,19192573.0,3.89
2009-09-02,31.615342108166608,31.2217901317164,31.615342108166608,30.82823815526619,343.0,16183837.0,3.89
2009-09-03,32.271262068916954,31.549750112091573,32.53363005321709,31.484158116016538,432.0,22347350.0,3.89
2009-09-04,32.53363005321709,32.79599803751723,32.79599803751723,32.14007807676688,293.0,13498245.0,3.91
2009-09-07,32.59922204929212,32.53363005321709,32.9271820296673,32.00889408461681,391.0,21081389.0,3.91
2009-09-08,32.66481404536716,32.730406041442194,33.189550013967434,32.53363005321709,391.0,25581349.0,3.91
2009-09-09,32.46803805714205,32.730406041442194,33.05836602181736,32.00889408461681,343.0,19615824.0,3.91
2009-09-10,31.877710092466746,32.9271820296673,33.05836602181736,31.877710092466746,278.0,13925592.0,3.9
2009-09-11,32.59922204929212,32.53363005321709,32.99277402574233,32.271262068916954,418.0,23273899.0,3.9
2009-09-14,32.79599803751723,33.45191799826757,33.45191799826757,32.66481404536716,375.0,22890625.0,3.9
2009-09-15,32.66481404536716,33.05836602181736,33.05836602181736,32.59922204929212,256.0,10575284.0,3.9
2009-09-16,33.189550013967434,32.99277402574233,33.3207340061175,32.66481404536716,401.0,22950233.0,3.91
2009-09-17,32.9271820296673,33.189550013967434,33.45191799826757,32.9271820296673,370.0,20142725.0,3.91
2009-09-18,35.2229018922935,33.1239580178924,35.2229018922935,32.9271820296673,855.0,55639434.0,3.93
2009-09-21,37.64980574706978,37.3218457666946,37.64980574706978,36.14118983734399,1921.0,160118161.0,3.91
2009-09-22,37.51862175491971,38.56809369212026,38.8304616764204,36.7315178020193,1690.0,163169439.0,3.79
2009-09-23,36.928293790244396,37.51862175491971,37.71539774314481,36.7315178020193,1073.0,78286584.0,3.79
2009-09-24,36.665925805944255,36.99388578631943,37.3218457666946,36.20678183341902,650.0,40594921.0,3.79
2009-09-25,39.2240136528706,36.665925805944255,39.2240136528706,36.07559784126895,2196.0,201507716.0,3.79
2009-09-28,37.45302975884467,39.09282966072053,39.15842165679557,37.45302975884467,1167.0,88521649.0,3.79
2009-09-29,37.78098973921985,37.64980574706978,38.63368568819529,37.58421375099474,851.0,70111292.0,3.79
2009-09-30,37.64980574706978,38.17454171567005,38.96164566857046,37.64980574706978,1121.0,99240998.0,3.79
2009-10-01,37.19066177454454,38.04335772351998,38.56809369212026,37.1250697784695,687.0,53731316.0,3.79
2009-10-02,36.86270179416937,36.7315178020193,37.91217373136991,36.53474181379419,638.0,53670016.0,3.79
2009-10-05,37.1250697784695,36.86270179416937,37.387437762769636,36.86270179416937,464.0,39833344.0,3.8
2009-10-06,37.387437762769636,37.387437762769636,38.37131770389516,37.387437762769636,1100.0,105515043.0,3.84
2009-10-07,37.84658173529488,37.78098973921985,38.8304616764204,37.78098973921985,1522.0,183231046.0,3.84
2009-10-08,37.78098973921985,38.04335772351998,38.63368568819529,37.71539774314481,844.0,105477049.0,3.79
2009-10-09,37.51862175491971,38.04335772351998,38.30572570782012,37.387437762769636,521.0,52910650.0,3.79
2009-10-12,36.86270179416937,36.7315178020193,37.97776572744495,36.7315178020193,580.0,43252662.0,3.79
2009-10-13,36.928293790244396,36.7315178020193,37.3218457666946,36.60033380986922,477.0,45941556.0,3.79
2009-10-14,38.30572570782012,37.1250697784695,38.63368568819529,36.99388578631943,1078.0,111043176.0,4.11
2009-10-15,38.37131770389516,39.2240136528706,39.28960564894564,38.17454171567005,1402.0,146782709.0,4.07
2009-10-16,38.56809369212026,38.8304616764204,39.15842165679557,38.436909699970194,936.0,85331378.0,4.06
2009-10-19,40.01111760577102,39.28960564894564,40.60144557044632,39.2240136528706,1614.0,139363976.0,4.03
2009-10-20,39.09282966072053,40.53585357437129,40.53585357437129,39.09282966072053,1152.0,101527873.0,4.03
2009-10-21,38.8304616764204,39.355197645020674,39.87993361362095,38.76486968034536,740.0,67678695.0,4.0
2009-10-22,39.09282966072053,38.96164566857046,39.814341617545914,38.8304616764204,1031.0,91471408.0,4.0
2009-10-23,39.55197363324577,39.87993361362095,40.273485590071154,39.42078964109571,1389.0,134722188.0,4.0
2009-10-26,38.89605367249543,40.01111760577102,40.20789359399612,38.89605367249543,1010.0,105885504.0,4.0
2009-10-27,38.04335772351998,38.8304616764204,38.8304616764204,37.84658173529488,677.0,49766346.0,4.0
2009-10-28,36.79710979809433,38.04335772351998,38.56809369212026,36.20678183341902,699.0,62688997.0,4.0
2009-10-29,35.747637860893775,35.419677880518606,36.07559784126895,34.698165923693224,749.0,55413675.0,4.0
2009-10-30,35.026125904068394,35.94441384911888,36.07559784126895,35.026125904068394,594.0,43657134.0,4.06
2009-11-02,33.71428598256771,34.107837959017914,34.63257392761819,33.71428598256771,588.0,41750709.0,4.06
2009-11-03,34.30461394724302,33.71428598256771,34.501389935468126,33.71428598256771,314.0,20470480.0,4.07
2009-11-04,34.76375791976826,34.501389935468126,34.96053390799336,34.501389935468126,424.0,28882056.0,4.09
2009-11-05,34.76375791976826,34.76375791976826,35.747637860893775,34.56698193154316,430.0,27764024.0,4.09
2009-11-06,35.026125904068394,34.96053390799336,35.68204586481874,34.89494191191833,280.0,19958252.0,4.09
2009-11-09,35.026125904068394,35.2229018922935,35.419677880518606,34.829349915843295,195.0,12566528.0,4.09
2009-11-10,35.550861872668676,35.419677880518606,36.14118983734399,35.288493888368535,366.0,21270160.0,4.09
2009-11-11,35.026125904068394,35.419677880518606,35.419677880518606,34.76375791976826,309.0,21592281.0,4.09
2009-11-12,34.89494191191833,35.288493888368535,35.419677880518606,34.829349915843295,279.0,14165627.0,4.09
2009-11-13,34.89494191191833,34.76375791976826,35.2229018922935,34.76375791976826,199.0,9285076.0,4.09
2009-11-16,35.68204586481874,34.89494191191833,36.07559784126895,34.829349915843295,476.0,30012848.0,4.1
2009-11-17,34.829349915843295,35.288493888368535,35.68204586481874,34.76375791976826,326.0,21689992.0,4.09
2009-11-18,35.2229018922935,34.829349915843295,35.550861872668676,34.829349915843295,337.0,21298898.0,4.09
2009-11-19,35.550861872668676,35.419677880518606,36.07559784126895,35.288493888368535,528.0,40264753.0,3.81
2009-11-20,35.157309896218464,35.81322985696881,35.81322985696881,34.96053390799336,331.0,22327078.0,3.68
2009-11-23,35.157309896218464,35.2229018922935,35.288493888368535,34.96053390799336,242.0,12416973.0,3.68
2009-11-24,36.665925805944255,35.2229018922935,37.05947778239447,35.2229018922935,911.0,63091913.0,3.68
2009-11-25,36.27237382949405,37.387437762769636,37.387437762769636,36.07559784126895,600.0,41310462.0,3.67
2009-11-26,36.14118983734399,36.337965825569086,36.665925805944255,36.07559784126895,375.0,23917216.0,3.67
2009-11-27,34.829349915843295,35.94441384911888,35.94441384911888,34.76375791976826,526.0,42417258.0,3.67
2009-11-30,35.09171790014343,35.09171790014343,35.288493888368535,34.96053390799336,258.0,18042348.0,3.67
2009-12-01,35.157309896218464,35.09171790014343,35.81322985696881,34.96053390799336,318.0,17011125.0,3.67
2009-12-02,35.48526987659364,35.157309896218464,36.60033380986922,35.157309896218464,383.0,29487019.0,3.7
2009-12-03,35.419677880518606,35.68204586481874,36.27237382949405,35.35408588444357,467.0,31805122.0,3.7
2009-12-04,35.35408588444357,35.550861872668676,36.07559784126895,35.35408588444357,365.0,27362929.0,3.7
2009-12-07,36.20678183341902,35.81322985696881,36.60033380986922,35.48526987659364,551.0,38675954.0,3.72
2009-12-08,38.69927768427033,36.469149817719156,38.69927768427033,36.469149817719156,1203.0,135112120.0,3.83
2009-12-09,38.69927768427033,39.2240136528706,39.87993361362095,37.64980574706978,2420.0,235178383.0,3.62
2009-12-10,36.7315178020193,38.69927768427033,38.69927768427033,36.469149817719156,1012.0,76659969.0,3.61
2009-12-11,37.64980574706978,37.3218457666946,37.97776572744495,36.99388578631943,744.0,58541215.0,3.61
2009-12-14,39.15842165679557,38.69927768427033,40.273485590071154,38.56809369212026,2297.0,317368930.0,3.61
2009-12-15,39.355197645020674,38.8304616764204,40.404669582221224,38.8304616764204,2626.0,225333970.0,3.59
2009-12-16,39.09282966072053,39.486381637170744,40.01111760577102,38.76486968034536,1305.0,117334442.0,3.59
2009-12-17,38.56809369212026,39.355197645020674,40.20789359399612,38.56809369212026,1209.0,90786096.0,3.73
2009-12-18,38.30572570782012,38.30572570782012,38.89605367249543,37.97776572744495,428.0,29919016.0,3.73
2009-12-21,38.436909699970194,38.56809369212026,39.09282966072053,38.30572570782012,479.0,35115345.0,3.73
2009-12-22,38.436909699970194,38.96164566857046,39.28960564894564,38.30572570782012,493.0,37936202.0,3.74
2009-12-23,38.436909699970194,38.63368568819529,38.96164566857046,38.436909699970194,404.0,29011708.0,3.74
2009-12-24,37.78098973921985,38.76486968034536,38.76486968034536,37.64980574706978,731.0,69587066.0,3.75
2009-12-25,37.78098973921985,38.04335772351998,38.436909699970194,37.78098973921985,379.0,22594231.0,3.75
2009-12-28,38.8304616764204,38.436909699970194,39.09282966072053,38.17454171567005,875.0,76411896.0,3.75
2009-12-29,38.89605367249543,38.76486968034536,39.61756562932081,38.76486968034536,880.0,77758339.0,3.75
2009-12-30,38.50250169604523,38.96164566857046,39.2240136528706,38.436909699970194,684.0,58195065.0,3.75
2009-12-31,38.50250169604523,38.96164566857046,38.96164566857046,38.436909699970194,635.0,51402096.0,3.75
2010-01-04,40.33907758614619,38.8304616764204,40.66703756652136,38.37131770389516,2351.0,246164950.0,3.73
2010-01-05,39.87993361362095,40.79822155867143,41.06058954297157,39.2240136528706,1505.0,167685648.0,3.71
2010-01-06,40.404669582221224,40.66703756652136,41.454141519421775,40.404669582221224,2432.0,243828953.0,3.69
2010-01-07,39.61756562932081,40.66703756652136,40.9294055508215,39.355197645020674,1455.0,175014100.0,3.73
2010-01-08,39.74874962147088,39.09282966072053,40.01111760577102,38.50250169604523,1205.0,151939454.0,3.74
2010-01-11,41.716509503721916,40.14230159792109,42.24124547232219,40.14230159792109,3352.0,463562679.0,3.92
2010-01-12,43.22512541344771,41.913285491947015,43.68426938597294,40.994997546896535,4424.0,547488584.0,3.92
2010-01-13,44.20900535457322,43.22512541344771,45.1272932996237,42.634797448772396,5463.0,758189158.0,3.74
2010-01-14,43.68426938597294,44.60255733102343,44.9305173113986,43.61867738989791,3154.0,425641537.0,3.74
2010-01-15,44.99610930747363,43.94663737027308,45.38966128392384,43.68426938597294,3919.0,517916288.0,3.81
2010-01-18,45.91439725252412,44.99610930747363,46.832685197574605,44.66814932709846,3462.0,464883447.0,3.8
2010-01-19,44.20900535457322,46.76709320149956,46.96386918972466,44.012229366348116,2595.0,359108254.0,3.85
2010-01-20,43.55308539382288,44.20900535457322,44.86492531532357,43.093941421297636,2159.0,265975947.0,3.89
2010-01-21,42.43802146054729,42.962757429147565,43.94663737027308,42.11006148017212,1545.0,177330448.0,4.0
2010-01-22,41.97887748802205,41.454141519421775,43.15953341737267,41.454141519421775,1863.0,200690028.0,4.01
2010-01-25,41.716509503721916,41.454141519421775,42.24124547232219,40.9294055508215,1218.0,128606762.0,3.95
2010-01-26,38.8304616764204,41.97887748802205,42.503613456622325,38.8304616764204,1906.0,233615602.0,3.9
2010-01-27,37.1250697784695,39.486381637170744,39.486381637170744,37.1250697784695,1806.0,271075190.0,3.89
2010-01-28,38.50250169604523,37.1250697784695,38.56809369212026,36.99388578631943,1798.0,228503182.0,4.02
2010-01-29,36.27237382949405,37.51862175491971,37.78098973921985,35.81322985696881,1111.0,92959206.0,4.06
2010-02-01,37.51862175491971,36.7315178020193,38.04335772351998,36.7315178020193,1853.0,206237269.0,4.11
2010-02-02,36.337965825569086,38.04335772351998,38.436909699970194,36.07559784126895,1282.0,127592362.0,3.87
2010-02-03,36.40355782164412,36.7315178020193,37.1250697784695,35.81322985696881,811.0,60453386.0,3.87
2010-02-04,36.928293790244396,37.05947778239447,37.256253770619566,36.469149817719156,614.0,54072000.0,3.87
2010-02-05,34.370205943318055,35.419677880518606,35.747637860893775,34.370205943318055,1045.0,94706977.0,3.91
2010-02-06,32.33685406499198,34.370205943318055,34.370205943318055,32.00889408461681,1567.0,151061832.0,3.91
2010-02-08,32.66481404536716,32.33685406499198,33.1239580178924,31.746526100316675,996.0,56383461.0,3.82
2010-02-09,33.911061970792815,32.66481404536716,34.43579793939309,32.59922204929212,963.0,74327500.0,3.8
2010-02-10,34.501389935468126,34.501389935468126,35.550861872668676,34.370205943318055,958.0,75128811.0,3.8
2010-02-22,35.419677880518606,35.94441384911888,36.010005845193916,35.09171790014343,872.0,76669757.0,3.78
2010-02-23,35.157309896218464,35.419677880518606,35.616453868743704,34.829349915843295,509.0,35235099.0,3.76
2010-02-24,35.026125904068394,34.89494191191833,35.419677880518606,34.76375791976826,430.0,28228889.0,3.77
2010-02-25,35.2229018922935,35.35408588444357,36.010005845193916,35.026125904068394,795.0,61241950.0,3.16
2010-02-26,35.026125904068394,35.419677880518606,35.550861872668676,34.89494191191833,342.0,23919490.0,3.17
2010-03-01,35.48526987659364,35.419677880518606,35.81322985696881,35.026125904068394,463.0,35504451.0,3.17
2010-03-02,35.616453868743704,35.81322985696881,36.337965825569086,35.48526987659364,716.0,60102542.0,3.19
2010-03-03,35.2229018922935,35.68204586481874,35.81322985696881,35.2229018922935,634.0,50513068.0,3.19
2010-03-04,35.68204586481874,35.419677880518606,36.40355782164412,35.288493888368535,1139.0,90055426.0,3.19
2010-03-05,36.27237382949405,35.94441384911888,36.99388578631943,35.94441384911888,1349.0,126145385.0,3.2
2010-03-08,36.40355782164412,36.7315178020193,36.928293790244396,36.40355782164412,695.0,62815225.0,3.2
2010-03-09,36.469149817719156,36.7315178020193,36.7315178020193,36.14118983734399,679.0,39542066.0,3.22
2010-03-10,37.3218457666946,36.7315178020193,37.91217373136991,36.469149817719156,1796.0,162793340.0,3.59
2010-03-11,36.99388578631943,37.51862175491971,37.91217373136991,36.7315178020193,882.0,77143370.0,3.57
2010-03-12,36.20678183341902,36.99388578631943,37.05947778239447,36.20678183341902,726.0,57970536.0,3.53
2010-03-15,35.550861872668676,36.07559784126895,36.53474181379419,35.48526987659364,596.0,43627503.0,3.53
2010-03-16,35.81322985696881,36.07559784126895,36.07559784126895,35.550861872668676,344.0,22459234.0,3.53
2010-03-17,36.86270179416937,35.81322985696881,36.99388578631943,35.81322985696881,918.0,85946081.0,3.56
2010-03-18,38.8304616764204,36.99388578631943,39.2240136528706,36.99388578631943,2261.0,213174543.0,3.44
2010-03-19,38.04335772351998,38.69927768427033,38.69927768427033,37.78098973921985,1228.0,106811056.0,3.4
2010-03-22,38.24013371174509,38.10894971959502,38.76486968034536,37.91217373136991,976.0,93661390.0,3.4
2010-03-23,37.51862175491971,38.436909699970194,38.69927768427033,37.387437762769636,868.0,71580922.0,3.4
2010-03-24,37.78098973921985,38.30572570782012,38.37131770389516,37.51862175491971,690.0,54124303.0,3.37
2010-03-25,37.19066177454454,37.78098973921985,37.78098973921985,36.99388578631943,544.0,43003131.0,3.36
2010-03-26,37.256253770619566,37.19066177454454,37.64980574706978,37.19066177454454,504.0,35927299.0,3.31
2010-03-29,37.84658173529488,37.64980574706978,38.30572570782012,37.256253770619566,1058.0,96973256.0,3.07
2010-03-30,37.3218457666946,38.04335772351998,38.04335772351998,37.05947778239447,785.0,62299230.0,3.07
2010-03-31,38.30572570782012,37.3218457666946,38.56809369212026,37.3218457666946,1690.0,153151008.0,2.98
2010-04-01,37.97776572744495,38.56809369212026,38.96164566857046,37.91217373136991,1160.0,95948226.0,2.98
2010-04-02,38.24013371174509,38.50250169604523,38.69927768427033,37.97776572744495,1060.0,103815307.0,2.98
2010-04-06,39.2240136528706,38.63368568819529,39.945525609695984,38.56809369212026,2456.0,245613293.0,3.0
2010-04-07,39.09282966072053,39.74874962147088,39.74874962147088,38.63368568819529,1048.0,91978722.0,3.0
2010-04-08,38.10894971959502,39.09282966072053,39.42078964109571,37.91217373136991,1150.0,106788405.0,2.99
2010-04-09,38.04335772351998,38.30572570782012,38.56809369212026,38.04335772351998,659.0,56639158.0,2.99
2010-04-12,38.63368568819529,38.63368568819529,38.76486968034536,38.04335772351998,837.0,70162980.0,2.99
2010-04-13,37.84658173529488,38.63368568819529,38.63368568819529,37.64980574706978,674.0,49756190.0,2.99
2010-04-14,38.10894971959502,37.97776572744495,38.24013371174509,37.84658173529488,582.0,47233186.0,2.99
2010-04-15,39.0272376646455,38.69927768427033,39.09282966072053,38.436909699970194,1761.0,163692757.0,3.0
2010-04-16,38.69927768427033,39.2240136528706,39.61756562932081,38.69927768427033,1650.0,140375275.0,2.98
2010-04-19,36.07559784126895,38.04335772351998,38.37131770389516,36.010005845193916,1326.0,103237642.0,3.01
2010-04-20,36.469149817719156,36.20678183341902,36.79710979809433,35.94441384911888,712.0,50169756.0,3.02
2010-04-21,37.3218457666946,36.7315178020193,37.58421375099474,36.7315178020193,521.0,37156577.0,3.04
2010-04-22,37.71539774314481,37.3218457666946,37.78098973921985,36.99388578631943,432.0,29780103.0,3.04
2010-04-23,38.04335772351998,37.78098973921985,38.69927768427033,37.51862175491971,933.0,84856871.0,3.04
2010-04-26,37.97776572744495,38.63368568819529,38.63368568819529,37.84658173529488,497.0,45343698.0,3.04
2010-04-27,37.51862175491971,38.04335772351998,38.436909699970194,37.51862175491971,416.0,31608287.0,3.04
2010-04-28,36.86270179416937,36.7315178020193,37.05947778239447,36.14118983734399,646.0,47707466.0,3.04
2010-04-29,36.928293790244396,37.1250697784695,37.45302975884467,36.86270179416937,431.0,36077280.0,3.04
2010-04-30,35.81322985696881,37.387437762769636,37.58421375099474,35.68204586481874,664.0,44879479.0,3.04
2010-05-03,34.89494191191833,34.96053390799336,35.747637860893775,34.76375791976826,689.0,44900288.0,3.03
2010-05-04,34.56698193154316,35.288493888368535,35.35408588444357,33.779877978642745,511.0,32627740.0,3.03
2010-05-05,33.3207340061175,33.5175099943426,33.84546997471778,32.99277402574233,652.0,42445084.0,3.16
2010-05-06,32.59922204929212,33.1239580178924,33.58310199041764,32.53363005321709,432.0,25501013.0,3.16
2010-05-07,31.615342108166608,31.484158116016538,32.00889408461681,30.36909418274095,866.0,55750249.0,3.16
2010-05-10,32.861590033592265,31.877710092466746,32.861590033592265,31.09060613956633,407.0,21714157.0,3.17
2010-05-11,32.9271820296673,34.107837959017914,34.107837959017914,32.861590033592265,591.0,45306285.0,3.17
2010-05-12,32.9271820296673,33.45191799826757,33.45191799826757,32.861590033592265,266.0,16540222.0,3.17
2010-05-13,34.370205943318055,33.3207340061175,34.501389935468126,33.3207340061175,666.0,47532144.0,3.17
2010-05-14,34.370205943318055,34.370205943318055,35.026125904068394,33.84546997471778,618.0,40614267.0,3.17
2010-05-17,33.1239580178924,34.107837959017914,34.107837959017914,32.99277402574233,358.0,19441024.0,3.15
2010-05-18,33.45191799826757,33.189550013967434,33.84546997471778,33.189550013967434,215.0,11102075.0,3.15
2010-05-19,33.05836602181736,33.189550013967434,33.45191799826757,32.79599803751723,337.0,19773258.0,3.15
2010-05-20,32.46803805714205,33.3207340061175,33.58310199041764,32.46803805714205,269.0,16037921.0,3.15
2010-05-21,30.30350218666592,30.500278174891022,31.09060613956633,30.237910190590885,619.0,40091548.0,3.15
2010-05-24,30.762646159191156,30.30350218666592,30.959422147416262,30.30350218666592,316.0,18648468.0,3.15
2010-05-25,28.66370228479006,30.565870170966058,30.631462167041093,28.66370228479006,663.0,45390402.0,3.15
2010-05-26,28.926070269090197,28.66370228479006,29.122846257315295,28.466926296564953,365.0,18813742.0,3.15
2010-05-27,29.77876621806564,28.926070269090197,29.90995021021571,28.66370228479006,286.0,14172373.0,3.16
2010-05-28,30.30350218666592,30.237910190590885,30.762646159191156,30.17231819451585,369.0,25570149.0,3.18
2010-05-31,31.156198135641365,30.565870170966058,31.615342108166608,30.17231819451585,372.0,30697705.0,3.18
2010-06-01,30.959422147416262,31.2217901317164,31.484158116016538,30.69705416311612,177.0,9975696.0,3.18
2010-06-02,30.69705416311612,30.565870170966058,31.156198135641365,30.106726198440814,225.0,13439622.0,3.18
2010-06-03,30.959422147416262,31.09060613956633,31.2217901317164,30.82823815526619,257.0,17044219.0,3.18
2010-06-04,31.09060613956633,31.2217901317164,31.615342108166608,30.959422147416262,258.0,16675404.0,3.19
2010-06-07,29.90995021021571,28.991662265165232,30.04113420236578,28.991662265165232,201.0,9548723.0,3.19
2010-06-08,30.30350218666592,29.90995021021571,30.69705416311612,29.90995021021571,157.0,9840168.0,3.19
2010-06-09,29.647582225915574,30.30350218666592,30.893830151341227,29.254030249465366,195.0,9932428.0,3.19
2010-06-10,31.68093410424164,30.17231819451585,31.68093410424164,29.77876621806564,607.0,45880928.0,3.19
2010-06-11,31.68093410424164,32.40244606106702,32.79599803751723,31.68093410424164,786.0,51305877.0,3.19
2010-06-14,32.14007807676688,31.94330208854178,32.53363005321709,31.746526100316675,405.0,22146057.0,3.2
2010-06-15,32.53363005321709,32.14007807676688,33.05836602181736,32.14007807676688,390.0,25176295.0,3.2
2010-06-17,32.46803805714205,32.66481404536716,33.05836602181736,32.14007807676688,434.0,31535565.0,3.2
2010-06-18,31.877710092466746,32.33685406499198,32.730406041442194,31.81211809639171,217.0,14535635.0,3.22
2010-06-21,32.271262068916954,32.40244606106702,32.53363005321709,31.94330208854178,240.0,20013266.0,3.25
2010-06-22,34.107837959017914,32.07448608069185,34.107837959017914,32.07448608069185,909.0,63520957.0,3.26
2010-06-23,33.84546997471778,33.45191799826757,33.911061970792815,33.189550013967434,410.0,29176852.0,3.24
2010-06-24,33.25514201004247,33.45191799826757,33.84546997471778,33.25514201004247,247.0,14371198.0,3.24
2010-06-25,32.46803805714205,32.79599803751723,32.99277402574233,32.14007807676688,346.0,17736435.0,3.24
2010-06-28,32.53363005321709,32.59922204929212,32.99277402574233,32.53363005321709,203.0,13772508.0,3.25
2010-06-29,31.94330208854178,32.53363005321709,32.9271820296673,31.746526100316675,264.0,19007497.0,3.26
2010-06-30,31.2217901317164,30.631462167041093,31.484158116016538,30.500278174891022,215.0,10310738.0,3.26
2010-07-01,31.68093410424164,31.025014143491294,32.14007807676688,31.025014143491294,159.0,10089719.0,3.26
2010-07-02,32.14007807676688,31.68093410424164,32.730406041442194,31.68093410424164,274.0,24670933.0,3.26
2010-07-05,32.79599803751723,33.05836602181736,33.05836602181736,32.33685406499198,374.0,25010914.0,3.26
2010-07-06,32.79599803751723,32.79599803751723,33.38632600219253,32.730406041442194,376.0,28299100.0,3.26
2010-07-07,33.05836602181736,33.05836602181736,33.71428598256771,32.9271820296673,486.0,34762994.0,3.27
2010-07-08,33.45191799826757,33.38632600219253,33.97665396686784,33.189550013967434,574.0,41685307.0,3.29
2010-07-09,33.25514201004247,33.45191799826757,33.779877978642745,33.1239580178924,385.0,28636444.0,3.3
2010-07-12,33.911061970792815,34.107837959017914,34.239021951167985,33.648693986492674,1414.0,110176438.0,3.3
2010-07-13,33.98127120882758,34.40252663703619,34.82378206524479,33.98127120882758,1020.0,70050930.0,3.26
2010-07-14,34.05148044686235,34.54294511310572,34.54294511310572,33.98127120882758,432.0,29390412.0,3.26
2010-07-15,34.40252663703619,34.191898922931884,34.82378206524479,34.05148044686235,461.0,33016937.0,3.26
2010-07-16,35.52587444559247,34.40252663703619,36.43859454004445,34.40252663703619,1366.0,106512477.0,3.26
2010-07-19,34.96420054131433,35.2450374934534,35.4556652075577,34.96420054131433,408.0,30016958.0,3.21
2010-07-20,34.82378206524479,35.2450374934534,35.59608368362724,34.82378206524479,370.0,24492990.0,3.21
2010-07-21,35.10461901738387,35.10461901738387,35.4556652075577,34.89399130327956,410.0,27618372.0,3.21
2010-07-22,35.666292921662006,35.10461901738387,35.94712987380108,35.10461901738387,566.0,33410990.0,3.21
2010-07-23,35.80671139773154,36.08754834987061,36.08754834987061,35.666292921662006,392.0,32899511.0,3.2
2010-07-26,35.38545596952294,36.08754834987061,36.22796682594015,35.10461901738387,499.0,35285600.0,3.2
2010-07-27,35.38545596952294,35.80671139773154,35.94712987380108,35.38545596952294,354.0,22286752.0,3.2
2010-07-28,35.38545596952294,35.59608368362724,35.80671139773154,35.2450374934534,344.0,22238978.0,3.2
2010-07-29,35.10461901738387,35.38545596952294,35.59608368362724,35.10461901738387,268.0,15774675.0,3.2
2010-07-30,34.82378206524479,35.10461901738387,35.4556652075577,34.82378206524479,245.0,14998052.0,3.2
2010-08-02,35.2450374934534,35.2450374934534,35.2450374934534,34.89399130327956,288.0,19237945.0,3.2
2010-08-03,35.38545596952294,35.38545596952294,35.73650215969678,35.315246731488166,334.0,20731036.0,3.2
2010-08-04,35.17482825541863,35.38545596952294,35.666292921662006,34.96420054131433,354.0,21604799.0,3.2
2010-08-05,34.61315435114049,35.315246731488166,35.52587444559247,34.54294511310572,409.0,26536149.0,3.19
2010-08-06,34.82378206524479,34.47273587507095,35.38545596952294,34.47273587507095,321.0,20763153.0,3.19
2010-08-09,35.0344097793491,35.10461901738387,35.2450374934534,34.82378206524479,258.0,16522856.0,3.22
2010-08-10,35.73650215969678,35.10461901738387,36.29817606397492,34.96420054131433,946.0,58207750.0,3.21
2010-08-11,35.17482825541863,35.73650215969678,35.80671139773154,35.17482825541863,391.0,23802333.0,3.19
2010-08-12,35.73650215969678,34.82378206524479,35.80671139773154,34.82378206524479,419.0,26061147.0,3.19
2010-08-13,37.772570062705036,36.017339111835845,38.05340701484411,35.59608368362724,1489.0,112701973.0,3.15
2010-08-16,38.474662443052715,38.193825490913646,39.3873825375047,38.05340701484411,1718.0,140840064.0,3.11
2010-08-17,38.474662443052715,39.03633634733086,39.527801013574226,38.05340701484411,1357.0,124019443.0,3.09
2010-08-18,39.31717329946993,38.89591787126132,40.01926567981761,38.474662443052715,1885.0,165685895.0,3.07
2010-08-19,39.598010251609,39.527801013574226,39.598010251609,38.61508091912225,1004.0,72510825.0,3.02
2010-08-20,38.75549939519179,39.527801013574226,39.66821948964377,38.474662443052715,734.0,58749953.0,3.02
2010-08-23,39.31717329946993,39.31717329946993,39.73842872767854,38.825708633226554,881.0,63131606.0,3.02
2010-08-24,38.75549939519179,39.66821948964377,39.73842872767854,38.75549939519179,819.0,47103779.0,3.02
2010-08-25,36.649222254148754,38.61508091912225,38.61508091912225,36.649222254148754,1115.0,70097977.0,3.05
2010-08-26,36.78964073021829,36.78964073021829,37.6321515866355,36.08754834987061,602.0,29825382.0,3.05
2010-08-27,36.78964073021829,36.93005920628783,37.2108961584269,36.50880377807922,418.0,19295981.0,3.07
2010-08-30,35.94712987380108,37.2108961584269,37.28110539646166,35.94712987380108,378.0,21360790.0,3.07
2010-08-31,34.54294511310572,35.52587444559247,35.80671139773154,34.40252663703619,606.0,39782319.0,3.09
2010-09-01,35.2450374934534,35.17482825541863,35.666292921662006,34.75357282721003,414.0,22756271.0,3.09
2010-09-02,35.52587444559247,35.52587444559247,36.15775758790538,35.315246731488166,419.0,22345079.0,3.1
2010-09-03,36.50880377807922,35.80671139773154,36.78964073021829,35.80671139773154,404.0,23740741.0,3.12
2010-09-06,37.772570062705036,37.2108961584269,38.05340701484411,37.07047768235736,772.0,47958128.0,3.13
2010-09-07,36.93005920628783,37.772570062705036,38.05340701484411,36.93005920628783,391.0,29529241.0,3.13
2010-09-08,36.50880377807922,36.649222254148754,37.00026844432259,36.22796682594015,316.0,21151470.0,3.13
2010-09-09,36.29817606397492,36.78964073021829,36.93005920628783,36.08754834987061,294.0,17873810.0,3.12
2010-09-10,36.08754834987061,36.50880377807922,36.649222254148754,35.94712987380108,265.0,15450354.0,3.12
2010-09-13,35.59608368362724,34.82378206524479,35.73650215969678,34.82378206524479,453.0,26087152.0,3.14
2010-09-14,35.52587444559247,35.59608368362724,36.08754834987061,35.4556652075577,266.0,11445268.0,3.14
2010-09-15,35.80671139773154,35.52587444559247,35.87692063576631,35.52587444559247,275.0,13961748.0,3.15
2010-09-16,35.315246731488166,35.80671139773154,35.94712987380108,35.2450374934534,286.0,16439905.0,3.15
2010-09-17,35.2450374934534,35.38545596952294,35.59608368362724,35.17482825541863,322.0,18428486.0,3.15
2010-09-20,35.2450374934534,35.38545596952294,35.94712987380108,35.2450374934534,277.0,14499725.0,3.15
2010-09-21,35.80671139773154,35.52587444559247,36.15775758790538,35.52587444559247,319.0,18416959.0,3.15
2010-09-23,35.666292921662006,36.08754834987061,36.08754834987061,35.666292921662006,266.0,16611137.0,3.15
2010-09-24,36.71943149218352,35.80671139773154,37.421523872531196,35.4556652075577,955.0,65016434.0,3.16
2010-09-27,36.78964073021829,37.07047768235736,37.84277930073981,36.78964073021829,575.0,40716240.0,3.15
2010-09-28,36.85984996825306,36.85984996825306,37.70236082467027,36.57901301611399,540.0,36869196.0,3.14
2010-09-29,36.57901301611399,37.35131463449643,37.35131463449643,36.57901301611399,326.0,20556736.0,3.15
2010-09-30,36.93005920628783,36.85984996825306,37.2108961584269,36.71943149218352,303.0,15759150.0,3.15
2010-10-01,36.368385302009685,36.93005920628783,37.00026844432259,36.22796682594015,248.0,13850569.0,3.15
2010-10-04,35.87692063576631,36.71943149218352,36.71943149218352,35.59608368362724,288.0,16146056.0,3.15
2010-10-05,35.38545596952294,35.52587444559247,35.80671139773154,35.38545596952294,174.0,9047146.0,3.15
2010-10-06,35.38545596952294,36.08754834987061,36.08754834987061,35.17482825541863,312.0,20080510.0,3.15
2010-10-07,35.4556652075577,35.38545596952294,35.666292921662006,35.2450374934534,193.0,9992555.0,3.15
2010-10-08,35.17482825541863,35.52587444559247,35.52587444559247,35.10461901738387,215.0,10533361.0,3.15
2010-10-11,35.38545596952294,35.10461901738387,35.38545596952294,35.10461901738387,227.0,12561356.0,3.15
2010-10-12,35.52587444559247,35.38545596952294,35.94712987380108,35.2450374934534,271.0,24096596.0,3.14
2010-10-13,35.94712987380108,35.80671139773154,36.50880377807922,35.80671139773154,443.0,39440043.0,3.14
2010-10-14,36.29817606397492,36.50880377807922,36.93005920628783,36.22796682594015,439.0,35802066.0,3.14
2010-10-15,35.80671139773154,36.08754834987061,36.29817606397492,35.666292921662006,268.0,21541241.0,3.14
2010-10-18,36.017339111835845,35.80671139773154,36.368385302009685,35.80671139773154,269.0,20047120.0,3.12
2010-10-19,35.87692063576631,36.50880377807922,36.50880377807922,35.80671139773154,174.0,13376154.0,3.12
2010-10-20,35.80671139773154,35.52587444559247,35.94712987380108,35.52587444559247,229.0,12468627.0,3.14
2010-10-21,35.87692063576631,36.017339111835845,36.43859454004445,35.87692063576631,202.0,11175629.0,3.14
2010-10-22,35.87692063576631,36.368385302009685,36.368385302009685,35.73650215969678,115.0,5892570.0,3.15
2010-10-25,36.017339111835845,35.87692063576631,36.368385302009685,35.80671139773154,232.0,12630773.0,3.16
2010-10-26,35.80671139773154,35.80671139773154,36.29817606397492,35.52587444559247,243.0,12587019.0,3.16
2010-10-27,35.4556652075577,35.666292921662006,36.017339111835845,35.38545596952294,281.0,17606586.0,3.18
2010-10-28,35.2450374934534,35.4556652075577,35.666292921662006,35.2450374934534,230.0,12456299.0,3.18
2010-10-29,35.17482825541863,35.38545596952294,35.666292921662006,35.17482825541863,165.0,8750475.0,3.18
2010-11-01,34.68336358917526,35.10461901738387,35.59608368362724,34.68336358917526,340.0,19617772.0,3.18
2010-11-02,33.2791788284799,34.68336358917526,34.89399130327956,32.8579234002713,637.0,33516039.0,3.18
2010-11-03,32.29624949599315,33.2791788284799,33.41959730454944,32.29624949599315,457.0,21849338.0,3.18
2010-11-04,32.78771416223653,32.29624949599315,32.8579234002713,32.29624949599315,215.0,8254416.0,3.18
2010-11-05,32.64729568616699,33.2791788284799,33.34938806651467,32.50687721009746,280.0,13817864.0,3.18
2010-11-08,34.191898922931884,32.71750492420176,34.33231739900142,32.71750492420176,414.0,19927652.0,3.17
2010-11-09,34.33231739900142,34.12168968489712,34.54294511310572,33.77064349472328,270.0,15572857.0,3.15
2010-11-10,34.191898922931884,34.33231739900142,34.33231739900142,33.77064349472328,183.0,9901826.0,3.16
2010-11-11,35.4556652075577,33.77064349472328,35.666292921662006,33.77064349472328,463.0,29453025.0,3.16
2010-11-12,34.89399130327956,35.38545596952294,35.38545596952294,34.61315435114049,206.0,13421183.0,3.16
2010-11-15,35.0344097793491,34.96420054131433,35.315246731488166,34.12168968489712,263.0,17513535.0,3.16
2010-11-16,34.54294511310572,35.0344097793491,35.0344097793491,34.40252663703619,184.0,12985311.0,3.16
2010-11-17,34.47273587507095,34.191898922931884,34.82378206524479,34.191898922931884,127.0,7426884.0,3.16
2010-11-18,35.10461901738387,34.40252663703619,36.017339111835845,34.40252663703619,531.0,54920577.0,3.17
2010-11-19,35.0344097793491,35.315246731488166,35.38545596952294,34.26210816096665,332.0,31254884.0,3.17
2010-11-22,34.96420054131433,34.82378206524479,35.0344097793491,34.26210816096665,246.0,21094238.0,3.17
2010-11-23,34.89399130327956,34.54294511310572,34.89399130327956,34.26210816096665,199.0,12113559.0,3.17
2010-11-24,34.82378206524479,34.26210816096665,34.82378206524479,34.191898922931884,230.0,16704749.0,3.17
2010-11-25,34.61315435114049,34.82378206524479,35.10461901738387,34.40252663703619,217.0,15713157.0,3.17
2010-11-26,34.05148044686235,34.40252663703619,34.61315435114049,34.05148044686235,246.0,21639493.0,3.17
2010-11-29,34.40252663703619,34.191898922931884,34.96420054131433,34.05148044686235,147.0,7789951.0,3.17
2010-11-30,34.68336358917526,34.82378206524479,34.82378206524479,34.33231739900142,144.0,7773927.0,3.18
2010-12-01,34.82378206524479,34.33231739900142,35.0344097793491,34.33231739900142,248.0,17951280.0,3.19
2010-12-02,34.47273587507095,35.10461901738387,35.2450374934534,34.40252663703619,275.0,17134951.0,3.19
2010-12-03,35.10461901738387,34.68336358917526,35.10461901738387,34.26210816096665,377.0,27485800.0,3.2
2010-12-06,35.52587444559247,35.2450374934534,35.80671139773154,34.89399130327956,629.0,39755734.0,3.2
2010-12-07,35.4556652075577,35.2450374934534,35.59608368362724,34.96420054131433,364.0,38268973.0,3.2
2010-12-08,35.10461901738387,35.17482825541863,35.315246731488166,34.82378206524479,457.0,35312855.0,3.21
2010-12-09,35.80671139773154,35.2450374934534,35.80671139773154,34.96420054131433,506.0,34694329.0,3.23
2010-12-10,35.80671139773154,35.80671139773154,36.08754834987061,35.10461901738387,689.0,53036660.0,3.25
2010-12-13,35.4556652075577,35.4556652075577,35.59608368362724,35.10461901738387,562.0,51625746.0,3.26
2010-12-14,34.89399130327956,35.38545596952294,35.59608368362724,34.89399130327956,372.0,26081355.0,3.31
2010-12-15,33.91106197079281,34.89399130327956,34.89399130327956,33.91106197079281,581.0,40226428.0,3.28
2010-12-16,34.75357282721003,33.70043425668851,35.10461901738387,33.70043425668851,420.0,27309723.0,3.31
2010-12-17,35.2450374934534,35.52587444559247,35.52587444559247,34.54294511310572,596.0,47629968.0,3.35
2010-12-20,35.10461901738387,35.2450374934534,35.2450374934534,34.54294511310572,343.0,26373246.0,3.36
2010-12-21,33.840852732758044,35.2450374934534,35.2450374934534,33.840852732758044,768.0,58347318.0,3.36
2010-12-22,34.82378206524479,34.26210816096665,34.82378206524479,34.12168968489712,448.0,27371715.0,3.38
2010-12-23,34.33231739900142,34.82378206524479,34.89399130327956,34.33231739900142,329.0,19337941.0,3.38
2010-12-24,34.12168968489712,34.33231739900142,34.61315435114049,34.05148044686235,358.0,21483610.0,3.38
2010-12-27,33.98127120882758,34.54294511310572,34.54294511310572,33.91106197079281,269.0,15217474.0,3.39
2010-12-28,33.41959730454944,33.98127120882758,33.98127120882758,33.34938806651467,383.0,20932803.0,3.38
2010-12-29,32.78771416223653,33.70043425668851,33.70043425668851,32.71750492420176,330.0,15415902.0,3.38
2010-12-30,33.0685511143756,32.8579234002713,33.48980654258421,32.8579234002713,155.0,9089964.0,3.39
2010-12-31,34.12168968489712,33.208969590445136,34.26210816096665,33.13876035241037,321.0,23562080.0,3.39
2011-01-03,33.98127120882758,34.40252663703619,34.68336358917526,33.91106197079281,405.0,24847910.0,3.4
2011-01-04,33.98127120882758,33.840852732758044,34.61315435114049,33.840852732758044,335.0,22750073.0,3.41
2011-01-05,33.840852732758044,34.12168968489712,34.40252663703619,33.840852732758044,294.0,18310114.0,3.4
2011-01-06,33.91106197079281,34.12168968489712,34.191898922931884,33.840852732758044,153.0,7821648.0,3.4
2011-01-07,33.70043425668851,33.98127120882758,34.191898922931884,33.63022501865374,154.0,11520042.0,3.4
2011-01-10,33.63022501865374,33.98127120882758,33.98127120882758,33.63022501865374,128.0,8391871.0,3.41
2011-01-11,33.2791788284799,33.2791788284799,33.63022501865374,33.13876035241037,209.0,11604954.0,3.41
2011-01-12,33.63022501865374,33.2791788284799,34.26210816096665,33.2791788284799,227.0,10029510.0,3.42
2011-01-13,33.48980654258421,33.840852732758044,33.840852732758044,33.48980654258421,109.0,5869688.0,3.43
2011-01-14,33.2791788284799,33.840852732758044,33.840852732758044,33.208969590445136,161.0,6339867.0,3.43
2011-01-17,33.0685511143756,33.41959730454944,33.70043425668851,32.99834187634083,173.0,9441487.0,3.44
2011-01-18,33.13876035241037,33.13876035241037,33.41959730454944,33.0685511143756,167.0,7255568.0,3.44
2011-01-19,33.34938806651467,33.13876035241037,33.70043425668851,33.13876035241037,169.0,8282603.0,3.44
2011-01-20,33.13876035241037,33.34938806651467,33.48980654258421,33.13876035241037,179.0,9683530.0,3.44
2011-01-21,32.99834187634083,33.13876035241037,33.2791788284799,32.8579234002713,266.0,17764059.0,3.44
2011-01-24,33.0685511143756,33.13876035241037,33.208969590445136,33.0685511143756,189.0,12126207.0,3.44
2011-01-25,33.13876035241037,33.2791788284799,33.41959730454944,33.13876035241037,152.0,8680077.0,3.44
2011-01-26,33.2791788284799,33.13876035241037,33.34938806651467,32.92813263830607,240.0,14816739.0,3.44
2011-01-27,33.13876035241037,32.99834187634083,33.2791788284799,32.99834187634083,156.0,7938621.0,3.45
2011-01-28,33.13876035241037,33.13876035241037,33.2791788284799,32.92813263830607,264.0,16148120.0,3.47
2011-02-08,33.560015780618976,33.2791788284799,33.70043425668851,33.2791788284799,246.0,12583630.0,3.5
2011-02-09,33.208969590445136,33.70043425668851,33.70043425668851,33.13876035241037,138.0,9599191.0,3.5
2011-02-10,33.48980654258421,33.208969590445136,33.560015780618976,33.208969590445136,124.0,4958159.0,3.5
2011-02-11,32.71750492420176,33.2791788284799,33.560015780618976,32.64729568616699,207.0,10369974.0,3.5
2011-02-14,32.99834187634083,33.2791788284799,33.41959730454944,32.71750492420176,172.0,11461690.0,3.5
2011-02-15,33.0685511143756,32.99834187634083,33.34938806651467,32.99834187634083,125.0,5818399.0,3.5
2011-02-16,33.13876035241037,33.208969590445136,33.41959730454944,32.99834187634083,194.0,11491107.0,3.51
2011-02-17,35.4556652075577,33.2791788284799,35.4556652075577,33.2791788284799,1216.0,86452256.0,3.52
2011-02-18,35.4556652075577,35.87692063576631,36.017339111835845,35.38545596952294,1789.0,161205031.0,3.52
2011-02-21,36.368385302009685,35.666292921662006,36.43859454004445,35.10461901738387,955.0,62299746.0,3.52
2011-02-22,35.94712987380108,36.368385302009685,37.07047768235736,35.87692063576631,1584.0,113933538.0,3.5
2011-02-23,34.68336358917526,35.80671139773154,35.87692063576631,34.40252663703619,816.0,59600266.0,3.52
2011-02-24,34.75357282721003,34.68336358917526,35.4556652075577,34.54294511310572,512.0,32791326.0,3.52
2011-02-25,35.10461901738387,35.10461901738387,35.38545596952294,34.82378206524479,465.0,30809233.0,3.53
2011-03-01,37.56194234860074,35.666292921662006,37.56194234860074,35.315246731488166,1811.0,155739511.0,3.54
2011-03-02,37.6321515866355,37.70236082467027,38.474662443052715,37.421523872531196,1991.0,158278075.0,3.44
2011-03-03,37.56194234860074,37.772570062705036,38.33424396698318,37.28110539646166,940.0,71273383.0,3.44
2011-03-04,37.421523872531196,37.772570062705036,38.474662443052715,37.421523872531196,922.0,83236516.0,3.44
2011-03-07,38.05340701484411,37.84277930073981,38.544871681087486,37.49173311056597,930.0,73116025.0,3.44
2011-03-08,37.421523872531196,38.26403472894841,38.40445320501795,37.421523872531196,644.0,51920612.0,3.44
2011-03-09,36.22796682594015,37.84277930073981,37.84277930073981,35.17482825541863,822.0,60137100.0,3.46
2011-03-10,35.80671139773154,36.22796682594015,36.43859454004445,35.80671139773154,514.0,35516293.0,3.46
2011-03-11,36.22796682594015,35.52587444559247,36.22796682594015,35.17482825541863,454.0,25442787.0,3.47
2011-03-14,35.59608368362724,36.22796682594015,36.43859454004445,35.17482825541863,360.0,23059689.0,3.46
2011-03-15,33.2791788284799,35.59608368362724,36.017339111835845,33.13876035241037,821.0,75608451.0,3.46
2011-03-16,34.26210816096665,33.77064349472328,34.40252663703619,33.560015780618976,465.0,30682856.0,3.47
2011-03-17,34.54294511310572,33.41959730454944,34.54294511310572,33.41959730454944,472.0,28425912.0,3.56
2011-03-18,34.89399130327956,34.96420054131433,35.315246731488166,34.54294511310572,489.0,38325776.0,3.54
2011-03-21,35.666292921662006,35.52587444559247,35.94712987380108,35.10461901738387,563.0,50160573.0,3.54
2011-03-22,36.43859454004445,35.94712987380108,36.71943149218352,35.94712987380108,655.0,51174806.0,3.54
2011-03-23,37.70236082467027,36.43859454004445,37.91298853877457,36.08754834987061,1113.0,94572606.0,3.54
2011-03-24,40.300102631956676,40.300102631956676,40.300102631956676,40.300102631956676,1137.0,138962878.0,3.54
2011-03-25,39.31717329946993,41.14261348837389,41.70428739265203,39.24696406143516,4646.0,451495412.0,3.54
2011-03-28,40.01926567981761,40.01926567981761,41.14261348837389,39.878847203748066,3076.0,274947630.0,3.62
2011-03-29,40.01926567981761,40.01926567981761,40.580939584095745,39.8086379657133,1597.0,135295664.0,3.52
2011-03-30,39.8086379657133,40.229893393921905,40.51073034606098,39.8086379657133,1283.0,98526340.0,3.52
2011-03-31,38.96612710929609,39.878847203748066,39.94905644178284,38.75549939519179,1349.0,94778316.0,3.59
2011-04-01,40.51073034606098,39.31717329946993,41.14261348837389,39.31717329946993,3301.0,287432397.0,3.64
2011-04-06,40.931985774269585,41.002195012304355,42.26596129693017,40.79156729820005,3006.0,264111187.0,3.66
2011-04-07,40.37031186999145,41.002195012304355,41.14261348837389,40.15968415588714,1308.0,103844372.0,3.67
2011-04-08,40.08947491785237,40.37031186999145,41.002195012304355,40.08947491785237,1014.0,83148278.0,3.68
2011-04-11,40.15968415588714,40.01926567981761,40.86177653623482,39.8086379657133,902.0,88040047.0,3.69
2011-04-12,39.31717329946993,40.01926567981761,40.01926567981761,39.31717329946993,931.0,84587905.0,3.66
2011-04-13,39.24696406143516,39.03633634733086,39.598010251609,38.75549939519179,640.0,52730012.0,3.66
2011-04-14,40.44052110802621,39.598010251609,40.44052110802621,39.31717329946993,1078.0,98408357.0,3.66
2011-04-15,39.878847203748066,40.580939584095745,40.86177653623482,39.878847203748066,868.0,76156090.0,3.66
2011-04-18,38.89591787126132,39.878847203748066,40.229893393921905,38.474662443052715,759.0,63029700.0,3.66
2011-04-19,39.73842872767854,38.474662443052715,39.73842872767854,37.772570062705036,893.0,77079118.0,3.65
2011-04-20,39.45759177553946,39.73842872767854,40.08947491785237,39.3873825375047,619.0,54591492.0,3.7
2011-04-21,39.598010251609,39.94905644178284,40.229893393921905,39.598010251609,570.0,53086791.0,3.7
2011-04-22,39.527801013574226,40.15968415588714,40.15968415588714,39.527801013574226,397.0,41333904.0,3.7
2011-04-25,38.61508091912225,39.31717329946993,39.878847203748066,38.544871681087486,498.0,36867213.0,3.7
2011-04-26,38.75549939519179,39.31717329946993,39.31717329946993,38.40445320501795,306.0,20020587.0,3.7
2011-04-27,38.61508091912225,39.176754823400394,39.176754823400394,38.40445320501795,330.0,21590454.0,3.7
2011-04-28,38.40445320501795,39.03633634733086,39.03633634733086,38.40445320501795,364.0,26892728.0,3.78
2011-04-29,37.6321515866355,38.33424396698318,38.75549939519179,36.85984996825306,861.0,55257810.0,3.77
2011-05-03,37.28110539646166,37.91298853877457,38.26403472894841,36.85984996825306,485.0,36849819.0,3.77
2011-05-04,38.123616252878875,37.2108961584269,38.61508091912225,37.07047768235736,529.0,37892516.0,3.76
2011-05-05,38.474662443052715,37.91298853877457,38.96612710929609,37.91298853877457,644.0,51302292.0,3.75
2011-05-06,38.474662443052715,38.474662443052715,39.03633634733086,38.474662443052715,510.0,31572961.0,3.75
2011-05-09,38.474662443052715,38.75549939519179,39.10654558536563,38.26403472894841,479.0,45312604.0,3.75
2011-05-10,39.3873825375047,38.544871681087486,39.878847203748066,38.40445320501795,1225.0,125971078.0,3.75
2011-05-11,38.825708633226554,39.45759177553946,39.598010251609,38.68529015715702,534.0,48215036.0,3.75
2011-05-12,39.176754823400394,38.75549939519179,40.37031186999145,38.474662443052715,2825.0,395887951.0,3.68
2011-05-13,37.772570062705036,39.176754823400394,39.45759177553946,37.772570062705036,1772.0,184803920.0,3.71
2011-05-16,37.14068692039213,37.49173311056597,37.70236082467027,36.50880377807922,870.0,83151587.0,3.68
2011-05-17,35.94712987380108,36.78964073021829,37.00026844432259,35.80671139773154,1308.0,91772536.0,3.69
2011-05-18,35.87692063576631,35.94712987380108,36.649222254148754,35.73650215969678,1459.0,153829401.0,3.63
2011-05-19,34.89399130327956,35.87692063576631,36.08754834987061,34.82378206524479,1111.0,94627107.0,3.64
2011-05-20,34.40252663703619,35.315246731488166,35.38545596952294,34.33231739900142,916.0,66423215.0,3.73
2011-05-23,34.26210816096665,34.12168968489712,34.89399130327956,33.98127120882758,419.0,30705134.0,3.68
2011-05-24,33.41959730454944,34.26210816096665,34.26210816096665,31.87499406778455,1310.0,103345638.0,3.69
2011-05-25,33.560015780618976,32.99834187634083,34.26210816096665,32.99834187634083,862.0,100949406.0,3.69
2011-05-26,34.40252663703619,33.70043425668851,34.54294511310572,33.70043425668851,836.0,97498558.0,3.64
2011-05-27,33.840852732758044,34.47273587507095,34.68336358917526,33.840852732758044,496.0,39914231.0,3.65
2011-05-30,34.47273587507095,33.98127120882758,34.75357282721003,33.98127120882758,489.0,36830559.0,3.56
2011-05-31,35.0344097793491,34.68336358917526,35.59608368362724,34.68336358917526,656.0,56229167.0,3.5
2011-06-01,35.38545596952294,35.80671139773154,36.78964073021829,35.38545596952294,1294.0,101378451.0,3.52
2011-06-02,35.315246731488166,35.17482825541863,35.73650215969678,35.10461901738387,529.0,32381245.0,3.5
2011-06-03,35.38545596952294,35.315246731488166,35.52587444559247,35.315246731488166,302.0,20779826.0,3.49
2011-06-07,35.10461901738387,35.38545596952294,35.4556652075577,34.96420054131433,324.0,25948200.0,3.49
2011-06-08,34.82378206524479,35.10461901738387,35.2450374934534,34.82378206524479,322.0,21673616.0,3.49
2011-06-09,34.75357282721003,34.82378206524479,35.10461901738387,34.75357282721003,233.0,18913503.0,3.49
2011-06-10,34.26210816096665,34.82378206524479,35.10461901738387,34.26210816096665,317.0,18755917.0,3.49
2011-06-13,32.71750492420176,34.12168968489712,34.26210816096665,32.57708644813223,739.0,59954225.0,3.49
2011-06-14,33.63022501865374,32.8579234002713,33.63022501865374,32.8579234002713,317.0,21166513.0,3.15
2011-06-15,33.41959730454944,33.70043425668851,33.77064349472328,33.41959730454944,337.0,20745362.0,3.17
2011-06-16,32.8579234002713,32.99834187634083,33.41959730454944,32.8579234002713,266.0,18924623.0,3.17
2011-06-17,32.99834187634083,32.99834187634083,33.41959730454944,32.99834187634083,224.0,11601778.0,3.17
2011-06-20,32.22604025795839,33.13876035241037,33.63022501865374,32.085621781888854,434.0,33294093.0,3.15
2011-06-21,32.36645873402792,32.29624949599315,32.8579234002713,32.01541254385408,369.0,27470882.0,3.15
2011-06-22,32.36645873402792,32.71750492420176,32.8579234002713,32.29624949599315,238.0,14136042.0,3.16
2011-06-23,32.15583101992362,32.36645873402792,32.64729568616699,32.15583101992362,169.0,9213773.0,3.16
2011-06-24,32.15583101992362,32.29624949599315,32.64729568616699,32.15583101992362,178.0,7548131.0,3.17
2011-06-27,32.71750492420176,32.01541254385408,33.0685511143756,31.87499406778455,362.0,27524075.0,3.17
2011-06-28,32.43666797206269,32.99834187634083,32.99834187634083,32.36645873402792,183.0,10950561.0,3.17
2011-06-29,32.50687721009746,32.50687721009746,32.92813263830607,32.50687721009746,213.0,12376934.0,3.17
2011-06-30,32.92813263830607,32.71750492420176,33.41959730454944,32.57708644813223,424.0,25855160.0,3.18
2011-07-01,33.560015780618976,33.13876035241037,33.560015780618976,33.0685511143756,251.0,12728964.0,3.19
2011-07-04,33.41959730454944,33.70043425668851,33.840852732758044,33.41959730454944,186.0,10099381.0,3.19
2011-07-05,33.0685511143756,33.2791788284799,33.48980654258421,33.0685511143756,155.0,8801719.0,3.19
2011-07-06,33.0685511143756,32.99834187634083,33.63022501865374,32.92813263830607,235.0,16003465.0,3.19
2011-07-07,33.0685511143756,33.2791788284799,33.48980654258421,32.99834187634083,279.0,16892912.0,3.24
2011-07-08,32.71750492420176,33.13876035241037,33.34938806651467,32.64729568616699,256.0,18322268.0,3.25
2011-07-11,32.78771416223653,33.0685511143756,33.0685511143756,32.50687721009746,206.0,13786127.0,3.24
2011-07-12,31.945203305819316,32.29624949599315,32.57708644813223,31.945203305819316,362.0,38936216.0,3.21
2011-07-13,31.87499406778455,32.29624949599315,32.29624949599315,31.38352940154118,351.0,22224261.0,3.23
2011-07-14,30.470809307089194,31.664366353680247,32.01541254385408,30.18997235495012,569.0,29453160.0,3.21
2011-07-15,31.734575591715014,30.611227783158732,31.734575591715014,30.611227783158732,468.0,34350689.0,3.22
2011-07-18,31.24311092547164,32.22604025795839,32.22604025795839,31.17290168743687,283.0,21916265.0,3.22
2011-07-19,31.453738639575942,30.962273973332568,31.87499406778455,30.962273973332568,303.0,24800967.0,3.22
2011-07-20,31.945203305819316,31.87499406778455,32.22604025795839,31.52394787761071,388.0,32217983.0,3.22
2011-07-21,32.15583101992362,31.945203305819316,32.50687721009746,31.59415711564548,366.0,20377069.0,3.24
2011-07-22,32.36645873402792,32.29624949599315,32.92813263830607,32.22604025795839,400.0,27891809.0,3.26
2011-07-25,31.734575591715014,32.29624949599315,32.29624949599315,31.734575591715014,259.0,18983112.0,3.27
2011-07-26,31.52394787761071,31.664366353680247,31.945203305819316,31.453738639575942,345.0,21750232.0,3.28
2011-07-27,32.50687721009746,31.59415711564548,32.50687721009746,31.59415711564548,504.0,34191235.0,3.34
2011-07-28,32.78771416223653,32.50687721009746,33.2791788284799,32.29624949599315,515.0,28232655.0,3.33
2011-07-29,32.15583101992362,33.2791788284799,33.2791788284799,32.15583101992362,335.0,22165970.0,3.33
2011-08-01,32.78771416223653,32.57708644813223,32.92813263830607,32.43666797206269,417.0,35040386.0,3.35
2011-08-02,32.92813263830607,32.8579234002713,32.99834187634083,32.57708644813223,303.0,21385086.0,3.35
2011-08-03,32.43666797206269,32.71750492420176,32.8579234002713,32.01541254385408,349.0,28056844.0,3.33
2011-08-04,32.29624949599315,32.43666797206269,33.13876035241037,32.29624949599315,322.0,26277335.0,3.33
2011-08-05,30.049553878880587,30.049553878880587,30.8920647352978,30.049553878880587,786.0,66358793.0,3.42
2011-08-08,29.34746149853291,29.768716926741515,29.909135402811053,28.013485975872324,717.0,44400973.0,3.41
2011-08-09,28.78578759425477,27.381602833559413,28.78578759425477,27.311393595524645,591.0,40277824.0,3.23
2011-08-10,29.698507688706748,28.926206070324305,29.698507688706748,28.926206070324305,329.0,20376916.0,3.23
2011-08-11,29.34746149853291,28.78578759425477,29.34746149853291,28.013485975872324,455.0,36875713.0,3.24
2011-08-12,29.909135402811053,29.41767073656768,30.18997235495012,29.41767073656768,696.0,58957709.0,3.25
2011-08-15,30.75272640135188,30.21589576591681,31.136176855234073,30.21589576591681,650.0,49853544.0,3.27
2011-08-16,31.059486764457635,31.596317399892705,32.13314803532777,31.059486764457635,1017.0,73276073.0,3.42
2011-08-17,30.982796673681193,31.059486764457635,31.366247127563387,30.982796673681193,350.0,22052265.0,3.55
2011-08-18,29.909135402811053,30.982796673681193,31.136176855234073,29.909135402811053,406.0,24016144.0,3.55
2011-08-19,28.14526331495297,28.758784041164475,29.14223449504667,27.83850295184721,563.0,33204927.0,3.49
2011-08-22,26.99491195330639,28.14526331495297,28.52871376883516,26.91822186252995,469.0,32338635.0,3.47
2011-08-23,27.83850295184721,27.224982225635703,27.99188313340009,26.99491195330639,413.0,22468391.0,3.41
2011-08-24,27.685122770294335,27.99188313340009,28.298643496505843,27.608432679517897,248.0,12775204.0,3.41
2011-08-25,27.301672316412144,27.761812861070776,28.06857322417653,27.301672316412144,240.0,14330904.0,3.42
2011-08-26,26.99491195330639,26.99491195330639,27.761812861070776,26.84153177175351,252.0,13967755.0,3.42
2011-08-29,26.99491195330639,26.99491195330639,27.378362407188582,26.91822186252995,339.0,20927840.0,3.43
2011-08-30,27.53174258874146,27.071602044082823,27.608432679517897,26.76484168097707,432.0,28409180.0,3.47
2011-08-31,27.301672316412144,27.301672316412144,27.83850295184721,27.071602044082823,464.0,31665246.0,3.47
2011-09-01,27.224982225635703,27.301672316412144,27.685122770294335,27.071602044082823,630.0,39934030.0,3.52
2011-09-02,26.76484168097707,27.224982225635703,27.224982225635703,26.688151590200633,336.0,21920380.0,3.51
2011-09-05,25.53780022855405,26.228011045542004,26.228011045542004,25.077659683895426,416.0,23986305.0,3.49
2011-09-06,23.927308322248845,25.15434977467186,25.53780022855405,23.927308322248845,452.0,32092850.0,3.48
2011-09-07,23.313787596037333,23.927308322248845,24.310758776131035,22.930337142155143,763.0,47381804.0,3.51
2011-09-08,23.313787596037333,23.313787596037333,23.62054795914309,23.08371732370802,459.0,29020358.0,3.54
2011-09-09,24.2340686853546,23.2370975052609,24.387448866907476,23.2370975052609,473.0,27582616.0,3.55
2011-09-13,23.54385786836665,23.697238049919527,24.15737859457816,23.467167777590213,192.0,9671686.0,3.86
2011-09-14,22.47019659749651,23.54385786836665,23.773928140695965,22.240126325167196,316.0,14488251.0,3.86
2011-09-15,22.930337142155143,22.930337142155143,23.00702723293158,22.54688668827295,219.0,11378680.0,3.88
2011-09-16,23.54385786836665,23.00702723293158,23.54385786836665,23.00702723293158,255.0,9463847.0,3.87
2011-09-19,23.390477686813774,23.54385786836665,23.62054795914309,22.930337142155143,141.0,6687689.0,3.87
2011-09-20,23.62054795914309,23.160407414484457,23.697238049919527,23.160407414484457,102.0,4720638.0,3.87
2011-09-21,24.08068850380172,23.62054795914309,24.2340686853546,23.467167777590213,210.0,8572544.0,3.87
2011-09-22,23.773928140695965,23.773928140695965,24.08068850380172,23.62054795914309,154.0,7141089.0,3.86
2011-09-23,22.70026686982583,22.776956960602263,23.313787596037333,22.54688668827295,215.0,10154496.0,3.81
2011-09-26,21.166465054297056,22.70026686982583,22.853647051378704,21.166465054297056,311.0,14964249.0,3.77
2011-09-27,21.47322541740281,21.39653532662637,22.086746143614317,21.166465054297056,256.0,8923584.0,3.79
2011-09-28,21.703295689732126,21.47322541740281,21.856675871285002,21.47322541740281,230.0,4848027.0,3.79
2011-09-29,22.70026686982583,21.626605598955685,23.160407414484457,21.319845235849932,472.0,26227901.0,3.79
2011-09-30,24.2340686853546,22.853647051378704,24.2340686853546,22.853647051378704,869.0,32228494.0,3.83
2011-10-03,23.850618231472406,23.927308322248845,24.003998413025283,23.54385786836665,392.0,11596334.0,3.89
2011-10-04,24.694209230013232,23.850618231472406,25.077659683895426,23.54385786836665,588.0,21940407.0,4.02
2011-10-05,24.540829048460353,24.847589411566105,25.15434977467186,24.464138957683915,345.0,12142245.0,4.01
2011-10-06,24.15737859457816,24.847589411566105,25.000969593118985,24.08068850380172,318.0,11310964.0,4.01
2011-10-07,24.08068850380172,24.694209230013232,24.694209230013232,24.08068850380172,307.0,14404203.0,4.02
2011-10-11,24.08068850380172,24.540829048460353,24.540829048460353,23.927308322248845,218.0,9635945.0,4.01
2011-10-12,24.08068850380172,23.773928140695965,24.2340686853546,23.313787596037333,245.0,7279237.0,4.02
2011-10-13,24.387448866907476,24.2340686853546,24.694209230013232,24.15737859457816,187.0,6059119.0,4.02
2011-10-14,24.770899320789667,24.387448866907476,25.000969593118985,24.2340686853546,320.0,15812670.0,4.02
2011-10-17,24.2340686853546,24.540829048460353,24.847589411566105,24.15737859457816,183.0,6350109.0,4.03
2011-10-18,23.2370975052609,24.15737859457816,24.15737859457816,22.70026686982583,325.0,8777724.0,4.03
2011-10-19,23.160407414484457,22.930337142155143,23.467167777590213,22.930337142155143,148.0,3810017.0,4.03
2011-10-20,22.70026686982583,22.70026686982583,23.2370975052609,22.70026686982583,139.0,4217076.0,4.03
2011-10-21,22.776956960602263,22.70026686982583,22.930337142155143,22.623576779049387,82.0,1844314.0,4.03
2011-10-24,23.00702723293158,23.00702723293158,23.160407414484457,22.853647051378704,192.0,5003965.0,4.03
2011-10-25,23.62054795914309,23.62054795914309,24.2340686853546,23.390477686813774,633.0,22850633.0,3.8
2011-10-26,23.54385786836665,23.313787596037333,23.773928140695965,23.313787596037333,188.0,5173872.0,3.8
2011-10-27,24.540829048460353,23.773928140695965,24.540829048460353,23.54385786836665,560.0,22835780.0,3.81
2011-10-28,24.310758776131035,25.2310398654483,25.2310398654483,24.08068850380172,653.0,33262739.0,3.8
2011-10-31,23.467167777590213,24.310758776131035,24.387448866907476,23.313787596037333,368.0,15515364.0,3.8
2011-11-01,23.2370975052609,23.390477686813774,23.467167777590213,22.930337142155143,196.0,6879846.0,3.8
2011-11-02,23.2370975052609,23.00702723293158,23.467167777590213,22.70026686982583,293.0,17080836.0,3.8
2011-11-03,22.54688668827295,23.160407414484457,23.2370975052609,22.54688668827295,248.0,10696026.0,3.79
2011-11-04,22.930337142155143,22.623576779049387,23.313787596037333,22.623576779049387,294.0,10201625.0,3.81
2011-11-07,22.930337142155143,23.08371732370802,23.390477686813774,22.930337142155143,233.0,10909546.0,3.83
2011-11-08,23.467167777590213,23.08371732370802,23.850618231472406,22.930337142155143,934.0,75562496.0,3.83
2011-11-09,23.08371732370802,23.467167777590213,23.697238049919527,23.08371732370802,372.0,11986812.0,3.84
2011-11-10,21.856675871285002,22.316816415943634,23.2370975052609,21.77998578050856,404.0,15228327.0,3.83
2011-11-11,20.70632450963842,21.93336596206144,22.086746143614317,20.39956414653267,812.0,30884922.0,3.82
2011-11-14,20.70632450963842,20.70632450963842,21.319845235849932,20.39956414653267,598.0,29778658.0,3.8
2011-11-15,20.70632450963842,20.70632450963842,21.013084872744177,20.629634418861983,239.0,6687006.0,3.85
2011-11-16,20.783014600414862,21.013084872744177,21.013084872744177,20.70632450963842,186.0,6494634.0,3.84
2011-11-17,20.39956414653267,20.783014600414862,20.783014600414862,20.016113692650475,146.0,3770941.0,3.84
2011-11-18,19.78604342032116,20.24618396497979,20.39956414653267,19.78604342032116,178.0,5412096.0,3.84
2011-11-21,18.55900196789814,19.78604342032116,19.78604342032116,18.405621786345264,525.0,18621234.0,3.85
2011-11-22,17.331960515475124,17.792101060133756,18.405621786345264,17.331960515475124,526.0,17088438.0,3.85
2011-11-23,16.181609153828546,17.178580333922245,17.178580333922245,16.181609153828546,471.0,17108188.0,3.86
2011-11-24,15.87484879072279,15.061933828492542,16.258299244604984,15.061933828492542,508.0,15912925.0,3.92
2011-11-25,16.028228972275667,16.104919063052108,16.4883695169343,15.491398336840597,301.0,8829580.0,3.92
2011-11-28,16.4883695169343,16.258299244604984,16.641749698487175,16.258299244604984,156.0,4089845.0,3.92
2011-11-29,17.331960515475124,16.718439789263616,17.408650606251562,16.641749698487175,337.0,13119913.0,3.92
2011-11-30,17.10189024314581,17.10189024314581,17.10189024314581,16.641749698487175,162.0,4990563.0,3.9
2011-12-01,17.868791150910194,17.331960515475124,18.25224160479239,17.331960515475124,547.0,18037228.0,3.95
2011-12-02,17.255270424698686,17.945481241686633,17.945481241686633,17.255270424698686,202.0,5922347.0,3.99
2011-12-05,17.10189024314581,17.56203078780444,17.56203078780444,16.871819970816492,128.0,2635106.0,4.02
2011-12-06,16.871819970816492,17.10189024314581,17.331960515475124,16.641749698487175,142.0,2855012.0,4.04
2011-12-07,16.94851006159293,17.02520015236937,17.255270424698686,16.94851006159293,106.0,3414292.0,4.06
2011-12-08,16.258299244604984,16.94851006159293,16.94851006159293,16.181609153828546,130.0,2852592.0,4.07
2011-12-09,15.95153888149923,16.028228972275667,16.4883695169343,15.41470824606416,171.0,2697528.0,4.07
2011-12-12,16.641749698487175,16.334989335381422,16.871819970816492,16.258299244604984,184.0,3711566.0,4.11
2011-12-13,17.485340697028,17.792101060133756,17.792101060133756,17.02520015236937,340.0,7662402.0,4.11
2011-12-14,17.408650606251562,17.638720878580877,17.638720878580877,17.10189024314581,141.0,3197480.0,4.11
2011-12-15,16.871819970816492,17.10189024314581,17.178580333922245,16.871819970816492,124.0,3254424.0,4.15
2011-12-16,17.10189024314581,16.871819970816492,17.331960515475124,16.871819970816492,107.0,3678426.0,4.21
2011-12-19,16.104919063052108,16.871819970816492,16.871819970816492,16.104919063052108,217.0,6368453.0,4.27
2011-12-20,16.4883695169343,16.028228972275667,16.641749698487175,15.95153888149923,126.0,4122481.0,4.31
2011-12-21,17.638720878580877,17.408650606251562,17.638720878580877,17.178580333922245,268.0,10820830.0,4.32
2011-12-22,17.408650606251562,17.638720878580877,17.638720878580877,17.178580333922245,119.0,3483889.0,4.37
2011-12-23,17.868791150910194,17.792101060133756,18.25224160479239,17.638720878580877,262.0,9525489.0,4.41
2011-12-26,18.098861423239512,17.71541096935732,18.098861423239512,17.71541096935732,183.0,7229557.0,4.45
2011-12-27,18.482311877121703,18.098861423239512,18.635692058674582,17.945481241686633,394.0,12643042.0,4.46
2011-12-28,18.328931695568826,18.712382149451017,18.942452421780335,18.175551514015947,252.0,7463626.0,4.5
2011-12-29,18.098861423239512,18.098861423239512,18.405621786345264,18.02217133246307,152.0,4925051.0,4.54
2011-12-30,17.945481241686633,18.25224160479239,18.328931695568826,17.868791150910194,109.0,3906733.0,4.6
2012-01-02,17.485340697028,18.25224160479239,18.25224160479239,17.408650606251562,140.0,3623270.0,4.64
2012-01-03,18.635692058674582,17.792101060133756,18.635692058674582,17.792101060133756,200.0,10845999.0,4.64
2012-01-04,18.635692058674582,18.942452421780335,19.402592966438966,18.482311877121703,746.0,32533877.0,4.64
2012-01-05,18.25224160479239,18.635692058674582,18.712382149451017,18.25224160479239,236.0,5270294.0,4.65
2012-01-06,18.25224160479239,18.25224160479239,18.712382149451017,18.25224160479239,205.0,5396908.0,4.65
2012-01-09,18.02217133246307,18.25224160479239,18.635692058674582,17.868791150910194,185.0,6586745.0,4.66
2012-01-10,18.098861423239512,18.098861423239512,18.55900196789814,18.098861423239512,171.0,3909356.0,4.67
2012-01-11,18.098861423239512,18.175551514015947,18.482311877121703,18.02217133246307,203.0,7263628.0,4.7
2012-01-12,18.098861423239512,18.098861423239512,18.55900196789814,18.098861423239512,301.0,9066593.0,4.75
2012-01-13,18.098861423239512,18.405621786345264,18.405621786345264,18.02217133246307,161.0,5838925.0,4.83
2012-01-16,18.328931695568826,19.019142512556773,19.019142512556773,18.25224160479239,161.0,6605721.0,4.9
2012-01-17,19.019142512556773,18.328931695568826,19.555973147991843,18.328931695568826,747.0,37920082.0,4.91
2012-01-18,18.482311877121703,19.09583260333321,19.24921278488609,18.482311877121703,325.0,10635449.0,4.91
2012-01-30,19.32590287566253,18.865762331003896,19.32590287566253,18.712382149451017,433.0,18070508.0,5.28
2012-01-31,20.552944328085545,19.939423601874037,20.629634418861983,19.479283057215405,579.0,19703576.0,5.28
2012-02-01,20.476254237309107,20.552944328085545,20.783014600414862,20.016113692650475,449.0,18865468.0,5.15
2012-02-02,21.39653532662637,20.70632450963842,21.626605598955685,20.70632450963842,674.0,31726050.0,5.15
2012-02-03,22.853647051378704,21.39653532662637,22.853647051378704,21.166465054297056,857.0,39177139.0,5.11
2012-02-04,22.930337142155143,23.313787596037333,24.387448866907476,22.930337142155143,1248.0,91674417.0,5.11
2012-02-06,22.70026686982583,22.70026686982583,23.390477686813774,22.240126325167196,596.0,123075055.0,5.07
2012-02-07,22.47019659749651,22.70026686982583,23.160407414484457,22.47019659749651,331.0,15218314.0,5.04
2012-02-08,23.2370975052609,22.47019659749651,23.927308322248845,22.47019659749651,611.0,34046265.0,5.05
2012-02-09,23.00702723293158,23.08371732370802,23.773928140695965,23.00702723293158,463.0,18426400.0,5.03
2012-02-10,24.003998413025283,23.160407414484457,24.2340686853546,23.08371732370802,620.0,31243373.0,5.04
2012-02-13,25.30772995622474,24.694209230013232,25.38442004700118,24.08068850380172,854.0,40270502.0,5.02
2012-02-14,24.770899320789667,25.30772995622474,25.614490319330493,24.61751913923679,448.0,21293837.0,5.02
2012-02-15,25.38442004700118,24.694209230013232,25.38442004700118,24.387448866907476,679.0,38365885.0,5.05
2012-02-16,23.850618231472406,25.15434977467186,25.614490319330493,23.773928140695965,775.0,38459285.0,4.82
2012-02-17,22.853647051378704,24.310758776131035,24.464138957683915,22.70026686982583,520.0,21552321.0,4.86
2012-02-20,23.927308322248845,23.313787596037333,24.003998413025283,22.930337142155143,427.0,17724578.0,4.89
2012-02-21,24.2340686853546,24.003998413025283,24.924279502342547,23.850618231472406,950.0,41978042.0,4.85
2012-02-22,23.927308322248845,24.387448866907476,24.694209230013232,23.927308322248845,519.0,18165404.0,4.85
2012-02-23,23.467167777590213,23.927308322248845,24.2340686853546,23.467167777590213,276.0,9757816.0,4.87
2012-02-24,23.313787596037333,23.467167777590213,23.927308322248845,23.313787596037333,194.0,7132850.0,4.88
2012-02-29,23.54385786836665,23.54385786836665,23.697238049919527,22.853647051378704,354.0,14577332.0,4.89
2012-03-01,23.313787596037333,23.54385786836665,23.54385786836665,23.00702723293158,232.0,8216975.0,4.88
2012-03-02,22.853647051378704,23.2370975052609,23.390477686813774,22.853647051378704,375.0,15279327.0,4.89
2012-03-03,22.930337142155143,23.00702723293158,23.00702723293158,22.623576779049387,274.0,13031626.0,4.89
2012-03-05,22.47019659749651,23.00702723293158,23.00702723293158,22.393506506720072,227.0,7861063.0,4.88
2012-03-06,21.089774963520615,22.240126325167196,22.47019659749651,20.93639478196774,471.0,17158394.0,4.87
2012-03-07,21.166465054297056,20.016113692650475,21.24315514507349,20.016113692650475,263.0,7962877.0,4.89
2012-03-08,21.549915508179247,21.47322541740281,21.549915508179247,21.166465054297056,162.0,4180672.0,4.9
2012-03-09,21.77998578050856,21.703295689732126,21.93336596206144,21.47322541740281,183.0,6630487.0,4.9
2012-03-12,21.166465054297056,21.77998578050856,21.93336596206144,21.166465054297056,173.0,5868672.0,4.91
2012-03-13,21.089774963520615,21.24315514507349,21.47322541740281,21.089774963520615,161.0,5923452.0,4.91
2012-03-14,21.39653532662637,21.77998578050856,21.77998578050856,21.089774963520615,202.0,7668359.0,4.92
2012-03-15,21.319845235849932,21.319845235849932,21.626605598955685,21.089774963520615,153.0,6805658.0,4.91
2012-03-16,21.24315514507349,21.39653532662637,21.47322541740281,21.166465054297056,158.0,6387676.0,4.92
2012-03-19,20.70632450963842,21.319845235849932,21.319845235849932,20.70632450963842,186.0,5373422.0,4.92
2012-03-20,20.552944328085545,20.93639478196774,20.93639478196774,20.32287405575623,183.0,4959778.0,4.91
2012-03-21,20.629634418861983,20.476254237309107,20.8597046911913,20.169493874203354,169.0,5708593.0,4.92
2012-03-22,20.552944328085545,20.39956414653267,21.013084872744177,20.24618396497979,171.0,7525674.0,4.92
2012-03-23,20.70632450963842,20.552944328085545,20.70632450963842,20.39956414653267,83.0,1938741.0,4.92
2012-03-26,20.39956414653267,20.70632450963842,20.8597046911913,20.39956414653267,155.0,5624505.0,4.92
2012-03-27,20.552944328085545,20.70632450963842,20.70632450963842,19.939423601874037,326.0,15171281.0,4.93
2012-03-28,21.319845235849932,20.552944328085545,21.47322541740281,20.169493874203354,1319.0,101494153.0,4.95
2012-03-29,20.552944328085545,21.166465054297056,21.166465054297056,19.8627335110976,619.0,21125240.0,4.92
2012-03-30,20.092803783426913,20.016113692650475,20.24618396497979,19.632663238768284,290.0,8027051.0,4.91
2012-04-02,19.24921278488609,19.479283057215405,19.8627335110976,18.78907224022746,358.0,11957762.0,4.86
2012-04-03,17.945481241686633,18.942452421780335,19.172522694109652,17.945481241686633,484.0,16389542.0,4.79
2012-04-05,16.94851006159293,16.795129880040054,17.10189024314581,16.718439789263616,341.0,10952913.0,4.79
2012-04-06,17.638720878580877,17.02520015236937,17.792101060133756,17.02520015236937,194.0,5382711.0,4.79
2012-04-09,17.10189024314581,17.638720878580877,17.945481241686633,17.10189024314581,113.0,1733051.0,4.79
2012-04-10,17.485340697028,17.255270424698686,17.792101060133756,17.255270424698686,128.0,2960591.0,4.8
2012-04-11,17.485340697028,16.871819970816492,17.868791150910194,16.871819970816492,170.0,4141722.0,4.8
2012-04-12,18.02217133246307,17.331960515475124,18.098861423239512,17.255270424698686,310.0,7688109.0,4.88
2012-04-13,17.945481241686633,18.25224160479239,18.55900196789814,17.945481241686633,257.0,7570221.0,4.89
2012-04-16,17.792101060133756,17.945481241686633,18.175551514015947,17.71541096935732,111.0,2977204.0,4.89
2012-04-17,17.10189024314581,18.02217133246307,18.02217133246307,16.641749698487175,273.0,7409262.0,4.88
2012-04-18,17.10189024314581,17.10189024314581,17.485340697028,16.94851006159293,184.0,4748632.0,4.88
2012-04-19,16.871819970816492,17.10189024314581,17.178580333922245,16.795129880040054,116.0,2035084.0,4.77
2012-04-20,16.871819970816492,17.178580333922245,17.178580333922245,16.258299244604984,178.0,3987989.0,4.77
2012-04-23,15.95153888149923,16.718439789263616,16.718439789263616,15.95153888149923,188.0,4609422.0,4.77
2012-04-24,15.798158699946352,15.798158699946352,16.104919063052108,15.491398336840597,189.0,5097585.0,4.77
2012-04-25,15.95153888149923,15.95153888149923,16.258299244604984,15.87484879072279,148.0,6632168.0,4.77
2012-04-26,15.644778518393474,16.028228972275667,16.104919063052108,15.644778518393474,142.0,3917513.0,4.77
2012-04-27,15.644778518393474,15.644778518393474,15.95153888149923,15.644778518393474,147.0,3641084.0,4.77
2012-04-30,16.181609153828546,15.95153888149923,16.181609153828546,15.798158699946352,146.0,2928626.0,4.77
2012-05-02,17.255270424698686,16.718439789263616,17.255270424698686,16.4883695169343,306.0,8252501.0,4.86
2012-05-03,16.871819970816492,17.255270424698686,17.255270424698686,16.871819970816492,166.0,4980742.0,4.86
2012-05-04,17.178580333922245,16.871819970816492,17.485340697028,16.56505960771074,184.0,3818432.0,4.84
2012-05-07,17.10189024314581,16.871819970816492,17.331960515475124,16.56505960771074,99.0,2275507.0,4.84
2012-05-08,17.02520015236937,17.331960515475124,17.331960515475124,16.94851006159293,94.0,2025865.0,4.82
2012-05-09,17.178580333922245,16.871819970816492,17.178580333922245,16.718439789263616,130.0,3980397.0,4.79
2012-05-10,17.10189024314581,16.94851006159293,17.255270424698686,16.871819970816492,115.0,3574628.0,4.78
2012-05-11,16.641749698487175,16.94851006159293,16.94851006159293,16.4883695169343,90.0,2231231.0,4.78
2012-05-14,16.258299244604984,16.871819970816492,16.94851006159293,16.181609153828546,108.0,2432660.0,4.78
2012-05-15,16.334989335381422,16.104919063052108,16.41167942615786,15.87484879072279,76.0,2189379.0,4.78
2012-05-16,15.798158699946352,16.104919063052108,16.181609153828546,15.798158699946352,128.0,3358875.0,4.81
2012-05-17,15.798158699946352,15.798158699946352,16.104919063052108,15.721468609169914,141.0,3875216.0,4.83
2012-05-18,15.644778518393474,15.644778518393474,16.028228972275667,15.644778518393474,130.0,4156502.0,4.83
2012-05-21,15.87484879072279,15.798158699946352,16.334989335381422,15.721468609169914,240.0,9116853.0,4.83
2012-05-22,16.104919063052108,16.104919063052108,16.334989335381422,16.028228972275667,105.0,3219317.0,4.9
2012-05-23,15.798158699946352,15.87484879072279,15.95153888149923,15.721468609169914,81.0,1904900.0,4.89
2012-05-24,15.491398336840597,15.87484879072279,15.95153888149923,15.41470824606416,120.0,3082970.0,4.88
2012-05-25,15.491398336840597,15.491398336840597,15.721468609169914,15.41470824606416,162.0,3264882.0,4.83
2012-05-28,15.798158699946352,15.491398336840597,15.798158699946352,15.491398336840597,119.0,2857286.0,4.82
2012-05-29,16.871819970816492,15.87484879072279,16.871819970816492,15.87484879072279,326.0,9324652.0,4.82
2012-05-30,16.258299244604984,16.871819970816492,17.02520015236937,16.258299244604984,204.0,5456665.0,4.82
2012-05-31,15.95153888149923,16.258299244604984,16.258299244604984,15.644778518393474,679.0,15407453.0,4.32
2012-06-01,15.644778518393474,15.798158699946352,16.258299244604984,15.491398336840597,349.0,10451971.0,4.16
2012-06-04,14.555779229368047,15.41470824606416,15.41470824606416,14.555779229368047,411.0,11138733.0,3.97
2012-06-05,14.785849501697363,15.000581755871389,15.000581755871389,14.60179328383391,199.0,4342586.0,3.94
2012-06-06,15.491398336840597,14.785849501697363,15.644778518393474,14.7398354472315,236.0,5488120.0,3.95
2012-06-07,15.644778518393474,15.798158699946352,16.104919063052108,15.491398336840597,200.0,6534354.0,3.95
2012-06-08,15.491398336840597,15.33801815528772,15.644778518393474,15.33801815528772,94.0,2253100.0,3.93
2012-06-11,15.644778518393474,15.491398336840597,15.87484879072279,15.491398336840597,118.0,3192167.0,3.91
2012-06-12,15.33801815528772,15.33801815528772,15.568088427617036,15.33801815528772,70.0,1730300.0,3.91
2012-06-13,15.798158699946352,15.644778518393474,15.95153888149923,15.568088427617036,102.0,1989610.0,3.92
2012-06-14,15.644778518393474,15.491398336840597,15.798158699946352,15.491398336840597,67.0,1665501.0,3.91
2012-06-15,15.798158699946352,15.798158699946352,15.95153888149923,15.721468609169914,96.0,2261691.0,3.92
2012-06-18,16.104919063052108,16.104919063052108,16.41167942615786,15.95153888149923,143.0,3244645.0,3.94
2012-06-19,15.95153888149923,16.104919063052108,16.334989335381422,15.95153888149923,83.0,1780082.0,3.95
2012-06-20,15.95153888149923,16.104919063052108,16.104919063052108,15.87484879072279,130.0,2665028.0,3.94
2012-06-21,15.95153888149923,15.798158699946352,16.181609153828546,15.798158699946352,122.0,2342335.0,3.92
2012-06-22,16.181609153828546,15.644778518393474,16.334989335381422,15.568088427617036,148.0,5883725.0,3.92
2012-06-25,16.41167942615786,16.028228972275667,16.641749698487175,16.028228972275667,149.0,4139655.0,3.93
2012-06-26,16.104919063052108,16.258299244604984,16.41167942615786,16.028228972275667,91.0,2293742.0,3.93
2012-06-27,16.334989335381422,16.104919063052108,16.56505960771074,16.104919063052108,127.0,6648892.0,3.93
2012-06-28,16.258299244604984,16.56505960771074,16.56505960771074,16.258299244604984,97.0,4096742.0,3.95
2012-06-29,16.56505960771074,16.258299244604984,16.56505960771074,16.104919063052108,114.0,5297135.0,3.95
2012-07-02,16.56505960771074,16.795129880040054,16.871819970816492,16.4883695169343,80.0,2076181.0,3.96
2012-07-03,16.641749698487175,16.56505960771074,16.795129880040054,16.56505960771074,59.0,1553468.0,3.97
2012-07-04,16.718439789263616,16.871819970816492,16.871819970816492,16.641749698487175,76.0,2239531.0,3.98
2012-07-05,16.56505960771074,16.4883695169343,16.718439789263616,16.334989335381422,91.0,2324457.0,3.98
2012-07-06,16.258299244604984,16.56505960771074,16.56505960771074,16.181609153828546,65.0,1403608.0,3.98
2012-07-09,16.41167942615786,16.334989335381422,16.56505960771074,16.258299244604984,72.0,1416561.0,3.98
2012-07-10,16.181609153828546,16.4883695169343,16.4883695169343,15.95153888149923,98.0,2082378.0,3.98
2012-07-11,16.181609153828546,16.181609153828546,16.258299244604984,16.028228972275667,73.0,2303829.0,3.98
2012-07-12,15.798158699946352,16.181609153828546,16.181609153828546,15.798158699946352,100.0,3073110.0,3.98
2012-07-13,15.721468609169914,15.95153888149923,15.95153888149923,15.644778518393474,77.0,2071578.0,3.98
2012-07-16,15.568088427617036,15.798158699946352,15.87484879072279,15.41470824606416,85.0,2418830.0,3.98
2012-07-17,15.491398336840597,15.798158699946352,15.798158699946352,15.491398336840597,62.0,3999172.0,3.99
2012-07-18,15.491398336840597,15.721468609169914,15.721468609169914,15.491398336840597,75.0,1327900.0,3.91
2012-07-19,15.721468609169914,15.568088427617036,15.721468609169914,15.491398336840597,114.0,3116105.0,3.95
2012-07-20,15.491398336840597,15.644778518393474,15.721468609169914,15.491398336840597,115.0,2521633.0,3.98
2012-07-23,15.245990046355994,15.33801815528772,15.41470824606416,15.123285901113691,151.0,4077838.0,3.97
2012-07-24,15.261643013549378,15.3399078495163,15.3399078495163,14.979889604068466,154.0,3175669.0,4.01
2012-07-25,15.277295980742762,15.199031144775844,15.54339642303029,15.199031144775844,71.0,1272230.0,4.02
2012-07-26,15.199031144775844,15.214684111969227,15.324254882322913,15.183378177582457,56.0,1362434.0,4.02
2012-07-27,15.355560816709684,15.371213783903066,15.480784554256754,15.261643013549378,69.0,1945830.0,4.02
2012-07-30,15.54339642303029,15.527743455836905,15.652967193383978,15.527743455836905,59.0,1579672.0,4.03
2012-07-31,15.465131587063372,15.54339642303029,15.606008291803827,15.465131587063372,86.0,2284882.0,4.03
2012-08-01,15.38686675109645,15.38686675109645,15.465131587063372,15.371213783903066,85.0,1936430.0,4.04
2012-08-03,15.183378177582457,15.465131587063372,15.465131587063372,15.183378177582457,92.0,1421022.0,4.02
2012-08-06,15.042501472842002,15.261643013549378,15.277295980742762,15.026848505648617,116.0,1978653.0,4.0
2012-08-07,14.807706964941245,15.026848505648617,15.214684111969227,14.713789161780939,166.0,3962152.0,3.96
2012-08-08,14.76074806336109,14.807706964941245,14.964236636875084,14.5572594898471,98.0,2285952.0,4.04
2012-08-09,15.559049390223674,14.76074806336109,15.731232029350899,14.76074806336109,284.0,6501452.0,4.03
2012-08-10,15.574702357417056,15.731232029350899,15.809496865317817,15.433825652676601,124.0,2859287.0,4.04
2012-08-13,15.809496865317817,15.637314226190593,15.887761701284738,15.465131587063372,173.0,8049080.0,4.03
2012-08-14,15.54339642303029,15.512090488643523,15.809496865317817,15.512090488643523,86.0,3112047.0,4.03
2012-08-15,15.54339642303029,15.449478619869984,15.637314226190593,15.449478619869984,66.0,1581018.0,4.03
2012-08-16,15.652967193383978,15.652967193383978,15.731232029350899,15.433825652676601,147.0,3525570.0,4.03
2012-08-17,15.966026537251656,15.652967193383978,16.044291373218577,15.590355324610442,288.0,11236353.0,4.02
2012-08-20,15.590355324610442,15.966026537251656,15.966026537251656,15.574702357417056,89.0,1955160.0,4.01
2012-08-21,15.887761701284738,15.62166125899721,16.044291373218577,15.62166125899721,237.0,7871122.0,4.02
2012-08-22,15.809496865317817,15.731232029350899,15.887761701284738,15.731232029350899,78.0,2114069.0,4.02
2012-08-23,15.652967193383978,15.809496865317817,15.809496865317817,15.637314226190593,104.0,3628420.0,4.02
2012-08-24,15.574702357417056,15.652967193383978,15.731232029350899,15.54339642303029,147.0,4401367.0,4.02
2012-08-27,15.62166125899721,15.652967193383978,15.731232029350899,15.574702357417056,59.0,1762186.0,4.02
2012-08-28,15.449478619869984,15.652967193383978,15.652967193383978,15.449478619869984,61.0,1169392.0,4.01
2012-08-29,15.449478619869984,15.324254882322913,15.62166125899721,15.324254882322913,84.0,1411260.0,4.02
2012-08-30,15.418172685483217,15.449478619869984,15.559049390223674,15.418172685483217,41.0,711273.0,4.02
2012-08-31,15.496437521450138,15.496437521450138,15.574702357417056,15.449478619869984,39.0,724582.0,4.02
2012-09-03,15.62166125899721,15.496437521450138,15.652967193383978,15.496437521450138,116.0,3735144.0,4.03
2012-09-04,15.809496865317817,15.652967193383978,15.887761701284738,15.574702357417056,160.0,5067150.0,4.03
2012-09-05,15.637314226190593,15.809496865317817,15.809496865317817,15.574702357417056,92.0,2727991.0,4.03
2012-09-06,15.731232029350899,15.62166125899721,15.887761701284738,15.62166125899721,112.0,3387990.0,4.03
2012-09-07,16.122556209185497,15.809496865317817,16.670410060953937,15.637314226190593,593.0,43536476.0,4.05
2012-09-10,16.122556209185497,16.122556209185497,16.279085881119336,15.887761701284738,245.0,9941181.0,4.07
2012-09-11,15.966026537251656,16.122556209185497,16.279085881119336,15.966026537251656,152.0,5088688.0,4.07
2012-09-12,15.966026537251656,16.122556209185497,16.200821045152416,15.887761701284738,202.0,7221773.0,4.08
2012-09-13,16.044291373218577,16.044291373218577,16.279085881119336,15.966026537251656,176.0,6273074.0,4.08
2012-09-14,16.279085881119336,16.122556209185497,16.357350717086256,16.044291373218577,259.0,10422564.0,4.11
2012-09-17,16.122556209185497,16.357350717086256,16.5138803890201,16.044291373218577,144.0,6632356.0,4.13
2012-09-18,17.218263912722374,16.200821045152416,17.218263912722374,16.200821045152416,1086.0,54275850.0,4.13
2012-09-19,18.235706780292336,17.531323256590053,18.392236452226175,17.218263912722374,1677.0,66776217.0,4.13
2012-09-20,17.844382600457735,18.235706780292336,18.392236452226175,17.844382600457735,578.0,19887143.0,4.16
2012-09-21,17.844382600457735,18.000912272391574,18.079177108358497,17.687852928523895,302.0,9834879.0,4.2
2012-09-24,17.766117764490815,18.000912272391574,18.313971616259252,17.766117764490815,341.0,11465281.0,4.2
2012-09-25,17.374793584656214,17.844382600457735,18.157441944325413,17.296528748689298,358.0,10279232.0,4.22
2012-09-26,16.983469404821616,17.374793584656214,17.609588092556976,16.983469404821616,294.0,8971639.0,4.24
2012-09-27,17.139999076755455,16.983469404821616,17.296528748689298,16.983469404821616,222.0,7719770.0,4.27
2012-09-28,16.748674896920853,17.296528748689298,17.296528748689298,16.748674896920853,259.0,7822863.0,4.29
2012-10-01,16.5138803890201,16.748674896920853,16.826939732887777,16.435615553053175,152.0,4101802.0,4.29
2012-10-02,16.592145224987014,16.592145224987014,16.748674896920853,16.357350717086256,277.0,8982247.0,4.29
2012-10-03,16.670410060953937,16.592145224987014,16.905204568854696,16.592145224987014,208.0,6375938.0,4.27
2012-10-04,16.357350717086256,16.592145224987014,16.592145224987014,16.279085881119336,174.0,5975235.0,4.29
2012-10-05,16.279085881119336,16.357350717086256,16.592145224987014,16.200821045152416,139.0,4016485.0,4.29
2012-10-08,16.122556209185497,16.279085881119336,16.435615553053175,16.044291373218577,134.0,4352146.0,4.26
2012-10-09,15.731232029350899,16.200821045152416,16.200821045152416,15.652967193383978,238.0,8142938.0,4.28
2012-10-11,15.496437521450138,15.62166125899721,15.652967193383978,15.38686675109645,179.0,4143382.0,4.29
2012-10-12,15.62166125899721,15.3399078495163,15.652967193383978,15.3399078495163,138.0,3769162.0,4.29
2012-10-15,15.38686675109645,15.527743455836905,15.559049390223674,15.292948947936145,142.0,3407403.0,4.3
2012-10-16,15.371213783903066,15.496437521450138,15.527743455836905,15.3399078495163,132.0,3358287.0,4.3
2012-10-17,15.355560816709684,15.402519718289835,15.559049390223674,15.3399078495163,128.0,2846274.0,4.3
2012-10-18,15.3399078495163,15.465131587063372,15.465131587063372,15.136419276002306,156.0,3981963.0,4.31
2012-10-19,15.371213783903066,15.3399078495163,15.38686675109645,15.245990046355994,52.0,1121057.0,4.31
2012-10-22,15.418172685483217,15.324254882322913,15.418172685483217,15.199031144775844,88.0,2608392.0,4.32
2012-10-23,15.38686675109645,15.574702357417056,15.574702357417056,15.324254882322913,52.0,1100346.0,4.32
2012-10-24,15.3399078495163,15.324254882322913,15.3399078495163,15.214684111969227,53.0,986335.0,4.32
2012-10-25,15.167725210389074,15.324254882322913,15.324254882322913,15.167725210389074,75.0,1423636.0,4.33
2012-10-26,14.118976408432347,15.042501472842002,15.089460374422154,14.118976408432347,313.0,8741497.0,4.36
2012-10-29,13.132839475249158,14.118976408432347,14.197241244399269,13.132839475249158,272.0,7817519.0,4.37
2012-10-30,13.195451344022693,13.132839475249158,13.46155178631022,13.07022760647562,182.0,3941973.0,4.38
2012-10-31,13.02326870489547,13.336328048763148,13.336328048763148,12.913697934541782,114.0,2810323.0,4.38
2012-11-01,13.085880573669005,12.851086065768246,13.25806321279623,12.757168262607943,139.0,3221296.0,4.38
2012-11-02,13.242410245602846,13.22675727840946,13.555469589470524,13.195451344022693,126.0,2640692.0,4.38
2012-11-05,13.305022114376381,13.383286950343303,13.41459288473007,13.242410245602846,109.0,2220134.0,4.39
2012-11-06,13.305022114376381,13.305022114376381,13.351981015956532,13.148492442442542,80.0,1373518.0,4.39
2012-11-07,13.524163655083758,13.305022114376381,13.586775523857293,13.305022114376381,114.0,2097479.0,4.39
2012-11-08,13.680693327017597,13.430245851923452,13.680693327017597,13.430245851923452,110.0,2830681.0,4.39
2012-11-09,14.00940563807866,13.586775523857293,14.04071157246543,13.477204753503603,153.0,3453125.0,4.39
2012-11-12,14.00940563807866,14.00940563807866,14.072017506852196,13.837222998951436,106.0,1760996.0,4.4
2012-11-13,13.586775523857293,13.837222998951436,13.93114080211174,13.571122556663909,117.0,2576771.0,4.41
2012-11-14,13.696346294210981,13.93114080211174,13.93114080211174,13.571122556663909,45.0,654722.0,4.41
2012-11-15,13.586775523857293,13.164145409635925,13.696346294210981,13.07022760647562,156.0,2308235.0,4.41
2012-11-16,13.46155178631022,13.571122556663909,13.696346294210981,13.367633983149915,117.0,2450407.0,4.43
2012-11-19,13.211104311216076,13.7746111301779,13.7746111301779,13.211104311216076,74.0,1719120.0,4.44
2012-11-20,13.305022114376381,13.398939917536685,13.586775523857293,13.305022114376381,74.0,1557175.0,4.44
2012-11-21,13.179798376829309,13.305022114376381,13.367633983149915,13.179798376829309,83.0,1486211.0,4.45
2012-11-22,13.179798376829309,13.179798376829309,13.351981015956532,12.991962770508703,116.0,2975627.0,4.44
2012-11-23,13.696346294210981,13.179798376829309,13.837222998951436,13.179798376829309,194.0,7983970.0,4.46
2012-11-26,13.680693327017597,13.696346294210981,13.85287596614482,13.64938739263083,132.0,3014070.0,4.46
2012-11-27,13.696346294210981,13.696346294210981,13.790264097371285,13.64938739263083,120.0,3301956.0,4.46
2012-11-28,13.93114080211174,13.7746111301779,14.04071157246543,13.64938739263083,155.0,3944158.0,4.47
2012-11-29,13.97809970369189,13.993752670885275,14.181588277205885,13.899834867724973,126.0,3128964.0,4.5
2012-11-30,14.150282342819114,14.1659353100125,14.478994653880179,14.13462937562573,181.0,4116045.0,4.51
2012-12-03,14.432035752300028,14.24420014597942,14.447688719493412,14.197241244399269,124.0,2012812.0,4.53
2012-12-04,14.52595355546033,14.416382785106645,14.588565424233867,14.32246498194634,121.0,2059902.0,4.54
2012-12-05,14.588565424233867,14.572912457040484,14.651177293007402,14.52595355546033,158.0,3748375.0,4.56
2012-12-06,14.572912457040484,14.729442128974323,14.823359932134627,14.447688719493412,163.0,2905008.0,4.57
2012-12-07,14.494647621073563,14.510300588266947,14.619871358620635,14.494647621073563,91.0,1797889.0,4.58
2012-12-10,14.36942388352649,14.494647621073563,14.604218391427251,14.36942388352649,86.0,1925335.0,4.59
2012-12-11,14.36942388352649,14.494647621073563,14.5572594898471,14.24420014597942,142.0,2433866.0,4.59
2012-12-12,14.400729817913259,14.385076850719875,14.541606522653714,14.32246498194634,96.0,2027802.0,4.59
2012-12-13,15.402519718289835,14.400729817913259,15.402519718289835,14.400729817913259,414.0,12701776.0,4.56
2012-12-14,15.089460374422154,15.62166125899721,15.62166125899721,15.058154440035386,233.0,6204390.0,4.56
2012-12-17,14.839012899328011,14.839012899328011,15.073807407228772,14.792053997747857,153.0,3461760.0,4.54
2012-12-18,15.042501472842002,14.839012899328011,15.230337079162611,14.76074806336109,184.0,4174917.0,4.54
2012-12-19,15.15207224319569,15.167725210389074,15.3399078495163,15.15207224319569,119.0,3501354.0,4.54
2012-12-20,15.277295980742762,15.167725210389074,15.465131587063372,15.15207224319569,168.0,4381331.0,4.51
2012-12-21,15.38686675109645,15.277295980742762,15.590355324610442,15.230337079162611,195.0,5089110.0,4.5
2012-12-22,15.3399078495163,15.402519718289835,15.527743455836905,15.277295980742762,70.0,1771948.0,4.5
2012-12-24,15.809496865317817,15.652967193383978,16.200821045152416,15.652967193383978,360.0,9117170.0,4.53
2012-12-25,15.966026537251656,15.809496865317817,16.200821045152416,15.731232029350899,162.0,3794022.0,4.52
2012-12-26,15.731232029350899,15.809496865317817,16.122556209185497,15.62166125899721,140.0,2978814.0,4.53
2012-12-27,15.590355324610442,15.809496865317817,15.887761701284738,15.590355324610442,115.0,2555832.0,4.54
2012-12-28,15.590355324610442,15.652967193383978,15.809496865317817,15.465131587063372,179.0,4399761.0,4.55
2013-01-02,15.62166125899721,15.887761701284738,15.966026537251656,15.62166125899721,159.0,4710786.0,4.57
2013-01-03,15.652967193383978,15.809496865317817,15.966026537251656,15.62166125899721,168.0,5248718.0,4.58
2013-01-04,16.357350717086256,15.496437521450138,16.435615553053175,15.496437521450138,403.0,12057949.0,4.58
2013-01-07,16.983469404821616,16.435615553053175,17.296528748689298,16.435615553053175,466.0,15286051.0,4.55
2013-01-08,16.5138803890201,16.826939732887777,16.826939732887777,16.435615553053175,287.0,9318925.0,4.56
2013-01-09,16.357350717086256,16.5138803890201,16.592145224987014,16.279085881119336,175.0,5388602.0,4.59
2013-01-10,16.435615553053175,16.435615553053175,16.983469404821616,16.435615553053175,273.0,7781363.0,4.6
2013-01-11,16.748674896920853,16.670410060953937,17.061734240788535,16.592145224987014,234.0,6022874.0,4.6
2013-01-14,17.296528748689298,16.748674896920853,17.766117764490815,16.748674896920853,488.0,15278893.0,4.58
2013-01-15,17.453058420623137,17.374793584656214,17.844382600457735,17.218263912722374,352.0,11951976.0,4.59
2013-01-16,16.905204568854696,17.531323256590053,17.531323256590053,16.905204568854696,271.0,10452938.0,4.6
2013-01-17,16.357350717086256,17.061734240788535,17.609588092556976,15.966026537251656,331.0,11747469.0,4.61
2013-01-18,16.748674896920853,16.5138803890201,17.139999076755455,16.435615553053175,265.0,10751346.0,4.61
2013-01-21,17.687852928523895,16.826939732887777,17.844382600457735,16.826939732887777,453.0,16750513.0,4.63
2013-01-22,17.296528748689298,17.844382600457735,17.844382600457735,17.218263912722374,261.0,8099879.0,4.64
2013-01-23,17.296528748689298,17.531323256590053,17.609588092556976,17.218263912722374,199.0,5643054.0,4.66
2013-01-24,17.531323256590053,17.296528748689298,17.531323256590053,17.139999076755455,208.0,8429289.0,4.67
2013-01-25,17.061734240788535,17.374793584656214,17.531323256590053,16.826939732887777,225.0,10320968.0,4.69
2013-01-28,16.748674896920853,16.905204568854696,17.139999076755455,16.670410060953937,151.0,4670036.0,4.71
2013-01-29,17.061734240788535,16.748674896920853,17.218263912722374,16.748674896920853,183.0,5742451.0,4.7
2013-01-30,16.826939732887777,16.983469404821616,17.061734240788535,16.748674896920853,122.0,3592889.0,4.72
2013-01-31,16.905204568854696,16.905204568854696,17.061734240788535,16.748674896920853,158.0,6636798.0,4.71
2013-02-01,16.748674896920853,16.826939732887777,17.061734240788535,16.592145224987014,146.0,5236672.0,4.72
2013-02-04,16.670410060953937,16.592145224987014,16.826939732887777,16.5138803890201,143.0,6207289.0,4.72
2013-02-05,16.5138803890201,16.592145224987014,16.748674896920853,16.435615553053175,118.0,4418769.0,4.7
2013-02-06,16.122556209185497,16.5138803890201,16.5138803890201,16.122556209185497,150.0,3595282.0,4.69
2013-02-18,15.966026537251656,16.435615553053175,16.435615553053175,15.966026537251656,177.0,5432862.0,4.69
2013-02-19,16.435615553053175,15.966026537251656,16.435615553053175,15.966026537251656,152.0,3512705.0,4.7
2013-02-20,16.435615553053175,16.435615553053175,16.826939732887777,16.435615553053175,134.0,3129488.0,4.69
2013-02-21,16.200821045152416,16.200821045152416,16.357350717086256,16.122556209185497,124.0,4330568.0,4.68
2013-02-22,16.200821045152416,16.122556209185497,16.279085881119336,16.122556209185497,73.0,1697315.0,4.67
2013-02-23,16.122556209185497,16.200821045152416,16.357350717086256,16.044291373218577,90.0,1831609.0,4.67
2013-02-25,15.966026537251656,16.122556209185497,16.200821045152416,15.887761701284738,151.0,4914620.0,4.69
2013-02-26,15.966026537251656,15.966026537251656,16.592145224987014,15.966026537251656,195.0,5392460.0,4.69
2013-02-27,15.966026537251656,16.044291373218577,16.200821045152416,15.966026537251656,109.0,2223371.0,4.7
2013-03-01,15.966026537251656,16.044291373218577,16.122556209185497,15.966026537251656,173.0,6619144.0,4.72
2013-03-04,15.887761701284738,16.044291373218577,16.357350717086256,15.809496865317817,128.0,3079996.0,4.73
2013-03-05,15.966026537251656,15.966026537251656,16.122556209185497,15.966026537251656,85.0,1516904.0,4.74
2013-03-06,16.5138803890201,16.044291373218577,16.592145224987014,16.044291373218577,334.0,9639571.0,4.76
2013-03-07,16.670410060953937,16.748674896920853,17.139999076755455,16.592145224987014,396.0,13101954.0,4.76
2013-03-08,16.748674896920853,16.748674896920853,17.139999076755455,16.670410060953937,285.0,11804794.0,4.78
2013-03-11,17.453058420623137,16.905204568854696,17.766117764490815,16.826939732887777,547.0,18190266.0,4.78
2013-03-12,17.061734240788535,17.766117764490815,18.079177108358497,16.983469404821616,539.0,18243671.0,4.8
2013-03-13,17.844382600457735,17.218263912722374,17.844382600457735,17.218263912722374,518.0,22989592.0,4.88
2013-03-14,17.844382600457735,18.000912272391574,18.235706780292336,17.766117764490815,721.0,42509141.0,4.84
2013-03-15,17.296528748689298,18.000912272391574,18.000912272391574,17.296528748689298,353.0,14401817.0,4.86
2013-03-18,16.826939732887777,17.218263912722374,17.374793584656214,16.748674896920853,236.0,10952386.0,4.88
2013-03-19,17.061734240788535,16.905204568854696,17.374793584656214,16.826939732887777,201.0,6179769.0,4.9
2013-03-20,16.905204568854696,17.218263912722374,17.296528748689298,16.826939732887777,180.0,6824541.0,4.93
2013-03-21,17.218263912722374,17.061734240788535,17.453058420623137,16.983469404821616,152.0,5410257.0,4.93
2013-03-22,17.139999076755455,17.218263912722374,17.374793584656214,17.061734240788535,98.0,3195334.0,4.95
2013-03-25,17.374793584656214,17.374793584656214,17.844382600457735,17.374793584656214,516.0,31767724.0,4.95
2013-03-26,16.905204568854696,17.218263912722374,17.374793584656214,16.905204568854696,189.0,6090094.0,4.96
2013-03-27,16.983469404821616,16.983469404821616,17.296528748689298,16.983469404821616,206.0,7232635.0,4.99
2013-03-28,16.905204568854696,16.983469404821616,17.218263912722374,16.905204568854696,171.0,6072797.0,5.01
2013-03-29,18.079177108358497,17.218263912722374,18.079177108358497,16.983469404821616,1302.0,70509742.0,5.04
2013-04-01,18.157441944325413,18.079177108358497,18.627030960126934,17.844382600457735,1150.0,51249477.0,5.08
2013-04-02,17.296528748689298,18.000912272391574,18.157441944325413,17.061734240788535,670.0,27951271.0,5.08
2013-04-03,17.296528748689298,17.609588092556976,17.687852928523895,17.139999076755455,365.0,15055337.0,5.12
2013-04-08,16.592145224987014,16.905204568854696,16.905204568854696,16.200821045152416,370.0,14364571.0,5.16
2013-04-09,16.748674896920853,16.200821045152416,16.748674896920853,16.200821045152416,213.0,8318593.0,5.16
2013-04-10,16.748674896920853,16.826939732887777,17.218263912722374,16.748674896920853,179.0,5352799.0,5.07
2013-04-11,17.061734240788535,16.826939732887777,17.218263912722374,16.826939732887777,148.0,5058322.0,5.07
2013-04-12,16.748674896920853,16.905204568854696,17.218263912722374,16.748674896920853,155.0,8280519.0,4.99
2013-04-15,16.435615553053175,16.435615553053175,16.592145224987014,16.357350717086256,127.0,4003492.0,5.01
2013-04-16,16.5138803890201,16.044291373218577,16.670410060953937,15.966026537251656,116.0,3358472.0,5.01
2013-04-17,16.279085881119336,16.5138803890201,16.670410060953937,16.279085881119336,77.0,1911483.0,5.01
2013-04-18,16.435615553053175,16.122556209185497,16.592145224987014,16.122556209185497,94.0,2138938.0,5.01
2013-04-19,16.592145224987014,16.435615553053175,16.905204568854696,16.435615553053175,183.0,7634092.0,5.02
2013-04-22,16.279085881119336,16.592145224987014,16.748674896920853,16.279085881119336,151.0,4424405.0,5.02
2013-04-23,17.374793584656214,16.592145224987014,17.374793584656214,16.435615553053175,492.0,28134682.0,5.02
2013-04-24,17.453058420623137,17.687852928523895,18.157441944325413,17.218263912722374,919.0,30124302.0,5.02
2013-04-25,16.983469404821616,17.453058420623137,17.453058420623137,16.983469404821616,227.0,7548965.0,5.02
2013-04-26,17.296528748689298,17.531323256590053,17.687852928523895,17.296528748689298,330.0,13080336.0,5.02
2013-04-29,17.844382600457735,17.687852928523895,18.235706780292336,17.374793584656214,466.0,22859150.0,5.02
2013-04-30,17.531323256590053,17.844382600457735,18.079177108358497,17.453058420623137,289.0,13274888.0,5.02
2013-05-02,17.531323256590053,17.531323256590053,17.922647436424654,17.061734240788535,400.0,17408035.0,5.02
2013-05-03,17.374793584656214,17.531323256590053,17.766117764490815,17.374793584656214,192.0,6437597.0,5.02
2013-05-06,17.531323256590053,17.922647436424654,17.922647436424654,17.374793584656214,192.0,9558187.0,5.03
2013-05-07,17.687852928523895,17.531323256590053,18.157441944325413,17.531323256590053,587.0,38507003.0,5.03
2013-05-08,17.687852928523895,17.687852928523895,17.766117764490815,17.531323256590053,170.0,7774186.0,5.03
2013-05-09,17.766117764490815,17.687852928523895,18.000912272391574,17.687852928523895,217.0,8591242.0,5.03
2013-05-10,17.687852928523895,17.766117764490815,17.844382600457735,17.609588092556976,177.0,9292330.0,5.06
2013-05-13,17.844382600457735,17.609588092556976,18.000912272391574,17.531323256590053,166.0,8773927.0,5.08
2013-05-14,17.531323256590053,18.000912272391574,18.000912272391574,17.453058420623137,228.0,11033832.0,5.11
2013-05-15,17.531323256590053,17.609588092556976,17.687852928523895,17.296528748689298,142.0,4966420.0,5.11
2013-05-16,17.531323256590053,17.531323256590053,17.687852928523895,17.374793584656214,172.0,7370624.0,5.12
2013-05-17,17.531323256590053,17.453058420623137,17.687852928523895,17.374793584656214,137.0,6843875.0,5.12
2013-05-20,17.453058420623137,17.687852928523895,17.687852928523895,17.374793584656214,114.0,2924547.0,5.05
2013-05-21,17.531323256590053,17.531323256590053,17.844382600457735,17.453058420623137,245.0,9581630.0,5.05
2013-05-22,17.687852928523895,17.531323256590053,17.844382600457735,17.531323256590053,283.0,10239362.0,5.07
2013-05-23,17.922647436424654,17.766117764490815,18.470501288193095,17.766117764490815,518.0,21183012.0,5.08
2013-05-24,17.531323256590053,17.922647436424654,18.235706780292336,17.531323256590053,247.0,8729572.0,5.09
2013-05-27,17.531323256590053,17.687852928523895,17.687852928523895,17.453058420623137,133.0,4667793.0,5.09
2013-05-28,17.531323256590053,17.531323256590053,17.766117764490815,17.453058420623137,135.0,3949441.0,5.09
2013-05-29,17.374793584656214,17.687852928523895,17.687852928523895,17.374793584656214,188.0,6437112.0,5.1
2013-05-30,17.453058420623137,17.218263912722374,17.531323256590053,17.139999076755455,235.0,10369311.0,5.12
2013-05-31,17.374793584656214,17.531323256590053,17.609588092556976,17.374793584656214,141.0,4795737.0,5.13
2013-06-03,17.453058420623137,17.218263912722374,17.687852928523895,17.218263912722374,214.0,9253705.0,5.12
2013-06-04,17.687852928523895,17.687852928523895,18.000912272391574,17.453058420623137,596.0,26925405.0,5.12
2013-06-05,17.609588092556976,17.844382600457735,18.157441944325413,17.609588092556976,390.0,14598645.0,5.12
2013-06-06,17.531323256590053,17.609588092556976,17.609588092556976,17.296528748689298,234.0,5426201.0,5.12
2013-06-07,17.139999076755455,17.531323256590053,17.609588092556976,16.905204568854696,235.0,10239777.0,5.12
2013-06-10,17.139999076755455,17.374793584656214,17.374793584656214,17.139999076755455,75.0,2025444.0,5.12
2013-06-11,17.139999076755455,17.218263912722374,17.531323256590053,17.139999076755455,79.0,3139849.0,5.12
2013-06-13,16.748674896920853,16.983469404821616,16.983469404821616,16.670410060953937,141.0,4545443.0,5.12
2013-06-14,16.826939732887777,16.983469404821616,17.061734240788535,16.5138803890201,169.0,4326549.0,5.12
2013-06-17,16.826939732887777,16.592145224987014,16.905204568854696,16.592145224987014,91.0,1952866.0,5.12
2013-06-18,16.983469404821616,16.905204568854696,17.139999076755455,16.826939732887777,74.0,1852698.0,5.12
2013-06-19,16.905204568854696,17.139999076755455,17.139999076755455,16.748674896920853,83.0,2737819.0,5.12
2013-06-20,16.748674896920853,16.748674896920853,16.826939732887777,16.5138803890201,110.0,2637494.0,5.12
2013-06-21,16.592145224987014,16.5138803890201,16.592145224987014,15.966026537251656,126.0,3552439.0,5.12
2013-06-24,16.748674896920853,16.592145224987014,16.748674896920853,16.435615553053175,46.0,723521.0,5.12
2013-06-25,15.809496865317817,16.357350717086256,16.5138803890201,15.62166125899721,215.0,7137244.0,5.12
2013-06-26,16.122556209185497,16.044291373218577,16.200821045152416,15.887761701284738,154.0,5842583.0,5.13
2013-06-27,15.966026537251656,16.122556209185497,16.200821045152416,15.809496865317817,159.0,6664352.0,5.13
2013-06-28,15.809496865317817,15.966026537251656,15.966026537251656,15.652967193383978,137.0,4592184.0,5.13
2013-07-01,15.731232029350899,15.809496865317817,15.887761701284738,15.652967193383978,208.0,6161570.0,5.16
2013-07-02,15.731232029350899,15.731232029350899,16.200821045152416,15.652967193383978,363.0,17353810.0,5.14
2013-07-03,15.637314226190593,15.809496865317817,15.809496865317817,15.637314226190593,130.0,4102727.0,5.13
2013-07-04,15.512090488643523,15.496437521450138,15.731232029350899,15.480784554256754,104.0,2047364.0,5.12
2013-07-05,15.652967193383978,15.54339642303029,15.809496865317817,15.54339642303029,97.0,2062907.0,5.11
2013-07-08,15.574702357417056,15.652967193383978,15.966026537251656,15.496437521450138,114.0,3962829.0,5.07
2013-07-09,15.809496865317817,15.731232029350899,15.966026537251656,15.574702357417056,284.0,18646840.0,5.03
2013-07-10,15.731232029350899,15.809496865317817,15.809496865317817,15.54339642303029,175.0,5778311.0,5.01
2013-07-11,16.279085881119336,15.652967193383978,16.5138803890201,15.652967193383978,713.0,40388979.0,5.0
2013-07-12,15.966026537251656,16.279085881119336,16.357350717086256,15.887761701284738,151.0,5970050.0,5.0
2013-07-15,16.122556209185497,16.279085881119336,16.279085881119336,16.044291373218577,136.0,5480923.0,5.0
2013-07-16,15.809496865317817,16.200821045152416,16.279085881119336,15.809496865317817,174.0,5127105.0,5.0
2013-07-17,15.731232029350899,15.809496865317817,15.966026537251656,15.652967193383978,200.0,7091550.0,5.0
2013-07-18,15.62166125899721,15.809496865317817,15.966026537251656,15.62166125899721,125.0,4060411.0,5.0
2013-07-19,15.62166125899721,15.652967193383978,15.809496865317817,15.574702357417056,114.0,4191369.0,5.0
2013-07-22,15.62166125899721,15.652967193383978,15.731232029350899,15.574702357417056,99.0,2772494.0,5.0
2013-07-23,16.670410060953937,15.652967193383978,16.670410060953937,15.652967193383978,774.0,37456537.0,5.0
2013-07-24,16.200821045152416,16.670410060953937,16.670410060953937,15.966026537251656,406.0,15936436.0,5.0
2013-07-25,16.200821045152416,16.357350717086256,16.357350717086256,16.200821045152416,199.0,5407172.0,5.0
2013-07-26,16.122556209185497,16.279085881119336,16.357350717086256,16.122556209185497,128.0,5378276.0,5.0
2013-07-29,15.966026537251656,16.279085881119336,16.279085881119336,15.809496865317817,158.0,4690840.0,5.0
2013-07-30,16.044291373218577,16.044291373218577,16.200821045152416,15.966026537251656,107.0,3987681.0,5.0
2013-07-31,15.809496865317817,15.966026537251656,16.122556209185497,15.809496865317817,127.0,3792290.0,5.0
2013-08-01,15.809496865317817,15.887761701284738,15.887761701284738,15.731232029350899,143.0,6049390.0,4.99
2013-08-02,15.731232029350899,15.887761701284738,16.044291373218577,15.731232029350899,124.0,3998720.0,4.99
2013-08-05,16.044291373218577,15.809496865317817,16.044291373218577,15.731232029350899,144.0,4936824.0,5.01
2013-08-06,15.809496865317817,16.044291373218577,16.122556209185497,15.731232029350899,139.0,4819800.0,5.01
2013-08-07,16.279085881119336,15.887761701284738,16.905204568854696,15.887761701284738,1130.0,40184466.0,5.03
2013-08-08,16.983469404821616,16.357350717086256,17.139999076755455,16.044291373218577,996.0,34121858.0,5.03
2013-08-09,16.435615553053175,17.218263912722374,17.218263912722374,16.357350717086256,517.0,21656649.0,5.05
2013-08-12,16.200821045152416,16.357350717086256,16.435615553053175,16.122556209185497,239.0,6235237.0,5.06
2013-08-13,16.435615553053175,16.279085881119336,16.435615553053175,16.200821045152416,221.0,5795641.0,5.08
2013-08-14,16.122556209185497,16.435615553053175,16.435615553053175,16.122556209185497,163.0,3800161.0,5.09
2013-08-15,17.218263912722374,16.435615553053175,17.218263912722374,16.357350717086256,1119.0,54011364.0,5.09
2013-08-16,16.983469404821616,17.139999076755455,17.218263912722374,16.592145224987014,569.0,17830429.0,5.12
2013-08-19,16.983469404821616,16.983469404821616,17.687852928523895,16.983469404821616,523.0,16630902.0,5.12
2013-08-20,16.670410060953937,17.218263912722374,17.218263912722374,16.670410060953937,201.0,5779492.0,5.14
2013-08-22,16.748674896920853,16.670410060953937,17.061734240788535,16.670410060953937,158.0,4093392.0,5.14
2013-08-23,16.670410060953937,16.826939732887777,16.983469404821616,16.592145224987014,242.0,9628587.0,5.14
2013-08-26,17.139999076755455,16.670410060953937,17.609588092556976,16.670410060953937,789.0,27419990.0,5.14
2013-08-27,17.139999076755455,17.139999076755455,17.531323256590053,16.983469404821616,418.0,15381630.0,5.14
2013-08-28,16.983469404821616,16.905204568854696,17.453058420623137,16.905204568854696,276.0,8704992.0,5.14
2013-08-29,17.218263912722374,17.218263912722374,17.453058420623137,17.061734240788535,339.0,16551941.0,5.14
2013-08-30,16.905204568854696,17.374793584656214,17.374793584656214,16.905204568854696,247.0,7724492.0,5.14
2013-09-02,17.374793584656214,16.983469404821616,17.531323256590053,16.983469404821616,447.0,15977447.0,5.18
2013-09-03,17.218263912722374,17.531323256590053,17.531323256590053,17.061734240788535,294.0,12229822.0,5.18
2013-09-04,17.139999076755455,17.218263912722374,17.453058420623137,17.139999076755455,252.0,8958591.0,5.18
2013-09-05,17.453058420623137,17.296528748689298,17.453058420623137,17.139999076755455,351.0,9491433.0,5.22
2013-09-06,18.157441944325413,17.687852928523895,18.313971616259252,17.453058420623137,1056.0,50592307.0,5.22
2013-09-09,17.453058420623137,18.157441944325413,18.235706780292336,17.218263912722374,576.0,26037752.0,5.22
2013-09-10,17.218263912722374,17.531323256590053,17.766117764490815,17.218263912722374,276.0,11963472.0,5.29
2013-09-11,16.826939732887777,17.218263912722374,17.218263912722374,16.748674896920853,432.0,15024808.0,5.29
2013-09-12,16.826939732887777,16.592145224987014,16.983469404821616,16.592145224987014,133.0,4345548.0,5.29
2013-09-13,16.905204568854696,17.139999076755455,17.139999076755455,16.748674896920853,177.0,6457672.0,5.29
2013-09-14,16.748674896920853,16.983469404821616,17.061734240788535,16.748674896920853,104.0,3640605.0,5.29
2013-09-16,17.687852928523895,16.748674896920853,17.844382600457735,16.748674896920853,1125.0,49207485.0,5.29
2013-09-17,17.453058420623137,17.687852928523895,17.687852928523895,17.296528748689298,347.0,11734237.0,5.26
2013-09-18,17.766117764490815,17.531323256590053,17.922647436424654,17.296528748689298,489.0,19101232.0,5.26
2013-09-23,17.844382600457735,17.844382600457735,18.079177108358497,17.687852928523895,344.0,15114371.0,5.28
2013-09-24,17.922647436424654,17.844382600457735,18.392236452226175,17.609588092556976,533.0,21716770.0,5.29
2013-09-25,17.844382600457735,18.157441944325413,18.157441944325413,17.844382600457735,268.0,9251795.0,5.3
2013-09-26,17.687852928523895,17.844382600457735,18.079177108358497,17.609588092556976,171.0,4857336.0,5.3
2013-09-27,17.531323256590053,17.844382600457735,17.922647436424654,17.531323256590053,185.0,5919415.0,5.3
2013-09-30,17.531323256590053,17.531323256590053,17.766117764490815,17.531323256590053,144.0,4670691.0,5.3
2013-10-01,17.609588092556976,17.687852928523895,18.079177108358497,17.531323256590053,357.0,14357687.0,5.31
2013-10-02,18.783560632060773,18.313971616259252,18.783560632060773,18.313971616259252,914.0,50696754.0,5.31
2013-10-03,18.940090303994612,19.09661997592845,19.95753317156457,18.940090303994612,2328.0,111856917.0,5.31
2013-10-04,19.409679319796133,18.861825468027693,19.409679319796133,18.783560632060773,961.0,39118984.0,5.34
2013-10-07,20.34885735139917,19.87926833559765,20.74018153123377,19.566208991729972,1806.0,90145016.0,5.32
2013-10-08,20.27059251543225,20.34885735139917,20.58365185929993,19.87926833559765,967.0,44184410.0,5.34
2013-10-09,19.253149647862294,19.80100349963073,20.11406284349841,19.17488481189537,893.0,34295042.0,5.38
2013-10-11,19.33141448382921,19.72273866366381,19.87926833559765,19.253149647862294,495.0,19782088.0,5.43
2013-10-14,19.80100349963073,20.11406284349841,20.34885735139917,19.644473827696892,772.0,29211689.0,5.43
2013-10-15,20.818446367200693,19.95753317156457,21.13150571106837,19.87926833559765,1618.0,67377358.0,5.38
2013-10-16,20.58365185929993,20.818446367200693,21.28803538300221,20.27059251543225,1354.0,58313753.0,5.39
2013-10-17,20.50538702333301,20.818446367200693,20.974976039134532,20.34885735139917,632.0,27397043.0,5.39
2013-10-18,20.50538702333301,20.50538702333301,21.053240875101448,20.42712218736609,923.0,36437213.0,5.4
2013-10-21,20.66191669526685,20.50538702333301,20.974976039134532,20.192327679465333,739.0,28832879.0,5.37
2013-10-22,20.74018153123377,20.66191669526685,21.28803538300221,20.66191669526685,800.0,35708526.0,5.32
2013-10-23,20.34885735139917,20.74018153123377,20.89671120316761,20.192327679465333,590.0,28284374.0,5.32
2013-10-24,20.89671120316761,20.34885735139917,20.974976039134532,20.192327679465333,488.0,20063724.0,5.33
2013-10-25,22.30547825057217,21.053240875101448,22.30547825057217,20.974976039134532,2156.0,120773323.0,5.31
2013-10-28,23.792510133943644,22.696802430406766,23.792510133943644,22.540272758472927,4293.0,244867502.0,5.28
2013-10-29,23.55771562604289,23.635980462009805,23.792510133943644,23.009861774274444,1982.0,94729480.0,5.33
2013-10-30,23.792510133943644,23.714245297976728,23.870774969910567,23.244656282175207,1328.0,69060155.0,5.39
2013-10-31,23.714245297976728,23.792510133943644,24.731688165546686,22.853332102340605,2028.0,105087610.0,5.43
2013-11-01,23.166391446208287,23.714245297976728,23.714245297976728,23.166391446208287,816.0,34774490.0,5.47
2013-11-04,23.479450790075965,23.479450790075965,23.479450790075965,23.009861774274444,934.0,41873317.0,5.48
2013-11-05,23.166391446208287,23.792510133943644,24.966482673447445,22.853332102340605,2606.0,139689532.0,5.48
2013-11-06,23.949039805877486,23.166391446208287,23.949039805877486,22.853332102340605,1290.0,64102508.0,5.51
2013-11-07,23.166391446208287,24.575158493612843,24.809953001513605,23.166391446208287,2882.0,145517182.0,5.53
2013-11-08,23.009861774274444,23.166391446208287,23.635980462009805,22.93159693830753,1049.0,39203593.0,5.53
2013-11-11,22.93159693830753,23.55771562604289,23.635980462009805,22.93159693830753,658.0,27370712.0,5.56
2013-11-12,21.52282989090297,23.009861774274444,23.244656282175207,21.36630021896913,1667.0,80637856.0,5.66
2013-11-13,21.835889234770647,21.52282989090297,22.22721341460525,20.89671120316761,1045.0,39622660.0,5.78
2013-11-14,21.44456505493605,22.22721341460525,22.22721341460525,21.36630021896913,723.0,28407884.0,5.83
2013-11-15,21.36630021896913,21.28803538300221,21.914154070737567,21.28803538300221,710.0,26648968.0,5.88
2013-11-18,20.66191669526685,21.44456505493605,21.60109472686989,20.66191669526685,733.0,33961287.0,5.95
2013-11-19,20.974976039134532,20.66191669526685,21.053240875101448,20.58365185929993,445.0,14581540.0,6.01
2013-11-20,20.818446367200693,20.974976039134532,21.13150571106837,20.74018153123377,285.0,8762076.0,6.05
2013-11-21,20.89671120316761,20.818446367200693,20.974976039134532,20.50538702333301,317.0,10665687.0,6.06
2013-11-22,20.58365185929993,21.053240875101448,21.13150571106837,20.58365185929993,251.0,8655137.0,6.09
2013-11-25,20.66191669526685,20.66191669526685,20.974976039134532,20.66191669526685,239.0,9775986.0,6.11
2013-11-26,20.89671120316761,20.66191669526685,20.974976039134532,20.34885735139917,343.0,13648318.0,6.1
2013-11-27,22.30547825057217,20.974976039134532,22.30547825057217,20.974976039134532,865.0,36237714.0,6.08
2013-11-28,21.914154070737567,22.540272758472927,22.853332102340605,21.835889234770647,1062.0,43135626.0,6.01
2013-11-29,21.757624398803728,22.07068374267141,22.462007922506007,21.679359562836808,403.0,12389794.0,5.98
2013-12-02,21.835889234770647,22.07068374267141,22.07068374267141,21.60109472686989,293.0,9644886.0,5.97
2013-12-03,22.07068374267141,21.835889234770647,22.618537594439847,21.835889234770647,631.0,23112448.0,5.91
2013-12-04,21.757624398803728,22.07068374267141,22.22721341460525,21.52282989090297,447.0,16859351.0,5.88
2013-12-05,21.757624398803728,21.36630021896913,21.914154070737567,21.36630021896913,400.0,16869707.0,5.87
2013-12-06,21.52282989090297,21.914154070737567,22.07068374267141,21.44456505493605,287.0,9347175.0,5.86
2013-12-09,21.20977054703529,21.52282989090297,21.757624398803728,21.13150571106837,357.0,14414156.0,5.84
2013-12-10,20.818446367200693,21.13150571106837,21.44456505493605,20.74018153123377,406.0,16407751.0,5.83
2013-12-11,20.66191669526685,20.66191669526685,21.053240875101448,19.87926833559765,655.0,28932500.0,5.88
2013-12-12,20.818446367200693,20.50538702333301,21.053240875101448,20.34885735139917,272.0,8832485.0,5.89
2013-12-13,20.974976039134532,21.053240875101448,21.13150571106837,20.818446367200693,206.0,7005134.0,5.89
2013-12-16,20.50538702333301,20.89671120316761,21.13150571106837,20.34885735139917,438.0,19149992.0,5.89
2013-12-17,20.66191669526685,20.50538702333301,20.974976039134532,20.50538702333301,321.0,12286784.0,5.92
2013-12-18,21.60109472686989,20.818446367200693,21.99241890670449,20.818446367200693,871.0,31089056.0,5.92
2013-12-19,21.44456505493605,21.914154070737567,21.914154070737567,21.36630021896913,341.0,13121758.0,5.91
2013-12-20,21.36630021896913,21.44456505493605,21.835889234770647,21.28803538300221,249.0,9507620.0,5.9
2013-12-23,21.36630021896913,21.914154070737567,21.914154070737567,21.36630021896913,294.0,11079360.0,6.0
2013-12-24,21.914154070737567,21.44456505493605,22.14894857863833,21.44456505493605,703.0,27701202.0,5.99
2013-12-25,22.14894857863833,22.22721341460525,22.383743086539088,21.914154070737567,419.0,17768835.0,5.98
2013-12-26,22.07068374267141,22.22721341460525,22.383743086539088,21.914154070737567,324.0,12412567.0,5.97
2013-12-27,22.07068374267141,22.07068374267141,22.383743086539088,21.679359562836808,358.0,15063090.0,5.97
2013-12-30,22.30547825057217,22.07068374267141,22.540272758472927,21.99241890670449,445.0,18832492.0,5.98
2013-12-31,22.14894857863833,22.383743086539088,22.696802430406766,22.14894857863833,348.0,16849990.0,5.97
2014-01-02,21.914154070737567,22.14894857863833,22.540272758472927,21.757624398803728,354.0,15839604.0,5.99
2014-01-03,22.30547825057217,21.835889234770647,22.462007922506007,21.835889234770647,408.0,19382641.0,5.99
2014-01-06,21.835889234770647,22.30547825057217,22.462007922506007,21.835889234770647,342.0,15971173.0,5.99
2014-01-07,22.383743086539088,21.835889234770647,22.462007922506007,21.835889234770647,521.0,29156247.0,5.99
2014-01-08,22.618537594439847,22.462007922506007,22.77506726637369,22.14894857863833,856.0,49037569.0,6.0
2014-01-09,22.22721341460525,22.618537594439847,23.088126610241368,22.22721341460525,795.0,42578136.0,6.0
2014-01-10,23.166391446208287,22.30547825057217,23.401185954109046,22.30547825057217,1396.0,62369841.0,6.0
2014-01-13,22.462007922506007,23.635980462009805,23.635980462009805,22.383743086539088,704.0,25801035.0,5.97
2014-01-14,21.835889234770647,22.22721341460525,22.30547825057217,21.679359562836808,543.0,22589472.0,5.95
2014-01-15,21.835889234770647,22.14894857863833,22.22721341460525,21.835889234770647,330.0,14563492.0,5.94
2014-01-16,21.99241890670449,21.99241890670449,22.07068374267141,21.60109472686989,292.0,12578303.0,5.96
2014-01-17,22.22721341460525,21.99241890670449,22.22721341460525,21.914154070737567,263.0,8236203.0,5.95
2014-01-20,22.14894857863833,22.22721341460525,22.30547825057217,21.757624398803728,278.0,12793685.0,5.96
2014-01-21,22.14894857863833,22.14894857863833,22.383743086539088,21.99241890670449,244.0,11313817.0,5.97
2014-01-22,21.914154070737567,22.14894857863833,22.14894857863833,21.757624398803728,217.0,8620180.0,5.99
2014-01-23,21.60109472686989,21.914154070737567,21.99241890670449,21.60109472686989,250.0,8769970.0,6.02
2014-01-24,21.52282989090297,21.52282989090297,21.757624398803728,21.36630021896913,219.0,8036818.0,6.03
2014-01-27,22.383743086539088,21.44456505493605,22.93159693830753,21.28803538300221,792.0,32142019.0,6.0
2014-02-05,23.322921118142126,22.07068374267141,23.792510133943644,21.99241890670449,1137.0,50413442.0,5.93
2014-02-06,23.635980462009805,23.401185954109046,23.792510133943644,23.244656282175207,746.0,43405545.0,5.94
2014-02-07,23.088126610241368,23.949039805877486,23.949039805877486,23.088126610241368,696.0,42763942.0,5.74
2014-02-10,22.696802430406766,23.166391446208287,23.401185954109046,22.696802430406766,389.0,18399597.0,5.67
2014-02-11,22.77506726637369,23.088126610241368,23.166391446208287,22.77506726637369,234.0,10627101.0,5.66
2014-02-12,23.166391446208287,23.166391446208287,23.949039805877486,22.853332102340605,1038.0,63657896.0,5.35
2014-02-13,23.166391446208287,23.322921118142126,23.55771562604289,23.166391446208287,510.0,27341147.0,5.18
2014-02-14,22.853332102340605,23.166391446208287,23.479450790075965,22.853332102340605,414.0,20719164.0,5.07
2014-02-17,22.618537594439847,23.166391446208287,23.166391446208287,22.462007922506007,529.0,28847538.0,5.06
2014-02-18,22.696802430406766,22.696802430406766,22.93159693830753,22.462007922506007,328.0,15425081.0,5.08
2014-02-19,22.462007922506007,22.696802430406766,22.853332102340605,22.383743086539088,341.0,13345882.0,5.1
2014-02-20,22.540272758472927,22.462007922506007,22.77506726637369,22.462007922506007,254.0,14523583.0,5.11
2014-02-21,22.618537594439847,22.540272758472927,22.93159693830753,22.540272758472927,362.0,15325293.0,5.14
2014-02-24,22.696802430406766,22.853332102340605,23.401185954109046,22.696802430406766,491.0,22884748.0,5.15
2014-02-25,22.93159693830753,22.853332102340605,23.244656282175207,22.853332102340605,349.0,13513757.0,5.09
2014-02-26,23.635980462009805,23.322921118142126,23.792510133943644,23.009861774274444,1358.0,83765383.0,4.67
2014-02-27,25.279542017315123,24.340363985712088,25.279542017315123,24.340363985712088,1313.0,105368658.0,4.15
2014-03-03,25.279542017315123,25.592601361182805,25.74913103311664,24.653423329579766,3331.0,210924292.0,4.14
2014-03-04,24.653423329579766,25.279542017315123,25.436071689248962,24.496893657645927,1168.0,64401400.0,4.14
2014-03-05,25.123012345381284,25.044747509414364,25.514336525215885,24.809953001513605,1397.0,88430090.0,4.17
2014-03-06,24.888217837480525,24.966482673447445,25.436071689248962,24.809953001513605,755.0,40041597.0,4.15
2014-03-07,24.418628821679004,25.044747509414364,25.592601361182805,23.635980462009805,1277.0,81565555.0,4.15
2014-03-10,24.105569477811326,24.418628821679004,24.496893657645927,23.870774969910567,404.0,18774948.0,4.19
2014-03-11,24.809953001513605,24.809953001513605,25.201277181348207,24.496893657645927,790.0,41650389.0,4.21
2014-03-12,24.653423329579766,24.496893657645927,25.123012345381284,24.496893657645927,583.0,38821734.0,4.17
2014-03-13,24.496893657645927,24.575158493612843,24.888217837480525,24.496893657645927,362.0,17840260.0,3.94
2014-03-14,24.262099149745165,24.105569477811326,24.575158493612843,24.105569477811326,345.0,19229340.0,3.94
2014-03-17,24.418628821679004,24.262099149745165,24.575158493612843,24.105569477811326,266.0,12950916.0,3.94
2014-03-18,24.809953001513605,24.575158493612843,25.201277181348207,24.575158493612843,783.0,39532621.0,3.96
2014-03-19,25.123012345381284,24.888217837480525,25.436071689248962,24.418628821679004,1093.0,69236173.0,3.89
2014-03-20,24.731688165546686,24.809953001513605,24.888217837480525,24.340363985712088,608.0,29789989.0,3.79
2014-03-21,26.45351455681892,25.201277181348207,26.45351455681892,25.201277181348207,3822.0,240990108.0,3.86
2014-03-24,25.279542017315123,26.45351455681892,26.45351455681892,24.731688165546686,2462.0,117342585.0,3.83
2014-03-25,25.201277181348207,25.279542017315123,25.74913103311664,25.201277181348207,1335.0,77623657.0,3.84
2014-03-26,25.983925541017406,25.436071689248962,26.14045521295124,25.201277181348207,1227.0,66635631.0,3.87
2014-03-27,26.53177939278584,26.14045521295124,27.392692588421962,25.983925541017406,1955.0,95137167.0,3.89
2014-03-28,25.514336525215885,26.45351455681892,26.92310357262044,25.201277181348207,1361.0,73430837.0,3.88
2014-03-31,25.67086619714972,25.592601361182805,26.296984884885084,25.514336525215885,580.0,25407959.0,3.85
2014-04-01,25.201277181348207,25.514336525215885,25.592601361182805,25.123012345381284,886.0,48336508.0,3.84
2014-04-02,25.514336525215885,25.201277181348207,26.14045521295124,25.044747509414364,1303.0,65228728.0,3.8
2014-04-03,25.123012345381284,25.357806853282042,25.514336525215885,25.044747509414364,610.0,26791737.0,3.8
2014-04-07,25.044747509414364,25.044747509414364,25.592601361182805,24.575158493612843,933.0,46508789.0,3.75
2014-04-08,24.731688165546686,24.888217837480525,25.123012345381284,24.731688165546686,465.0,18632342.0,3.78
2014-04-09,24.809953001513605,24.809953001513605,25.044747509414364,24.653423329579766,403.0,17150844.0,3.77
2014-04-10,24.966482673447445,25.044747509414364,25.592601361182805,24.888217837480525,677.0,35608666.0,3.69
2014-04-11,24.027304641844406,24.809953001513605,24.809953001513605,23.870774969910567,726.0,33976090.0,3.69
2014-04-14,22.618537594439847,24.027304641844406,24.183834313778245,22.618537594439847,696.0,26337420.0,3.65
2014-04-15,23.088126610241368,22.77506726637369,24.183834313778245,22.77506726637369,1627.0,99347550.0,3.73
2014-04-16,23.401185954109046,23.322921118142126,23.55771562604289,23.166391446208287,502.0,18494050.0,3.66
2014-04-17,23.244656282175207,23.55771562604289,23.635980462009805,23.009861774274444,412.0,15767402.0,3.61
2014-04-18,23.479450790075965,23.479450790075965,23.714245297976728,23.322921118142126,244.0,10181900.0,3.59
2014-04-21,23.401185954109046,23.792510133943644,23.792510133943644,23.401185954109046,168.0,6023315.0,3.59
2014-04-22,22.93159693830753,23.401185954109046,23.714245297976728,22.93159693830753,315.0,13421675.0,3.59
2014-04-23,23.009861774274444,23.088126610241368,23.244656282175207,22.93159693830753,282.0,11486250.0,3.58
2014-04-24,23.088126610241368,23.322921118142126,23.635980462009805,23.009861774274444,305.0,11000586.0,3.55
2014-04-25,22.07068374267141,23.088126610241368,23.870774969910567,21.52282989090297,1667.0,101253054.0,3.55
2014-04-28,21.914154070737567,21.28803538300221,22.22721341460525,21.20977054703529,438.0,19635362.0,3.55
2014-04-29,22.07068374267141,22.30547825057217,22.383743086539088,21.99241890670449,333.0,12934452.0,3.56
2014-04-30,21.757624398803728,22.07068374267141,22.30547825057217,21.679359562836808,201.0,6029190.0,4.96
2014-05-02,21.914154070737567,21.914154070737567,22.07068374267141,21.835889234770647,154.0,5319128.0,4.95
2014-05-05,21.914154070737567,22.07068374267141,22.14894857863833,21.757624398803728,179.0,7424284.0,4.94
2014-05-06,22.07068374267141,21.914154070737567,22.14894857863833,21.914154070737567,166.0,6469316.0,4.94
2014-05-07,22.22721341460525,22.07068374267141,22.462007922506007,22.07068374267141,265.0,9183007.0,4.93
2014-05-08,22.14894857863833,22.540272758472927,22.540272758472927,22.07068374267141,160.0,5939211.0,4.93
2014-05-09,21.99241890670449,22.30547825057217,22.383743086539088,21.99241890670449,153.0,4915890.0,4.92
2014-05-12,22.462007922506007,22.540272758472927,23.009861774274444,22.383743086539088,532.0,22672443.0,4.91
2014-05-13,22.383743086539088,22.696802430406766,22.853332102340605,22.383743086539088,260.0,9386948.0,4.9
2014-05-14,22.618537594439847,22.462007922506007,22.618537594439847,22.383743086539088,156.0,6497766.0,4.89
2014-05-15,23.870774969910567,24.183834313778245,24.183834313778245,23.55771562604289,1146.0,52907159.0,4.9
2014-05-16,24.340363985712088,23.949039805877486,24.575158493612843,23.635980462009805,837.0,39590431.0,4.89
2014-05-19,24.888217837480525,24.966482673447445,25.123012345381284,24.575158493612843,897.0,42366208.0,4.89
2014-05-20,24.888217837480525,25.044747509414364,25.044747509414364,24.731688165546686,496.0,27786372.0,4.88
2014-05-21,24.809953001513605,24.888217837480525,25.514336525215885,24.731688165546686,747.0,39903166.0,4.88
2014-05-22,24.809953001513605,24.966482673447445,25.123012345381284,24.653423329579766,484.0,21568053.0,4.89
2014-05-23,24.966482673447445,25.044747509414364,25.436071689248962,24.809953001513605,529.0,29515704.0,4.9
2014-05-26,25.201277181348207,25.044747509414364,25.357806853282042,25.044747509414364,517.0,28414180.0,4.92
2014-05-27,24.731688165546686,25.357806853282042,25.357806853282042,24.731688165546686,412.0,20923834.0,4.96
2014-05-28,24.575158493612843,24.262099149745165,25.044747509414364,24.183834313778245,770.0,45711334.0,4.99
2014-05-29,24.653423329579766,24.575158493612843,24.731688165546686,24.496893657645927,308.0,16523749.0,5.01
2014-05-30,24.809953001513605,24.888217837480525,25.201277181348207,24.731688165546686,365.0,20360360.0,5.03
2014-06-03,25.357806853282042,25.201277181348207,25.67086619714972,24.966482673447445,884.0,48358283.0,5.08
2014-06-04,25.514336525215885,25.514336525215885,26.062190376984322,25.436071689248962,1337.0,67729127.0,4.77
2014-06-05,25.123012345381284,25.514336525215885,25.592601361182805,24.966482673447445,674.0,37109728.0,4.73
2014-06-06,24.966482673447445,25.279542017315123,25.279542017315123,24.966482673447445,404.0,22007535.0,4.73
2014-06-09,26.688309064719682,25.044747509414364,26.688309064719682,25.044747509414364,1895.0,106923764.0,4.75
2014-06-10,26.14045521295124,26.766573900686605,26.844838736653518,26.062190376984322,1066.0,52971134.0,4.73
2014-06-11,26.45351455681892,26.375249720852004,26.92310357262044,26.296984884885084,1518.0,89182193.0,4.4
2014-06-12,27.00136840858736,26.45351455681892,27.31442775245504,26.296984884885084,1930.0,115063855.0,4.44
2014-06-13,26.688309064719682,27.00136840858736,27.00136840858736,26.375249720852004,853.0,46941728.0,4.43
2014-06-16,26.296984884885084,26.688309064719682,26.92310357262044,26.296984884885084,702.0,33932597.0,4.37
2014-06-17,26.062190376984322,26.610044228752763,26.766573900686605,26.062190376984322,698.0,37681924.0,4.41
2014-06-18,25.67086619714972,26.14045521295124,26.375249720852004,25.592601361182805,600.0,28391976.0,4.38
2014-06-19,25.827395869083563,26.21872004891816,26.21872004891816,25.827395869083563,447.0,25892401.0,4.41
2014-06-20,25.827395869083563,25.827395869083563,26.14045521295124,25.74913103311664,330.0,17101005.0,4.39
2014-06-23,24.653423329579766,25.905660705050483,26.14045521295124,24.418628821679004,858.0,42777204.0,4.4
2014-06-24,24.888217837480525,24.653423329579766,25.044747509414364,24.575158493612843,302.0,15030017.0,4.42
2014-06-25,24.888217837480525,24.888217837480525,25.201277181348207,24.575158493612843,263.0,12955691.0,4.4
2014-06-26,25.514336525215885,25.044747509414364,25.905660705050483,24.888217837480525,947.0,47781882.0,4.34
2014-06-27,25.357806853282042,25.827395869083563,25.905660705050483,25.201277181348207,590.0,30150899.0,4.27
2014-06-30,25.279542017315123,25.357806853282042,25.592601361182805,25.201277181348207,409.0,18593085.0,4.17
2014-07-01,25.201277181348207,25.436071689248962,25.592601361182805,25.123012345381284,370.0,18418504.0,4.18
2014-07-02,25.044747509414364,25.201277181348207,25.74913103311664,25.044747509414364,520.0,29578344.0,4.15
2014-07-03,25.67086619714972,25.436071689248962,26.14045521295124,25.044747509414364,762.0,47375665.0,4.15
2014-07-04,25.67086619714972,25.74913103311664,25.905660705050483,25.436071689248962,431.0,26992581.0,4.13
2014-07-07,25.357806853282042,25.67086619714972,25.827395869083563,25.201277181348207,352.0,17845926.0,4.02
2014-07-08,25.514336525215885,25.357806853282042,25.592601361182805,24.888217837480525,476.0,20815562.0,4.0
2014-07-09,25.044747509414364,25.357806853282042,25.436071689248962,25.044747509414364,297.0,11701432.0,3.93
2014-07-10,25.044747509414364,24.731688165546686,25.279542017315123,24.731688165546686,326.0,17090478.0,3.93
2014-07-11,24.966482673447445,25.044747509414364,25.67086619714972,24.496893657645927,735.0,41314985.0,3.92
2014-07-14,25.28967338766683,25.04728035200229,25.53206642333137,24.966482673447445,339.0,14766181.0,3.91
2014-07-15,25.370471066221672,25.53206642333137,25.612864101886213,25.208875709111982,346.0,16211290.0,3.91
2014-07-16,25.612864101886213,25.370471066221672,26.097650173215285,25.208875709111982,583.0,26480785.0,3.93
2014-07-17,25.774459458995903,26.016852494660444,26.097650173215285,25.53206642333137,300.0,15021394.0,3.95
2014-07-18,27.14801999442829,25.774459458995903,27.390413030092827,25.693661780441058,1158.0,58376347.0,3.95
2014-07-21,26.824829280208906,27.30961535153798,27.794401422867058,26.744031601654058,993.0,54310851.0,3.93
2014-07-22,26.663233923099213,26.663233923099213,26.905626958763747,26.420840887434675,530.0,29324230.0,3.81
2014-07-24,27.14801999442829,26.986424637318596,27.390413030092827,26.097650173215285,969.0,62187254.0,3.93
2014-07-25,27.228817672983137,27.471210708647675,28.0367944585316,27.228817672983137,2157.0,128243626.0,3.5
2014-07-28,25.370471066221672,25.85525713755075,26.178447851770134,25.370471066221672,1383.0,74896703.0,3.34
2014-07-29,24.562494280673214,25.370471066221672,25.45126874477652,24.077708209344138,1079.0,50124735.0,3.33
2014-07-30,24.724089637782907,24.724089637782907,24.966482673447445,24.562494280673214,354.0,15842689.0,3.3
2014-07-31,24.64329195922806,24.80488731633775,25.04728035200229,24.562494280673214,352.0,16249285.0,3.3
2014-08-01,24.239303566453827,24.239303566453827,24.40089892356352,23.916112852234445,435.0,19062381.0,3.31
2014-08-04,24.562494280673214,24.239303566453827,24.80488731633775,24.077708209344138,324.0,11163631.0,3.33
2014-08-05,24.966482673447445,24.8856849948926,25.208875709111982,24.724089637782907,429.0,19556007.0,3.35
2014-08-06,24.562494280673214,24.966482673447445,25.128078030557138,23.916112852234445,581.0,28426558.0,3.4
2014-08-07,24.562494280673214,24.724089637782907,24.966482673447445,24.48169660211837,275.0,12413268.0,3.42
2014-08-08,24.724089637782907,24.64329195922806,24.724089637782907,24.239303566453827,317.0,12857787.0,3.42
2014-08-11,23.99691053078929,24.077708209344138,24.40089892356352,23.916112852234445,524.0,23325487.0,3.42
2014-08-12,23.99691053078929,24.077708209344138,24.320101245008676,23.8353151736796,304.0,12751575.0,3.43
2014-08-13,23.99691053078929,24.077708209344138,24.158505887898983,23.673719816569907,265.0,10326360.0,3.44
2014-08-14,24.077708209344138,24.077708209344138,24.320101245008676,23.99691053078929,198.0,7037147.0,3.43
2014-08-15,22.7849453524666,23.673719816569907,23.673719816569907,22.54255231680206,1097.0,47764379.0,3.44
2014-08-18,21.249789459924525,22.704147673911756,22.7849453524666,21.249789459924525,866.0,39810535.0,3.47
2014-08-19,21.896170888363294,21.492182495589063,22.300159281137525,21.492182495589063,468.0,12787889.0,3.5
2014-08-20,21.815373209808445,22.219361602582676,22.300159281137525,21.815373209808445,272.0,9131996.0,3.48
2014-08-21,21.653777852698756,22.138563924027828,22.138563924027828,21.492182495589063,157.0,4379742.0,3.48
2014-08-22,22.219361602582676,21.97696856691814,22.300159281137525,21.896170888363294,227.0,8099638.0,3.48
2014-08-25,23.59292213801506,22.54255231680206,23.59292213801506,22.38095695969237,666.0,23163107.0,3.47
2014-08-26,23.59292213801506,23.99691053078929,24.562494280673214,23.512124459460214,1330.0,61277498.0,3.47
2014-08-27,23.99691053078929,24.40089892356352,24.40089892356352,23.673719816569907,794.0,36116628.0,3.5
2014-08-28,24.158505887898983,24.40089892356352,24.562494280673214,24.158505887898983,740.0,29643988.0,3.5
2014-08-29,24.077708209344138,24.158505887898983,24.320101245008676,23.916112852234445,317.0,13338527.0,3.5
2014-09-01,24.158505887898983,24.40089892356352,24.562494280673214,24.077708209344138,343.0,14207265.0,3.5
2014-09-02,25.128078030557138,24.40089892356352,25.693661780441058,24.239303566453827,1783.0,78661376.0,3.5
2014-09-03,24.64329195922806,25.370471066221672,25.45126874477652,24.562494280673214,718.0,28445096.0,3.5
2014-09-04,24.48169660211837,24.724089637782907,24.966482673447445,24.48169660211837,319.0,12056512.0,3.5
2014-09-05,24.80488731633775,24.562494280673214,24.80488731633775,24.40089892356352,272.0,9520257.0,3.5
2014-09-09,25.774459458995903,24.966482673447445,26.016852494660444,24.562494280673214,1006.0,48301474.0,3.5
2014-09-10,25.28967338766683,25.28967338766683,25.693661780441058,25.04728035200229,442.0,17051289.0,3.52
2014-09-11,25.04728035200229,25.612864101886213,25.612864101886213,25.04728035200229,342.0,12899248.0,3.52
2014-09-12,24.80488731633775,25.04728035200229,25.370471066221672,24.724089637782907,521.0,25371039.0,3.52
2014-09-15,25.04728035200229,25.04728035200229,25.208875709111982,24.64329195922806,447.0,20126781.0,3.56
2014-09-16,24.724089637782907,25.208875709111982,25.208875709111982,24.562494280673214,733.0,31547576.0,3.56
2014-09-17,24.64329195922806,24.724089637782907,24.966482673447445,24.64329195922806,291.0,10840760.0,3.59
2014-09-18,25.128078030557138,24.8856849948926,25.53206642333137,24.80488731633775,1120.0,44132385.0,3.62
2014-09-19,25.208875709111982,25.370471066221672,25.45126874477652,24.8856849948926,407.0,17585496.0,3.67
2014-09-22,25.28967338766683,25.208875709111982,25.45126874477652,24.966482673447445,530.0,19326283.0,3.67
2014-09-23,25.28967338766683,25.28967338766683,25.612864101886213,25.04728035200229,674.0,27157861.0,3.68
2014-09-24,25.128078030557138,25.370471066221672,25.612864101886213,25.04728035200229,547.0,22169029.0,3.68
2014-09-25,24.48169660211837,25.208875709111982,25.28967338766683,24.40089892356352,590.0,25735167.0,3.67
2014-09-26,24.239303566453827,24.40089892356352,24.48169660211837,24.077708209344138,356.0,13877907.0,3.68
2014-09-29,24.320101245008676,24.40089892356352,24.562494280673214,24.158505887898983,363.0,16191410.0,3.71
2014-09-30,24.562494280673214,24.48169660211837,24.724089637782907,24.239303566453827,1053.0,38182278.0,3.7
2014-10-01,24.40089892356352,24.48169660211837,24.64329195922806,24.320101245008676,275.0,9223757.0,3.71
2014-10-02,24.40089892356352,24.320101245008676,24.562494280673214,24.239303566453827,187.0,6002310.0,3.72
2014-10-03,24.48169660211837,24.562494280673214,24.966482673447445,24.48169660211837,394.0,14418911.0,3.73
2014-10-06,24.562494280673214,24.8856849948926,24.8856849948926,24.48169660211837,187.0,5349017.0,3.75
2014-10-07,24.48169660211837,24.562494280673214,24.80488731633775,24.40089892356352,232.0,8112870.0,3.76
2014-10-08,24.158505887898983,24.40089892356352,24.48169660211837,24.077708209344138,235.0,8882432.0,3.76
2014-10-09,23.916112852234445,24.40089892356352,24.48169660211837,23.75451749512475,291.0,9826823.0,3.76
2014-10-13,22.300159281137525,23.108136066685987,23.43132678090537,22.300159281137525,439.0,18048127.0,3.76
2014-10-14,22.623349995356907,22.461754638247214,22.865743031021445,22.300159281137525,218.0,6396902.0,3.78
2014-10-15,22.300159281137525,22.865743031021445,22.865743031021445,22.138563924027828,201.0,7531498.0,3.77
2014-10-16,22.138563924027828,22.300159281137525,22.461754638247214,21.088194102814832,379.0,11941250.0,3.76
2014-10-17,21.33058713847937,22.54255231680206,22.54255231680206,21.33058713847937,347.0,8758165.0,3.74
2014-10-20,22.138563924027828,22.138563924027828,22.300159281137525,21.7345755312536,217.0,7560695.0,3.74
2014-10-21,22.057766245472987,22.300159281137525,22.300159281137525,21.97696856691814,56.0,1362416.0,3.74
2014-10-22,22.38095695969237,22.38095695969237,22.54255231680206,22.300159281137525,141.0,4193138.0,3.75
2014-10-23,22.057766245472987,22.38095695969237,22.38095695969237,22.057766245472987,103.0,3098130.0,3.75
2014-10-24,21.815373209808445,22.300159281137525,22.300159281137525,21.815373209808445,98.0,2783413.0,3.74
2014-10-27,20.765003388595446,21.896170888363294,22.138563924027828,20.6842057100406,248.0,7969722.0,3.72
2014-10-28,21.249789459924525,20.845801067150294,21.411384817034214,20.845801067150294,195.0,5151496.0,3.73
2014-10-29,21.572980174143908,21.492182495589063,21.815373209808445,21.33058713847937,183.0,4770473.0,3.73
2014-10-30,21.411384817034214,21.492182495589063,21.7345755312536,21.411384817034214,116.0,3439709.0,3.73
2014-10-31,21.815373209808445,21.653777852698756,21.815373209808445,21.572980174143908,134.0,4154332.0,3.74
2014-11-03,22.057766245472987,21.896170888363294,22.219361602582676,21.896170888363294,160.0,6317341.0,3.76
2014-11-04,22.38095695969237,22.300159281137525,22.7849453524666,21.97696856691814,517.0,19596600.0,3.83
2014-11-05,22.057766245472987,22.38095695969237,22.54255231680206,22.057766245472987,176.0,5407369.0,3.81
2014-11-06,21.7345755312536,22.057766245472987,22.219361602582676,21.7345755312536,128.0,3624337.0,3.81
2014-11-07,22.057766245472987,21.815373209808445,22.057766245472987,21.653777852698756,131.0,3659794.0,3.82
2014-11-10,22.057766245472987,22.138563924027828,22.219361602582676,22.057766245472987,160.0,3563508.0,3.77
2014-11-11,22.138563924027828,22.057766245472987,22.138563924027828,21.815373209808445,181.0,6133069.0,3.74
2014-11-12,21.7345755312536,21.896170888363294,21.97696856691814,21.653777852698756,138.0,4940180.0,3.74
2014-11-13,21.896170888363294,21.653777852698756,22.057766245472987,21.653777852698756,118.0,2684423.0,3.75
2014-11-14,21.492182495589063,21.815373209808445,21.815373209808445,21.411384817034214,278.0,9172562.0,3.75
2014-11-17,21.168991781369677,21.572980174143908,21.7345755312536,21.168991781369677,173.0,6551194.0,3.75
2014-11-18,20.603408031485756,21.492182495589063,21.492182495589063,20.037824281601832,399.0,13594418.0,3.73
2014-11-19,20.361014995821215,20.6842057100406,20.6842057100406,20.361014995821215,158.0,4701429.0,3.73
2014-11-20,20.603408031485756,20.361014995821215,20.765003388595446,20.361014995821215,165.0,4567809.0,3.74
2014-11-21,20.765003388595446,20.765003388595446,20.92659874570514,20.522610352930908,132.0,4106382.0,3.75
2014-11-24,20.522610352930908,20.765003388595446,20.845801067150294,20.522610352930908,144.0,3897454.0,3.75
2014-11-25,20.765003388595446,20.522610352930908,20.765003388595446,20.361014995821215,174.0,4551254.0,3.75
2014-11-26,20.845801067150294,20.765003388595446,20.92659874570514,20.6842057100406,120.0,2851205.0,3.74
2014-11-27,20.6842057100406,20.522610352930908,20.92659874570514,20.522610352930908,164.0,4547911.0,3.73
2014-11-28,20.6842057100406,20.765003388595446,20.765003388595446,20.522610352930908,87.0,2669270.0,3.73
2014-12-01,20.441812674376063,19.714633567382446,20.441812674376063,19.714633567382446,131.0,3552265.0,3.74
2014-12-02,20.765003388595446,20.441812674376063,20.845801067150294,20.441812674376063,136.0,4543633.0,3.73
2014-12-03,21.249789459924525,21.088194102814832,21.411384817034214,20.845801067150294,315.0,8918782.0,3.71
2014-12-04,21.33058713847937,21.33058713847937,21.411384817034214,21.088194102814832,190.0,5007311.0,3.71
2014-12-05,21.411384817034214,21.492182495589063,21.653777852698756,21.168991781369677,320.0,10228153.0,3.74
2014-12-08,21.492182495589063,21.653777852698756,21.653777852698756,21.411384817034214,154.0,5175220.0,3.73
2014-12-09,21.653777852698756,21.168991781369677,21.653777852698756,21.168991781369677,191.0,5632818.0,3.75
2014-12-10,21.411384817034214,21.653777852698756,21.653777852698756,21.33058713847937,144.0,4191815.0,3.75
2014-12-11,21.249789459924525,21.33058713847937,21.572980174143908,21.249789459924525,102.0,3181996.0,3.74
2014-12-12,21.33058713847937,21.492182495589063,21.572980174143908,21.249789459924525,107.0,2866740.0,3.73
2014-12-15,21.168991781369677,21.007396424259987,21.411384817034214,21.007396424259987,64.0,1381297.0,3.73
2014-12-16,21.33058713847937,21.33058713847937,21.572980174143908,21.168991781369677,126.0,3413451.0,3.74
2014-12-17,22.461754638247214,21.411384817034214,22.461754638247214,21.33058713847937,821.0,33024271.0,3.74
2014-12-18,22.7849453524666,22.623349995356907,23.188933745240828,22.219361602582676,1689.0,72201678.0,3.75
2014-12-19,22.54255231680206,22.865743031021445,23.188933745240828,22.300159281137525,623.0,22856992.0,3.74
2014-12-22,22.461754638247214,22.54255231680206,22.704147673911756,22.38095695969237,231.0,7733505.0,3.74
2014-12-23,22.7849453524666,22.54255231680206,22.865743031021445,22.54255231680206,346.0,13981496.0,3.77
2014-12-24,23.269731423795676,22.7849453524666,23.673719816569907,22.704147673911756,996.0,44522040.0,3.76
2014-12-25,22.94654070957629,23.269731423795676,23.59292213801506,22.94654070957629,375.0,13469190.0,3.75
2014-12-26,23.027338388131138,23.027338388131138,23.269731423795676,22.94654070957629,269.0,10285972.0,3.74
2014-12-27,23.59292213801506,23.188933745240828,23.75451749512475,23.027338388131138,845.0,37430494.0,3.74
2014-12-29,22.94654070957629,23.59292213801506,23.59292213801506,22.94654070957629,405.0,15735009.0,3.74
2014-12-30,22.94654070957629,22.94654070957629,23.188933745240828,22.7849453524666,212.0,6810097.0,3.74
2014-12-31,23.108136066685987,23.108136066685987,23.269731423795676,22.94654070957629,156.0,5238405.0,3.74
2015-01-05,23.188933745240828,23.269731423795676,23.43132678090537,23.108136066685987,247.0,10299175.0,3.75
2015-01-06,22.7849453524666,23.108136066685987,23.108136066685987,22.54255231680206,359.0,11795692.0,3.75
2015-01-07,22.865743031021445,22.865743031021445,22.94654070957629,22.623349995356907,243.0,9386446.0,3.79
2015-01-08,23.188933745240828,23.027338388131138,23.269731423795676,23.027338388131138,277.0,11732116.0,3.79
2015-01-09,24.724089637782907,23.916112852234445,24.80488731633775,23.673719816569907,2385.0,111487877.0,3.79
2015-01-12,24.80488731633775,24.80488731633775,25.04728035200229,24.40089892356352,1052.0,46715201.0,3.75
2015-01-13,24.48169660211837,24.724089637782907,25.128078030557138,24.48169660211837,718.0,30601527.0,3.74
2015-01-14,24.320101245008676,24.64329195922806,24.64329195922806,24.239303566453827,410.0,17293391.0,3.74
2015-01-15,25.04728035200229,24.320101245008676,25.85525713755075,24.320101245008676,1748.0,73933290.0,3.7
2015-01-16,24.320101245008676,25.04728035200229,25.128078030557138,24.320101245008676,700.0,31466867.0,3.67
2015-01-19,24.158505887898983,25.28967338766683,25.28967338766683,24.077708209344138,387.0,15881380.0,3.67
2015-01-20,24.40089892356352,24.239303566453827,24.64329195922806,24.239303566453827,283.0,10430220.0,3.68
2015-01-21,24.158505887898983,24.48169660211837,24.724089637782907,24.158505887898983,264.0,9904686.0,3.67
2015-01-22,23.99691053078929,24.320101245008676,24.48169660211837,23.99691053078929,464.0,12725580.0,3.68
2015-01-23,23.75451749512475,24.239303566453827,24.40089892356352,23.75451749512475,381.0,12777744.0,3.68
2015-01-26,24.562494280673214,23.75451749512475,24.562494280673214,23.673719816569907,445.0,18908307.0,3.68
2015-01-27,24.8856849948926,25.208875709111982,25.693661780441058,24.80488731633775,1289.0,57439489.0,3.63
2015-01-28,24.320101245008676,24.40089892356352,24.724089637782907,24.239303566453827,495.0,18447840.0,3.61
2015-01-29,24.239303566453827,24.40089892356352,24.562494280673214,24.158505887898983,272.0,11146965.0,3.59
2015-01-30,24.320101245008676,24.562494280673214,24.562494280673214,24.158505887898983,228.0,9940702.0,3.52
2015-02-02,24.562494280673214,24.724089637782907,24.8856849948926,24.48169660211837,481.0,20349967.0,3.51
2015-02-03,24.80488731633775,24.724089637782907,25.208875709111982,24.724089637782907,640.0,28844145.0,3.51
2015-02-04,24.724089637782907,25.208875709111982,25.208875709111982,24.64329195922806,318.0,12559591.0,3.51
2015-02-05,24.48169660211837,24.48169660211837,24.724089637782907,24.48169660211837,166.0,5620019.0,3.51
2015-02-06,24.40089892356352,24.724089637782907,24.724089637782907,24.40089892356352,169.0,6993548.0,3.52
2015-02-09,24.239303566453827,24.40089892356352,24.64329195922806,24.239303566453827,136.0,5877997.0,3.51
2015-02-10,24.158505887898983,24.239303566453827,24.562494280673214,24.077708209344138,230.0,9312795.0,3.47
2015-02-11,23.916112852234445,24.158505887898983,24.48169660211837,23.8353151736796,366.0,11976132.0,3.42
2015-02-12,23.673719816569907,23.916112852234445,24.077708209344138,23.673719816569907,202.0,6252502.0,3.33
2015-02-13,23.99691053078929,23.673719816569907,24.077708209344138,23.673719816569907,146.0,4631204.0,3.34
2015-02-24,24.320101245008676,24.40089892356352,24.48169660211837,24.077708209344138,242.0,9845642.0,3.35
2015-02-25,24.158505887898983,24.48169660211837,24.48169660211837,24.158505887898983,191.0,6784846.0,3.37
2015-02-26,24.320101245008676,24.239303566453827,24.320101245008676,24.077708209344138,232.0,7602373.0,3.37
2015-03-02,24.158505887898983,24.562494280673214,24.562494280673214,23.99691053078929,179.0,7558718.0,3.37
2015-03-03,24.158505887898983,24.239303566453827,24.239303566453827,24.077708209344138,141.0,4935207.0,3.37
2015-03-04,24.80488731633775,24.158505887898983,25.04728035200229,24.158505887898983,869.0,38374833.0,3.3
2015-03-05,24.40089892356352,24.80488731633775,24.8856849948926,24.40089892356352,354.0,16628262.0,3.3
2015-03-06,24.64329195922806,24.724089637782907,24.724089637782907,24.48169660211837,261.0,11648293.0,3.31
2015-03-09,25.28967338766683,24.64329195922806,25.370471066221672,24.48169660211837,1286.0,59749493.0,3.32
2015-03-10,24.724089637782907,25.28967338766683,25.28967338766683,24.64329195922806,640.0,21347745.0,3.3
2015-03-11,24.48169660211837,24.724089637782907,24.724089637782907,24.48169660211837,348.0,14356452.0,3.26
2015-03-12,24.562494280673214,24.48169660211837,24.966482673447445,24.48169660211837,416.0,19018635.0,3.26
2015-03-13,24.562494280673214,24.8856849948926,24.8856849948926,24.48169660211837,310.0,13685116.0,3.27
2015-03-16,24.40089892356352,24.80488731633775,24.80488731633775,24.40089892356352,307.0,12120453.0,3.26
2015-03-17,24.239303566453827,24.40089892356352,24.724089637782907,24.239303566453827,206.0,9772408.0,3.26
2015-03-18,24.40089892356352,24.320101245008676,24.8856849948926,24.239303566453827,440.0,24657661.0,3.26
2015-03-19,24.562494280673214,24.724089637782907,24.724089637782907,24.40089892356352,1032.0,12512781.0,3.26
2015-03-20,24.320101245008676,24.562494280673214,24.562494280673214,24.320101245008676,690.0,16539705.0,3.28
2015-03-23,24.562494280673214,24.562494280673214,24.8856849948926,24.40089892356352,975.0,14980022.0,3.28
2015-03-24,24.320101245008676,24.562494280673214,24.724089637782907,24.320101245008676,516.0,10137558.0,3.26
2015-03-25,23.916112852234445,24.48169660211837,24.48169660211837,23.673719816569907,712.0,17252864.0,3.25
2015-03-26,24.40089892356352,23.673719816569907,24.8856849948926,23.673719816569907,834.0,45102270.0,3.26
2015-03-27,24.158505887898983,24.40089892356352,24.48169660211837,24.158505887898983,428.0,13972989.0,3.25
2015-03-30,23.75451749512475,24.239303566453827,24.40089892356352,23.75451749512475,520.0,13064553.0,3.15
2015-03-31,23.916112852234445,24.077708209344138,24.158505887898983,23.673719816569907,509.0,10649732.0,3.15
2015-04-01,23.8353151736796,23.75451749512475,24.077708209344138,23.75451749512475,256.0,7487106.0,3.14
2015-04-02,24.239303566453827,24.077708209344138,24.239303566453827,23.8353151736796,380.0,14964527.0,3.14
2015-04-07,24.562494280673214,24.239303566453827,24.64329195922806,24.077708209344138,530.0,16291708.0,3.16
2015-04-08,24.80488731633775,24.562494280673214,25.128078030557138,24.239303566453827,1128.0,61986485.0,3.15
2015-04-09,24.48169660211837,25.04728035200229,25.128078030557138,24.40089892356352,566.0,21570438.0,3.14
2015-04-10,24.158505887898983,24.562494280673214,24.562494280673214,24.077708209344138,414.0,14860083.0,3.12
2015-04-13,24.077708209344138,24.40089892356352,24.40089892356352,23.99691053078929,355.0,9080715.0,3.11
2015-04-14,24.40089892356352,24.40089892356352,24.40089892356352,23.916112852234445,390.0,11530260.0,3.13
2015-04-15,24.48169660211837,24.40089892356352,24.562494280673214,24.239303566453827,477.0,15590378.0,3.13
2015-04-16,24.64329195922806,24.562494280673214,25.04728035200229,24.562494280673214,1000.0,49225164.0,3.13
2015-04-17,24.48169660211837,24.80488731633775,24.80488731633775,24.158505887898983,463.0,14712412.0,3.13
2015-04-20,24.158505887898983,24.40089892356352,24.64329195922806,24.077708209344138,385.0,11928495.0,3.13
2015-04-21,23.8353151736796,24.239303566453827,24.239303566453827,23.75451749512475,421.0,13356875.0,3.12
2015-04-22,23.673719816569907,23.916112852234445,23.99691053078929,23.673719816569907,406.0,12003247.0,3.12
2015-04-23,23.35052910235052,23.75451749512475,23.99691053078929,23.269731423795676,442.0,18555967.0,3.12
2015-04-24,23.35052910235052,23.35052910235052,23.673719816569907,23.188933745240828,301.0,13635464.0,3.17
2015-04-27,23.512124459460214,23.673719816569907,23.673719816569907,23.188933745240828,193.0,7758797.0,3.18
2015-04-28,23.269731423795676,23.43132678090537,23.916112852234445,23.269731423795676,332.0,12411038.0,3.18
2015-04-29,22.461754638247214,23.269731423795676,23.43132678090537,22.300159281137525,390.0,16646312.0,3.18
2015-04-30,22.623349995356907,22.461754638247214,22.94654070957629,22.38095695969237,254.0,7698862.0,3.19
2015-05-04,22.219361602582676,22.865743031021445,22.865743031021445,22.138563924027828,286.0,9373402.0,3.19
2015-05-05,21.97696856691814,22.219361602582676,22.300159281137525,21.815373209808445,240.0,7303282.0,3.2
2015-05-06,22.138563924027828,21.97696856691814,22.461754638247214,21.896170888363294,151.0,4954413.0,3.2
2015-05-07,21.815373209808445,22.300159281137525,22.300159281137525,21.815373209808445,173.0,5422104.0,3.2
2015-05-08,21.411384817034214,21.815373209808445,22.138563924027828,21.411384817034214,209.0,7678349.0,3.19
2015-05-11,20.28021731726637,21.572980174143908,21.572980174143908,20.037824281601832,400.0,17402124.0,3.19
2015-05-12,20.6842057100406,20.28021731726637,20.6842057100406,19.957026603046984,263.0,6544335.0,3.19
2015-05-13,20.765003388595446,20.6842057100406,21.249789459924525,20.6842057100406,156.0,4885847.0,3.19
2015-05-14,20.845801067150294,21.007396424259987,21.007396424259987,20.6842057100406,115.0,3845952.0,3.18
2015-05-15,19.714633567382446,19.391442853163063,20.037824281601832,19.391442853163063,425.0,16107430.0,3.17
2015-05-18,19.553038210272756,19.714633567382446,19.876228924492143,19.553038210272756,232.0,6156288.0,1.77
2015-05-19,19.714633567382446,19.714633567382446,19.876228924492143,19.553038210272756,251.0,4634854.0,1.78
2015-05-20,19.553038210272756,19.795431245937294,19.876228924492143,19.553038210272756,122.0,4045667.0,1.79
2015-05-21,19.957026603046984,19.47224053171791,19.957026603046984,19.47224053171791,134.0,4541658.0,1.79
2015-05-22,20.522610352930908,20.118621960156677,20.765003388595446,19.957026603046984,347.0,12057793.0,1.79
2015-05-25,20.199419638711525,20.522610352930908,20.522610352930908,20.037824281601832,169.0,5499585.0,1.79
2015-05-26,20.199419638711525,20.361014995821215,20.522610352930908,20.118621960156677,121.0,3595508.0,1.78
2015-05-27,20.28021731726637,20.441812674376063,20.441812674376063,20.199419638711525,89.0,2124405.0,1.78
2015-05-28,21.168991781369677,20.361014995821215,21.249789459924525,20.361014995821215,496.0,17587427.0,1.79
2015-05-29,21.007396424259987,21.33058713847937,21.33058713847937,20.6842057100406,169.0,6171556.0,1.78
2015-06-01,20.6842057100406,21.007396424259987,21.007396424259987,20.603408031485756,93.0,2538009.0,1.77
2015-06-02,20.361014995821215,20.6842057100406,20.765003388595446,20.361014995821215,159.0,4763437.0,1.78
2015-06-03,20.118621960156677,20.361014995821215,20.603408031485756,20.118621960156677,99.0,2748702.0,1.78
2015-06-04,19.714633567382446,20.199419638711525,20.28021731726637,19.47224053171791,187.0,6702685.0,1.78
2015-06-05,19.876228924492143,19.714633567382446,19.957026603046984,19.391442853163063,152.0,4242997.0,1.79
2015-06-08,19.795431245937294,19.876228924492143,20.199419638711525,19.391442853163063,155.0,4892721.0,1.79
2015-06-09,18.745061424724295,19.795431245937294,19.876228924492143,18.5834660676146,240.0,10881673.0,1.79
2015-06-10,19.553038210272756,18.745061424724295,19.553038210272756,18.745061424724295,182.0,5290828.0,1.81
2015-06-11,19.310645174608215,19.553038210272756,19.553038210272756,19.06825213894368,123.0,3688251.0,1.8
2015-06-12,19.06825213894368,19.391442853163063,19.391442853163063,19.06825213894368,89.0,3090568.0,1.81
2015-06-15,18.987454460388832,19.22984749605337,19.391442853163063,18.987454460388832,64.0,1373069.0,1.81
2015-06-16,18.745061424724295,19.22984749605337,19.310645174608215,18.745061424724295,82.0,2137928.0,1.82
2015-06-17,19.22984749605337,18.745061424724295,19.22984749605337,18.745061424724295,80.0,1761400.0,1.82
2015-06-18,19.714633567382446,19.391442853163063,19.714633567382446,19.391442853163063,120.0,3104157.0,1.83
2015-06-22,19.391442853163063,19.06825213894368,19.714633567382446,19.06825213894368,92.0,3020113.0,1.84
2015-06-23,20.361014995821215,19.714633567382446,20.522610352930908,19.714633567382446,446.0,17915420.0,1.84
2015-06-24,20.118621960156677,20.361014995821215,20.361014995821215,19.957026603046984,101.0,3163428.0,1.84
2015-06-25,19.957026603046984,20.118621960156677,20.28021731726637,19.876228924492143,145.0,6653763.0,1.84
2015-06-26,20.765003388595446,20.199419638711525,21.007396424259987,20.199419638711525,777.0,24764781.0,1.84
2015-06-29,20.845801067150294,20.6842057100406,20.92659874570514,20.441812674376063,320.0,10308732.0,1.83
2015-06-30,20.603408031485756,20.765003388595446,20.765003388595446,20.441812674376063,121.0,3609138.0,1.83
2015-07-01,20.441812674376063,20.845801067150294,21.007396424259987,20.441812674376063,172.0,5488984.0,1.82
2015-07-02,20.603408031485756,20.603408031485756,20.845801067150294,20.603408031485756,170.0,4722408.0,1.83
2015-07-03,20.522610352930908,20.765003388595446,20.765003388595446,20.361014995821215,137.0,4516951.0,1.83
2015-07-06,20.28021731726637,20.522610352930908,20.6842057100406,20.199419638711525,80.0,1896361.0,1.82
2015-07-07,20.037824281601832,20.28021731726637,20.603408031485756,20.037824281601832,111.0,2895025.0,1.83
2015-07-08,19.06825213894368,20.037824281601832,20.037824281601832,18.825859103279143,218.0,7321650.0,1.83
2015-07-09,19.310645174608215,18.5834660676146,19.391442853163063,17.937084639175833,161.0,4640252.0,1.83
2015-07-13,19.47224053171791,19.391442853163063,19.795431245937294,19.310645174608215,288.0,12363881.0,1.85
2015-07-14,19.06825213894368,19.6338358888276,19.795431245937294,19.06825213894368,182.0,5091891.0,1.86
2015-07-15,20.361014995821215,19.391442853163063,20.361014995821215,18.906656781833984,206.0,6004531.0,1.86
2015-07-16,19.795431245937294,20.361014995821215,20.361014995821215,19.553038210272756,501.0,15860415.0,1.85
2015-07-17,19.876228924492143,20.199419638711525,20.199419638711525,19.795431245937294,327.0,9690017.0,1.85
2015-07-20,19.391442853163063,19.957026603046984,20.037824281601832,19.391442853163063,159.0,4694402.0,1.84
2015-07-21,19.6338358888276,19.391442853163063,20.037824281601832,19.391442853163063,304.0,8686098.0,1.85
2015-07-22,19.47224053171791,19.47224053171791,19.714633567382446,19.310645174608215,163.0,5809838.0,1.83
2015-07-23,19.391442853163063,19.876228924492143,19.876228924492143,19.149049817498526,130.0,3625136.0,1.82
2015-07-24,18.906656781833984,19.391442853163063,19.714633567382446,18.745061424724295,152.0,5056242.0,1.81
2015-07-27,17.12910785362737,19.22984749605337,19.22984749605337,17.12910785362737,460.0,18634223.0,1.81
2015-07-28,17.29870298089101,17.129107853627374,17.722690799050103,17.129107853627374,353.0,11461414.0,1.8
2015-07-29,17.383500544522832,17.383500544522832,17.46829810815465,16.959512726363737,205.0,5707527.0,1.8
2015-07-30,17.637893235418286,17.29870298089101,17.722690799050103,17.29870298089101,127.0,2658813.0,1.8
2015-07-31,17.722690799050103,17.807488362681923,18.825059126263746,17.46829810815465,385.0,11407857.0,1.8
2015-08-03,17.46829810815465,17.553095671786465,17.722690799050103,17.29870298089101,140.0,2596161.0,1.78
2015-08-04,16.959512726363737,17.044310289995558,17.637893235418286,16.908634188184646,253.0,6751391.0,1.76
2015-08-05,17.213905417259195,16.959512726363737,17.213905417259195,16.959512726363737,145.0,3804440.0,1.77
2015-08-06,17.553095671786465,17.807488362681923,17.807488362681923,17.383500544522832,227.0,6060447.0,1.77
2015-08-07,18.146678617209197,17.553095671786465,18.316273744472838,17.553095671786465,233.0,6997162.0,1.8
2015-08-10,18.316273744472838,18.146678617209197,18.401071308104655,18.06188105357738,127.0,3146020.0,1.81
2015-08-11,18.401071308104655,18.655463999000112,18.74026156263193,18.231476180841018,139.0,4986523.0,1.82
2015-08-12,18.401071308104655,18.146678617209197,18.401071308104655,18.146678617209197,99.0,3055109.0,1.83
2015-08-13,18.401071308104655,18.401071308104655,18.655463999000112,18.231476180841018,79.0,2865022.0,1.83
2015-08-14,18.06188105357738,18.401071308104655,18.401071308104655,18.06188105357738,91.0,3035051.0,1.84
2015-08-17,18.146678617209197,18.06188105357738,18.231476180841018,17.97708348994556,82.0,2432105.0,1.84
2015-08-18,17.97708348994556,18.231476180841018,18.231476180841018,17.97708348994556,88.0,2465552.0,1.85
2015-08-19,17.044310289995558,17.97708348994556,17.97708348994556,16.959512726363737,260.0,9083976.0,1.85
2015-08-20,17.213905417259195,17.129107853627374,17.46829810815465,16.959512726363737,125.0,3966201.0,1.86
2015-08-21,17.044310289995558,17.29870298089101,17.29870298089101,16.891674675458283,216.0,5599026.0,1.86
2015-08-24,15.687549271886457,16.806877111826463,16.959512726363737,15.365318530085547,360.0,10471558.0,1.84
2015-08-25,16.586403446383734,15.093966326463727,16.7899175991001,15.093966326463727,212.0,5999625.0,1.84
2015-08-26,17.044310289995558,16.281132217309185,17.722690799050103,16.02673952641373,226.0,5718770.0,1.82
2015-08-27,17.044310289995558,17.044310289995558,17.46829810815465,16.959512726363737,167.0,4923330.0,1.81
2015-08-28,17.129107853627374,17.129107853627374,17.46829810815465,17.129107853627374,199.0,5512500.0,1.83
2015-08-31,17.46829810815465,17.46829810815465,17.637893235418286,17.29870298089101,163.0,3406247.0,1.84
2015-09-01,18.909856689895566,17.637893235418286,19.164249380791023,17.553095671786465,713.0,20438708.0,1.83
2015-09-02,18.74026156263193,18.655463999000112,19.079451817159203,18.401071308104655,267.0,7579944.0,1.83
2015-09-03,18.909856689895566,18.74026156263193,18.994654253527383,18.655463999000112,200.0,4834800.0,1.85
2015-09-04,18.74026156263193,19.079451817159203,19.079451817159203,18.485868871736475,151.0,4330300.0,1.85
2015-09-07,18.655463999000112,18.485868871736475,18.74026156263193,18.485868871736475,90.0,2389533.0,1.9
2015-09-08,18.994654253527383,18.825059126263746,19.079451817159203,18.825059126263746,120.0,3636763.0,1.89
2015-09-09,19.757832326213755,19.33384450805466,20.266617708004663,19.079451817159203,664.0,22140832.0,1.89
2015-09-10,19.757832326213755,19.418642071686477,19.757832326213755,19.33384450805466,194.0,5307929.0,1.89
2015-09-11,19.673034762581935,19.757832326213755,19.757832326213755,19.503439635318298,199.0,6335489.0,1.88
2015-09-14,19.588237198950118,19.673034762581935,19.757832326213755,19.503439635318298,117.0,3945701.0,1.87
2015-09-15,19.33384450805466,19.673034762581935,19.673034762581935,19.24904694442284,95.0,2324848.0,1.88
2015-09-16,19.24904694442284,19.588237198950118,19.588237198950118,19.24904694442284,149.0,3333764.0,1.88
2015-09-17,20.01222501710921,19.418642071686477,20.181820144372846,19.418642071686477,595.0,19886483.0,1.87
2015-09-18,20.266617708004663,20.436212835268304,20.436212835268304,20.097022580741026,378.0,12223841.0,1.87
2015-09-21,19.673034762581935,20.01222501710921,20.01222501710921,19.503439635318298,141.0,4964905.0,1.85
2015-09-22,20.01222501710921,19.757832326213755,20.181820144372846,19.673034762581935,134.0,5318255.0,1.85
2015-09-23,19.588237198950118,19.673034762581935,19.927427453477392,19.503439635318298,108.0,2823241.0,1.84
2015-09-24,19.33384450805466,19.673034762581935,19.927427453477392,19.24904694442284,164.0,4550802.0,1.82
2015-09-25,19.418642071686477,19.33384450805466,19.673034762581935,19.24904694442284,115.0,3512863.0,1.82
2015-09-30,19.757832326213755,19.24904694442284,19.927427453477392,19.24904694442284,104.0,3201971.0,1.82
2015-10-01,20.01222501710921,19.757832326213755,20.097022580741026,19.757832326213755,169.0,6694611.0,1.83
2015-10-02,20.01222501710921,20.01222501710921,20.266617708004663,19.927427453477392,155.0,4839783.0,1.83
2015-10-05,21.114593344322852,20.52101039890012,21.623378726113764,20.266617708004663,843.0,26869529.0,1.86
2015-10-06,20.944998217059215,21.368986035218306,21.538581162481943,20.690605526163758,295.0,9293182.0,1.84
2015-10-07,20.8602006534274,20.8602006534274,21.199390907954673,20.775403089795578,135.0,3402423.0,1.84
2015-10-08,21.114593344322852,22.047366544272858,22.047366544272858,21.114593344322852,434.0,10955020.0,1.84
2015-10-12,21.199390907954673,21.623378726113764,21.87777141700922,20.944998217059215,224.0,6024507.0,1.84
2015-10-13,21.029795780691035,21.029795780691035,21.368986035218306,20.944998217059215,158.0,3675199.0,1.84
2015-10-14,21.28418847158649,21.538581162481943,21.538581162481943,21.114593344322852,204.0,4455402.0,1.85
2015-10-15,21.7929738533774,21.28418847158649,21.962568980641038,21.199390907954673,504.0,18605048.0,1.85
2015-10-16,21.708176289745584,21.7929738533774,21.962568980641038,21.368986035218306,287.0,9525233.0,1.84
2015-10-19,21.28418847158649,21.7929738533774,21.7929738533774,21.28418847158649,166.0,5313388.0,1.85
2015-10-20,21.453783598850126,21.28418847158649,21.623378726113764,21.28418847158649,216.0,5694168.0,1.86
2015-10-21,21.623378726113764,21.453783598850126,21.708176289745584,21.453783598850126,146.0,4401113.0,1.86
2015-10-22,21.708176289745584,21.708176289745584,21.7929738533774,21.538581162481943,132.0,3361988.0,1.86
2015-10-23,22.216961671536495,21.962568980641038,23.234532435118318,21.962568980641038,783.0,28231146.0,1.85
2015-10-26,22.301759235168316,22.301759235168316,22.386556798800132,22.047366544272858,232.0,6563344.0,1.85
2015-10-27,21.7929738533774,22.301759235168316,22.301759235168316,21.7929738533774,195.0,4484310.0,1.85
2015-10-28,21.7929738533774,21.7929738533774,21.962568980641038,21.538581162481943,146.0,3901003.0,1.85
2015-10-29,21.368986035218306,21.962568980641038,22.047366544272858,21.368986035218306,143.0,4397138.0,1.85
2015-10-30,21.368986035218306,21.368986035218306,21.623378726113764,20.944998217059215,211.0,5901824.0,1.85
2015-11-02,21.538581162481943,21.368986035218306,21.708176289745584,21.199390907954673,175.0,3861726.0,1.86
2015-11-03,21.538581162481943,21.7929738533774,21.87777141700922,21.538581162481943,213.0,6135841.0,1.89
2015-11-04,21.708176289745584,21.708176289745584,21.7929738533774,21.623378726113764,131.0,3390229.0,1.91
2015-11-05,21.87777141700922,21.708176289745584,21.962568980641038,21.708176289745584,145.0,4296079.0,1.92
2015-11-06,22.216961671536495,21.87777141700922,22.216961671536495,21.623378726113764,180.0,9692505.0,1.92
2015-11-09,21.7929738533774,22.64094948969559,23.06493730785468,21.7929738533774,590.0,27197568.0,1.89
2015-11-10,21.538581162481943,21.538581162481943,21.962568980641038,21.368986035218306,176.0,5010724.0,1.88
2015-11-11,20.775403089795578,21.538581162481943,21.708176289745584,20.775403089795578,188.0,4266316.0,1.86
2015-11-12,20.690605526163758,20.8602006534274,21.114593344322852,20.01222501710921,229.0,5992220.0,1.85
2015-11-13,20.351415271636483,20.52101039890012,20.60580796253194,20.266617708004663,112.0,2682824.0,1.85
2015-11-16,19.927427453477392,20.01222501710921,20.266617708004663,19.757832326213755,146.0,3957754.0,1.85
2015-11-17,20.351415271636483,20.8602006534274,20.8602006534274,20.097022580741026,207.0,8062538.0,1.87
2015-11-18,20.60580796253194,20.52101039890012,20.690605526163758,20.181820144372846,211.0,6006601.0,1.87
2015-11-19,20.436212835268304,20.775403089795578,20.775403089795578,20.351415271636483,190.0,5746858.0,1.9
2015-11-20,20.351415271636483,20.60580796253194,20.690605526163758,20.266617708004663,121.0,2840812.0,1.91
2015-11-23,21.029795780691035,20.52101039890012,21.538581162481943,20.52101039890012,484.0,13609900.0,1.96
2015-11-24,20.775403089795578,21.368986035218306,21.368986035218306,20.690605526163758,200.0,5417954.0,1.95
2015-11-25,20.690605526163758,20.690605526163758,21.029795780691035,20.52101039890012,176.0,4906246.0,1.95
2015-11-26,20.60580796253194,20.690605526163758,20.8602006534274,20.60580796253194,108.0,3199872.0,1.96
2015-11-27,20.775403089795578,20.690605526163758,20.8602006534274,20.351415271636483,151.0,2957873.0,1.96
2015-11-30,20.8602006534274,20.8602006534274,21.368986035218306,20.690605526163758,243.0,7639572.0,1.95
2015-12-01,21.538581162481943,21.114593344322852,22.047366544272858,21.029795780691035,939.0,42038031.0,1.97
2015-12-02,21.87777141700922,21.623378726113764,21.962568980641038,21.453783598850126,409.0,14990729.0,1.98
2015-12-03,21.368986035218306,21.87777141700922,22.13216410790468,21.199390907954673,439.0,13805158.0,1.98
2015-12-04,21.368986035218306,20.944998217059215,21.708176289745584,20.944998217059215,283.0,7824480.0,1.99
2015-12-07,21.199390907954673,21.708176289745584,22.047366544272858,21.199390907954673,436.0,21552615.0,1.99
2015-12-08,21.368986035218306,21.28418847158649,21.453783598850126,20.944998217059215,274.0,9805781.0,2.02
2015-12-09,21.28418847158649,21.368986035218306,21.708176289745584,21.029795780691035,669.0,26740991.0,2.03
2015-12-10,21.87777141700922,21.28418847158649,21.87777141700922,21.029795780691035,379.0,13841971.0,2.04
2015-12-11,20.351415271636483,22.13216410790468,22.471354362431953,20.351415271636483,792.0,33494758.0,2.01
2015-12-14,19.673034762581935,20.097022580741026,20.60580796253194,19.418642071686477,301.0,8573383.0,2.02
2015-12-15,20.690605526163758,19.842629889845572,21.114593344322852,19.842629889845572,500.0,18224223.0,2.01
2015-12-16,20.775403089795578,21.029795780691035,21.623378726113764,20.690605526163758,643.0,20028563.0,1.99
2015-12-17,21.029795780691035,20.8602006534274,21.199390907954673,20.775403089795578,368.0,10818607.0,2.03
2015-12-18,21.114593344322852,20.775403089795578,21.114593344322852,20.690605526163758,176.0,4488649.0,2.03
2015-12-21,21.28418847158649,20.775403089795578,21.708176289745584,20.60580796253194,572.0,29571125.0,2.03
2015-12-22,21.029795780691035,21.28418847158649,21.538581162481943,20.775403089795578,226.0,4407073.0,2.03
2015-12-23,20.944998217059215,21.199390907954673,21.199390907954673,20.690605526163758,168.0,4333590.0,2.03
2015-12-24,20.52101039890012,21.029795780691035,21.114593344322852,20.52101039890012,270.0,8517701.0,2.03
2015-12-25,20.944998217059215,20.690605526163758,20.944998217059215,20.436212835268304,173.0,3801076.0,2.04
2015-12-28,21.114593344322852,21.199390907954673,21.623378726113764,21.029795780691035,482.0,14177793.0,2.05
2015-12-29,21.368986035218306,21.114593344322852,21.368986035218306,20.775403089795578,184.0,4688858.0,2.05
2015-12-30,21.029795780691035,21.368986035218306,21.368986035218306,20.944998217059215,114.0,2825472.0,2.04
2015-12-31,21.029795780691035,21.199390907954673,21.199390907954673,20.8602006534274,119.0,3051650.0,2.04
2016-01-04,20.8602006534274,20.775403089795578,21.114593344322852,20.436212835268304,169.0,3947927.0,2.03
2016-01-05,20.8602006534274,20.8602006534274,21.199390907954673,20.8602006534274,195.0,5569610.0,2.03
2016-01-06,21.114593344322852,21.199390907954673,21.7929738533774,21.029795780691035,660.0,27909463.0,2.02
2016-01-07,20.60580796253194,21.199390907954673,21.538581162481943,19.757832326213755,366.0,10632076.0,2.02
2016-01-08,21.708176289745584,21.368986035218306,21.708176289745584,21.199390907954673,603.0,17674378.0,2.03
2016-01-11,21.962568980641038,21.708176289745584,22.386556798800132,21.538581162481943,1686.0,84394275.0,2.02
2016-01-12,20.944998217059215,21.962568980641038,21.962568980641038,20.944998217059215,797.0,26679685.0,2.02
2016-01-13,21.114593344322852,21.199390907954673,21.368986035218306,20.436212835268304,388.0,10923257.0,2.01
2016-01-14,20.944998217059215,20.60580796253194,21.114593344322852,20.351415271636483,238.0,6840050.0,2.01
2016-01-15,20.944998217059215,21.199390907954673,21.453783598850126,20.690605526163758,252.0,8453284.0,2.01
2016-01-18,21.114593344322852,20.351415271636483,21.368986035218306,20.351415271636483,278.0,7426755.0,2.04
2016-01-19,21.029795780691035,21.28418847158649,21.28418847158649,20.8602006534274,173.0,5758777.0,2.04
2016-01-20,20.60580796253194,20.944998217059215,21.029795780691035,20.52101039890012,220.0,7055621.0,2.03
2016-01-21,20.690605526163758,20.52101039890012,20.690605526163758,20.351415271636483,185.0,5086180.0,2.03
2016-01-22,20.52101039890012,20.944998217059215,20.944998217059215,20.351415271636483,165.0,4321335.0,2.03
2016-01-25,20.436212835268304,20.52101039890012,20.775403089795578,20.436212835268304,152.0,4056891.0,2.04
2016-01-26,20.52101039890012,20.60580796253194,20.690605526163758,20.351415271636483,121.0,2278802.0,2.03
2016-01-27,20.351415271636483,20.60580796253194,20.690605526163758,20.351415271636483,143.0,5108916.0,2.03
2016-01-28,20.52101039890012,20.351415271636483,20.775403089795578,20.266617708004663,128.0,3916348.0,2.03
2016-01-29,20.690605526163758,20.436212835268304,20.690605526163758,20.436212835268304,176.0,5130287.0,2.01
2016-01-30,20.944998217059215,20.775403089795578,21.029795780691035,20.690605526163758,210.0,7633238.0,2.01
2016-02-01,20.8602006534274,21.029795780691035,21.029795780691035,20.775403089795578,125.0,3091037.0,2.18
2016-02-02,20.8602006534274,21.029795780691035,21.029795780691035,20.60580796253194,112.0,3964686.0,2.19
2016-02-03,20.8602006534274,20.775403089795578,20.944998217059215,20.52101039890012,134.0,4205704.0,2.18
2016-02-15,20.944998217059215,20.8602006534274,20.944998217059215,20.690605526163758,110.0,2997739.0,2.18
2016-02-16,20.944998217059215,20.944998217059215,21.114593344322852,20.944998217059215,170.0,4692560.0,2.18
2016-02-17,21.368986035218306,21.029795780691035,21.708176289745584,21.029795780691035,603.0,26028413.0,2.19
2016-02-18,22.216961671536495,21.538581162481943,22.64094948969559,21.453783598850126,876.0,39126808.0,2.21
2016-02-19,22.13216410790468,22.386556798800132,22.471354362431953,22.13216410790468,370.0,12806951.0,2.25
2016-02-22,22.471354362431953,22.386556798800132,23.234532435118318,22.301759235168316,579.0,22957281.0,2.26
2016-02-23,22.047366544272858,22.55615192606377,22.64094948969559,21.962568980641038,431.0,17557170.0,2.34
2016-02-24,21.708176289745584,22.13216410790468,22.13216410790468,21.538581162481943,278.0,8564049.0,2.4
2016-02-25,21.708176289745584,22.047366544272858,22.13216410790468,21.708176289745584,192.0,6061784.0,2.43
2016-02-26,21.87777141700922,21.7929738533774,22.047366544272858,21.7929738533774,162.0,3889841.0,2.44
2016-03-01,21.87777141700922,21.87777141700922,22.047366544272858,21.7929738533774,233.0,7901359.0,2.47
2016-03-02,21.7929738533774,21.962568980641038,22.216961671536495,21.7929738533774,390.0,17094580.0,2.53
2016-03-03,21.962568980641038,21.87777141700922,22.047366544272858,21.708176289745584,238.0,7062484.0,2.6
2016-03-04,22.047366544272858,22.047366544272858,22.471354362431953,21.962568980641038,513.0,21515171.0,2.62
2016-03-07,21.87777141700922,22.301759235168316,22.301759235168316,21.7929738533774,296.0,9322939.0,2.65
2016-03-08,22.13216410790468,21.87777141700922,22.216961671536495,21.7929738533774,235.0,6900616.0,2.66
2016-03-09,21.7929738533774,22.13216410790468,22.13216410790468,21.7929738533774,194.0,5760029.0,2.66
2016-03-10,22.55615192606377,21.87777141700922,22.980139744222864,21.7929738533774,886.0,33547223.0,2.68
2016-03-11,23.573722689645596,23.234532435118318,24.167305635068324,22.810544616959223,2409.0,94461952.0,2.69
2016-03-14,23.31932999875014,23.82811538054105,23.91291294417287,23.1497348714865,934.0,33988824.0,2.7
2016-03-15,22.55615192606377,23.31932999875014,23.658520253277413,22.301759235168316,770.0,28010407.0,2.69
2016-03-16,22.895342180591044,22.810544616959223,23.06493730785468,22.471354362431953,423.0,14070212.0,2.69
2016-03-17,22.471354362431953,23.234532435118318,23.488925126013775,22.471354362431953,488.0,15870709.0,2.66
2016-03-18,22.301759235168316,22.471354362431953,22.55615192606377,22.13216410790468,387.0,14904170.0,2.65
2016-03-21,22.13216410790468,22.386556798800132,22.471354362431953,22.047366544272858,938.0,9451504.0,2.63
2016-03-22,22.386556798800132,22.386556798800132,23.31932999875014,22.13216410790468,883.0,23981173.0,2.55
2016-03-23,22.386556798800132,22.301759235168316,23.1497348714865,22.216961671536495,626.0,15013245.0,2.55
2016-03-24,21.7929738533774,22.386556798800132,22.386556798800132,21.708176289745584,515.0,15440825.0,2.48
2016-03-25,21.708176289745584,22.047366544272858,22.047366544272858,21.708176289745584,299.0,7898511.0,2.42
2016-03-28,21.708176289745584,21.708176289745584,22.216961671536495,21.538581162481943,713.0,21535616.0,2.34
2016-03-29,20.8602006534274,21.708176289745584,21.708176289745584,20.60580796253194,602.0,20191110.0,2.31
2016-03-30,21.029795780691035,21.029795780691035,21.28418847158649,20.775403089795578,338.0,10612302.0,2.3
2016-03-31,21.28418847158649,21.199390907954673,21.623378726113764,21.029795780691035,673.0,21345896.0,2.37
2016-04-01,21.199390907954673,21.28418847158649,21.453783598850126,21.199390907954673,191.0,5805877.0,2.38
2016-04-06,20.944998217059215,21.368986035218306,21.368986035218306,20.8602006534274,292.0,6123759.0,2.39
2016-04-07,20.8602006534274,21.029795780691035,21.029795780691035,20.690605526163758,178.0,5636312.0,2.39
2016-04-08,20.8602006534274,20.52101039890012,20.8602006534274,20.52101039890012,143.0,3872502.0,2.4
2016-04-11,20.8602006534274,20.944998217059215,21.029795780691035,20.775403089795578,151.0,2068155.0,2.4
2016-04-12,20.775403089795578,20.8602006534274,21.029795780691035,20.690605526163758,179.0,4449691.0,2.38
2016-04-13,20.944998217059215,21.114593344322852,21.114593344322852,20.8602006534274,145.0,3435780.0,2.39
2016-04-14,20.775403089795578,21.029795780691035,21.114593344322852,20.775403089795578,208.0,4565951.0,2.39
2016-04-15,20.775403089795578,20.775403089795578,20.944998217059215,20.690605526163758,149.0,2453978.0,2.38
2016-04-18,20.690605526163758,20.690605526163758,20.944998217059215,20.60580796253194,206.0,2928325.0,2.37
2016-04-19,20.690605526163758,20.690605526163758,20.8602006534274,20.60580796253194,158.0,2544981.0,2.36
2016-04-20,20.52101039890012,20.690605526163758,20.775403089795578,20.52101039890012,171.0,4743890.0,2.37
2016-04-21,20.60580796253194,20.775403089795578,20.775403089795578,20.52101039890012,191.0,5072311.0,2.37
2016-04-22,20.266617708004663,20.60580796253194,20.60580796253194,20.097022580741026,256.0,7436285.0,2.38
2016-04-25,19.757832326213755,19.757832326213755,20.266617708004663,18.994654253527383,607.0,15177478.0,2.41
2016-04-26,20.097022580741026,19.757832326213755,20.351415271636483,19.757832326213755,304.0,5013822.0,2.44
2016-04-27,20.097022580741026,20.266617708004663,20.351415271636483,19.927427453477392,159.0,1881566.0,2.44
2016-04-28,19.673034762581935,20.181820144372846,20.181820144372846,19.588237198950118,96.0,1756595.0,2.44
2016-04-29,19.503439635318298,19.927427453477392,19.927427453477392,19.418642071686477,185.0,4444383.0,2.46
2016-05-03,19.588237198950118,19.757832326213755,19.757832326213755,19.33384450805466,170.0,2827171.0,2.47
2016-05-04,19.503439635318298,19.588237198950118,19.842629889845572,19.503439635318298,119.0,3051845.0,2.49
2016-05-05,19.842629889845572,19.588237198950118,19.842629889845572,19.418642071686477,96.0,2619679.0,2.51
2016-05-06,19.842629889845572,19.927427453477392,19.927427453477392,19.757832326213755,54.0,1564914.0,2.51
2016-05-09,19.503439635318298,20.01222501710921,20.01222501710921,19.418642071686477,87.0,2226462.0,2.51
2016-05-10,19.588237198950118,19.757832326213755,19.757832326213755,19.503439635318298,74.0,1556707.0,2.52
2016-05-11,19.588237198950118,19.927427453477392,19.927427453477392,19.503439635318298,115.0,3283393.0,2.53
2016-05-12,19.418642071686477,19.588237198950118,19.757832326213755,19.418642071686477,52.0,1096079.0,2.53
2016-05-13,19.079451817159203,19.079451817159203,19.418642071686477,18.994654253527383,120.0,3500818.0,2.55
2016-05-16,19.503439635318298,19.33384450805466,19.757832326213755,19.164249380791023,169.0,3891779.0,2.57
2016-05-17,19.588237198950118,19.757832326213755,19.842629889845572,19.503439635318298,122.0,3239261.0,2.58
2016-05-18,19.927427453477392,19.757832326213755,20.097022580741026,19.503439635318298,390.0,11470100.0,2.63
2016-05-19,19.842629889845572,20.01222501710921,20.097022580741026,19.673034762581935,148.0,5196100.0,2.62
2016-05-20,19.757832326213755,19.757832326213755,19.927427453477392,19.673034762581935,99.0,1923607.0,2.63
2016-05-23,20.266617708004663,19.673034762581935,20.52101039890012,19.673034762581935,380.0,10408861.0,2.68
2016-05-24,20.266617708004663,20.351415271636483,20.52101039890012,20.01222501710921,180.0,4598046.0,2.68
2016-05-25,20.436212835268304,20.436212835268304,20.52101039890012,20.097022580741026,228.0,7414810.0,2.69
2016-05-26,20.690605526163758,20.52101039890012,20.775403089795578,20.52101039890012,478.0,15133005.0,2.72
2016-05-27,20.351415271636483,20.690605526163758,20.775403089795578,20.351415271636483,168.0,5738046.0,2.74
2016-05-30,20.436212835268304,20.60580796253194,20.60580796253194,20.266617708004663,113.0,2905180.0,2.74
2016-05-31,20.351415271636483,20.436212835268304,20.60580796253194,20.351415271636483,106.0,3003828.0,2.76
2016-06-01,20.351415271636483,20.52101039890012,20.60580796253194,20.351415271636483,125.0,4608570.0,2.78
2016-06-02,20.351415271636483,20.436212835268304,20.8602006534274,20.351415271636483,280.0,11314914.0,2.77
2016-06-03,20.351415271636483,20.351415271636483,20.351415271636483,20.097022580741026,106.0,2826964.0,2.77
2016-06-04,20.181820144372846,20.436212835268304,20.436212835268304,20.097022580741026,68.0,2000724.0,2.77
2016-06-06,19.842629889845572,20.181820144372846,20.351415271636483,19.842629889845572,136.0,3245624.0,2.77
2016-06-07,20.097022580741026,20.097022580741026,20.181820144372846,19.927427453477392,132.0,2621064.0,2.78
2016-06-08,20.01222501710921,20.097022580741026,20.181820144372846,20.01222501710921,89.0,1901701.0,2.79
2016-06-13,20.097022580741026,20.266617708004663,20.351415271636483,19.927427453477392,173.0,6155228.0,2.77
2016-06-14,20.52101039890012,20.01222501710921,20.52101039890012,20.01222501710921,375.0,12157000.0,2.78
2016-06-15,20.52101039890012,20.436212835268304,20.52101039890012,20.351415271636483,184.0,5020240.0,2.78
2016-06-16,20.181820144372846,20.52101039890012,20.60580796253194,20.181820144372846,130.0,5635484.0,2.79
2016-06-17,20.266617708004663,20.351415271636483,20.436212835268304,20.181820144372846,142.0,3605208.0,2.8
2016-06-20,20.690605526163758,20.436212835268304,20.690605526163758,20.351415271636483,248.0,7720364.0,2.82
2016-06-21,20.690605526163758,20.690605526163758,20.8602006534274,20.690605526163758,202.0,5835127.0,2.83
2016-06-22,21.199390907954673,20.8602006534274,21.708176289745584,20.690605526163758,770.0,24168325.0,2.83
2016-06-23,21.114593344322852,21.368986035218306,21.368986035218306,20.944998217059215,309.0,9114880.0,2.81
2016-06-24,20.436212835268304,21.114593344322852,21.114593344322852,20.181820144372846,369.0,10312604.0,2.78
2016-06-27,20.351415271636483,20.351415271636483,20.52101039890012,20.266617708004663,147.0,3593852.0,2.79
2016-06-28,20.60580796253194,20.351415271636483,20.60580796253194,20.351415271636483,149.0,3386977.0,2.8
2016-06-29,20.690605526163758,20.690605526163758,20.775403089795578,20.52101039890012,137.0,3665415.0,2.8
2016-06-30,21.199390907954673,20.8602006534274,21.199390907954673,20.775403089795578,411.0,16995390.0,2.8
2016-07-01,21.453783598850126,21.538581162481943,21.962568980641038,21.453783598850126,1083.0,44142787.0,2.8
2016-07-04,22.13216410790468,21.7929738533774,22.725747053327407,21.708176289745584,1380.0,47340971.0,2.8
2016-07-05,22.047366544272858,22.301759235168316,22.386556798800132,21.87777141700922,479.0,19405538.0,2.81
2016-07-06,22.047366544272858,22.047366544272858,22.471354362431953,21.962568980641038,622.0,26842152.0,2.81
2016-07-07,22.047366544272858,22.047366544272858,22.301759235168316,21.87777141700922,274.0,9701999.0,2.82
2016-07-11,20.351415271636483,20.181820144372846,20.690605526163758,20.01222501710921,1044.0,37814250.0,2.77
2016-07-12,20.266617708004663,20.351415271636483,20.690605526163758,20.181820144372846,330.0,13118072.0,2.78
2016-07-13,20.351415271636483,20.181820144372846,20.52101039890012,20.181820144372846,186.0,5672788.0,2.77
2016-07-14,20.775403089795578,21.368986035218306,21.368986035218306,20.60580796253194,523.0,18213722.0,2.77
2016-07-15,20.60580796253194,20.944998217059215,20.944998217059215,20.60580796253194,219.0,5882450.0,2.77
2016-07-18,20.690605526163758,20.690605526163758,20.775403089795578,20.60580796253194,184.0,5865487.0,2.78
2016-07-19,20.690605526163758,20.944998217059215,20.944998217059215,20.690605526163758,156.0,5677898.0,2.78
2016-07-20,20.690605526163758,20.690605526163758,20.775403089795578,20.60580796253194,155.0,4321802.0,2.77
2016-07-21,20.8602006534274,20.8602006534274,20.8602006534274,20.690605526163758,185.0,6133572.0,2.61
2016-07-22,20.690605526163758,20.8602006534274,20.944998217059215,20.52101039890012,252.0,10456077.0,2.62
2016-07-25,20.690605526163758,20.775403089795578,20.8602006534274,20.52101039890012,186.0,6942744.0,2.63
2016-07-26,20.775403089795578,20.775403089795578,20.8602006534274,20.60580796253194,374.0,14186148.0,2.68
2016-07-27,20.775403089795578,20.95221503098533,20.95221503098533,20.775403089795578,285.0,8478990.0,2.67
2016-07-28,20.686997119200704,20.863809060390455,21.129026972175076,20.686997119200704,349.0,19878892.0,2.68
2016-07-29,20.686997119200704,20.59859114860583,20.775403089795578,20.59859114860583,113.0,3389487.0,2.67
2016-08-01,20.59859114860583,20.775403089795578,20.863809060390455,20.59859114860583,120.0,3717292.0,2.67
2016-08-02,20.686997119200704,20.686997119200704,20.775403089795578,20.59859114860583,116.0,3095974.0,2.69
2016-08-03,21.129026972175076,20.59859114860583,21.30583891336483,20.59859114860583,610.0,34476009.0,2.67
2016-08-04,20.863809060390455,21.129026972175076,21.129026972175076,20.775403089795578,277.0,7270772.0,2.68
2016-08-05,21.217432942769953,20.95221503098533,21.217432942769953,20.686997119200704,559.0,17675884.0,2.66
2016-08-08,21.040621001580206,21.040621001580206,21.129026972175076,20.863809060390455,211.0,7151454.0,2.66
2016-08-09,20.775403089795578,20.863809060390455,21.040621001580206,20.686997119200704,171.0,5416502.0,2.66
2016-08-10,20.686997119200704,20.775403089795578,20.863809060390455,20.59859114860583,143.0,4341231.0,2.65
2016-08-11,20.42177920741608,20.686997119200704,20.686997119200704,20.42177920741608,190.0,6116360.0,2.61
2016-08-12,20.42177920741608,20.42177920741608,20.510185178010953,20.333373236821206,132.0,3952197.0,2.6
2016-08-15,20.42177920741608,20.59859114860583,20.59859114860583,20.42177920741608,207.0,5337013.0,2.6
2016-08-16,21.040621001580206,20.59859114860583,21.217432942769953,20.59859114860583,639.0,24502297.0,2.62
2016-08-17,20.95221503098533,21.217432942769953,21.217432942769953,20.863809060390455,190.0,8453646.0,2.62
2016-08-18,20.95221503098533,21.040621001580206,21.129026972175076,20.863809060390455,110.0,3462814.0,2.62
2016-08-19,20.863809060390455,21.129026972175076,21.129026972175076,20.775403089795578,98.0,2879772.0,2.63
2016-08-22,20.775403089795578,20.95221503098533,20.95221503098533,20.775403089795578,110.0,2424157.0,2.62
2016-08-23,20.863809060390455,20.95221503098533,20.95221503098533,20.775403089795578,95.0,2856349.0,2.63
2016-08-24,21.65946279574433,20.95221503098533,21.836274736934076,20.775403089795578,990.0,37825591.0,2.65
2016-08-25,21.57105682514945,21.65946279574433,21.747868766339202,21.3942448839597,389.0,12300658.0,2.67
2016-08-26,21.3942448839597,21.3942448839597,21.57105682514945,21.3942448839597,225.0,6339690.0,2.68
2016-08-29,21.3942448839597,21.3942448839597,21.57105682514945,21.30583891336483,242.0,5553715.0,2.69
2016-08-30,21.65946279574433,21.482650854554578,22.1014926487187,21.3942448839597,728.0,25713672.0,2.69
2016-08-31,21.57105682514945,21.65946279574433,21.65946279574433,21.3942448839597,256.0,6138585.0,2.69
2016-09-01,21.57105682514945,21.57105682514945,21.836274736934076,21.3942448839597,172.0,6499901.0,2.69
2016-09-02,21.129026972175076,21.57105682514945,21.57105682514945,21.129026972175076,217.0,8575149.0,2.68
2016-09-05,21.129026972175076,21.3942448839597,21.3942448839597,21.040621001580206,152.0,4873240.0,2.67
2016-09-06,21.217432942769953,21.040621001580206,21.30583891336483,21.040621001580206,174.0,5118964.0,2.68
2016-09-07,21.30583891336483,21.217432942769953,21.3942448839597,21.129026972175076,156.0,5074036.0,2.7
2016-09-08,21.3942448839597,21.3942448839597,21.3942448839597,21.217432942769953,154.0,5384554.0,2.72
2016-09-09,21.30583891336483,21.30583891336483,21.3942448839597,21.129026972175076,114.0,4375432.0,2.73
2016-09-10,21.129026972175076,21.217432942769953,21.217432942769953,20.95221503098533,120.0,5424039.0,2.73
2016-09-12,21.217432942769953,21.129026972175076,21.217432942769953,21.040621001580206,105.0,4520669.0,2.73
2016-09-13,20.95221503098533,21.217432942769953,21.30583891336483,20.863809060390455,161.0,5980930.0,2.69
2016-09-14,20.95221503098533,20.863809060390455,21.040621001580206,20.775403089795578,108.0,3290144.0,2.68
2016-09-19,21.040621001580206,21.217432942769953,21.217432942769953,21.040621001580206,71.0,2129422.0,2.69
2016-09-20,21.040621001580206,21.129026972175076,21.129026972175076,20.863809060390455,103.0,3450445.0,2.69
2016-09-21,21.129026972175076,21.3942448839597,21.3942448839597,21.040621001580206,124.0,3593437.0,2.7
2016-09-22,20.95221503098533,21.129026972175076,21.217432942769953,20.95221503098533,140.0,5404203.0,2.71
2016-09-23,21.040621001580206,21.040621001580206,21.129026972175076,20.95221503098533,134.0,4990260.0,2.72
2016-09-26,21.129026972175076,21.217432942769953,21.217432942769953,21.040621001580206,119.0,3149810.0,2.72
2016-09-29,21.040621001580206,21.217432942769953,21.217432942769953,20.95221503098533,109.0,3393172.0,2.72
2016-09-30,20.95221503098533,21.040621001580206,21.129026972175076,20.863809060390455,95.0,3048267.0,2.72
2016-10-03,20.95221503098533,21.040621001580206,21.040621001580206,20.863809060390455,88.0,3432874.0,2.72
2016-10-04,21.040621001580206,21.040621001580206,21.129026972175076,20.95221503098533,123.0,3604168.0,2.73
2016-10-05,21.217432942769953,21.129026972175076,21.217432942769953,21.040621001580206,97.0,3288523.0,2.74
2016-10-06,21.3942448839597,21.30583891336483,21.482650854554578,21.217432942769953,249.0,8430809.0,2.75
2016-10-07,21.3942448839597,21.482650854554578,21.57105682514945,21.3942448839597,237.0,8656046.0,2.75
2016-10-11,20.863809060390455,21.217432942769953,21.217432942769953,20.510185178010953,265.0,8772134.0,2.74
2016-10-12,20.775403089795578,20.863809060390455,20.95221503098533,20.686997119200704,109.0,3398676.0,2.73
2016-10-13,20.775403089795578,20.863809060390455,21.040621001580206,20.686997119200704,67.0,2168900.0,2.73
2016-10-14,20.59859114860583,20.775403089795578,20.863809060390455,20.510185178010953,129.0,4548502.0,2.71
2016-10-17,20.686997119200704,20.59859114860583,20.686997119200704,20.42177920741608,133.0,4596358.0,2.71
2016-10-18,20.686997119200704,20.686997119200704,20.686997119200704,20.510185178010953,79.0,2330165.0,2.71
2016-10-19,20.686997119200704,20.775403089795578,20.775403089795578,20.59859114860583,84.0,2153874.0,2.71
2016-10-20,20.686997119200704,20.775403089795578,20.775403089795578,20.59859114860583,85.0,2103544.0,2.71
2016-10-21,20.775403089795578,20.775403089795578,20.775403089795578,20.59859114860583,83.0,2653986.0,2.72
2016-10-24,20.686997119200704,20.686997119200704,20.686997119200704,20.59859114860583,43.0,1073993.0,2.72
2016-10-25,20.775403089795578,20.686997119200704,20.775403089795578,20.59859114860583,80.0,2129953.0,2.73
2016-10-26,20.686997119200704,20.686997119200704,20.775403089795578,20.510185178010953,96.0,3691215.0,2.73
2016-10-27,20.775403089795578,20.775403089795578,20.775403089795578,20.510185178010953,70.0,2455735.0,2.73
2016-10-28,20.775403089795578,20.686997119200704,20.775403089795578,20.686997119200704,65.0,1948275.0,2.73
2016-10-31,20.686997119200704,20.775403089795578,20.775403089795578,20.42177920741608,83.0,2794469.0,2.68
2016-11-01,20.686997119200704,20.775403089795578,20.775403089795578,20.510185178010953,40.0,783441.0,2.68
2016-11-02,20.333373236821206,20.59859114860583,20.59859114860583,20.06815532503658,140.0,6498589.0,2.68
2016-11-03,20.333373236821206,20.156561295631455,20.333373236821206,19.979749354441708,70.0,2268850.0,2.68
2016-11-04,20.24496726622633,20.24496726622633,20.24496726622633,20.06815532503658,65.0,1996192.0,2.68
2016-11-07,20.156561295631455,20.06815532503658,20.24496726622633,19.979749354441708,94.0,3976397.0,2.68
2016-11-08,20.24496726622633,20.24496726622633,20.24496726622633,19.979749354441708,56.0,1629522.0,2.68
2016-11-09,19.714531442657083,20.156561295631455,20.156561295631455,19.272501589682708,132.0,5366038.0,2.68
2016-11-10,19.979749354441708,19.89134338384683,19.979749354441708,19.802937413251954,61.0,2185500.0,2.68
2016-11-11,19.626125472062206,20.156561295631455,20.156561295631455,19.537719501467333,104.0,4046785.0,2.68
2016-11-14,17.946412030759586,18.653659795518585,18.74206576611346,17.663512924855986,569.0,23209028.0,2.68
2016-11-15,17.85800606016471,17.946412030759586,18.03481800135446,17.85800606016471,138.0,3740459.0,2.68
2016-11-16,18.918877707303206,17.85800606016471,19.007283677898084,17.76960008956984,401.0,15121166.0,2.68
2016-11-17,18.74206576611346,18.918877707303206,18.918877707303206,18.56525382492371,120.0,3533526.0,2.68
2016-11-18,19.09568964849296,18.74206576611346,19.09568964849296,18.74206576611346,120.0,4403919.0,2.68
2016-11-21,19.007283677898084,19.09568964849296,19.09568964849296,18.74206576611346,90.0,4177486.0,2.67
2016-11-22,19.09568964849296,19.09568964849296,19.09568964849296,18.830471736708333,99.0,3612285.0,2.67
2016-11-23,18.918877707303206,19.09568964849296,19.09568964849296,18.74206576611346,83.0,2949952.0,2.67
2016-11-24,18.918877707303206,19.007283677898084,19.007283677898084,18.830471736708333,43.0,936140.0,2.67
2016-11-25,18.918877707303206,18.918877707303206,18.918877707303206,18.830471736708333,78.0,1928544.0,2.67
2016-11-28,18.918877707303206,19.007283677898084,19.007283677898084,18.74206576611346,54.0,1240516.0,2.67
2016-11-29,18.918877707303206,18.830471736708333,18.918877707303206,18.653659795518585,96.0,2591203.0,2.67
2016-11-30,18.74206576611346,18.918877707303206,18.918877707303206,18.74206576611346,75.0,1718656.0,2.68
2016-12-01,18.74206576611346,18.918877707303206,18.918877707303206,18.653659795518585,64.0,1951068.0,2.68
2016-12-02,18.74206576611346,18.653659795518585,18.830471736708333,18.56525382492371,74.0,2496634.0,2.69
2016-12-05,18.653659795518585,18.56525382492371,18.74206576611346,18.476847854328835,80.0,1817178.0,2.69
2016-12-06,18.653659795518585,18.653659795518585,18.74206576611346,18.476847854328835,121.0,3176895.0,2.7
2016-12-07,18.653659795518585,18.653659795518585,18.653659795518585,18.476847854328835,98.0,2548400.0,2.71
2016-12-08,18.74206576611346,18.74206576611346,19.09568964849296,18.56525382492371,336.0,9457107.0,2.72
2016-12-09,18.74206576611346,19.09568964849296,19.09568964849296,18.74206576611346,125.0,3061799.0,2.72
2016-12-12,18.74206576611346,18.74206576611346,18.918877707303206,18.476847854328835,78.0,1688126.0,2.72
2016-12-13,18.74206576611346,18.56525382492371,18.74206576611346,18.476847854328835,70.0,2769083.0,2.73
2016-12-14,18.918877707303206,18.74206576611346,19.272501589682708,18.653659795518585,533.0,16316740.0,2.73
2016-12-15,18.918877707303206,18.918877707303206,18.918877707303206,18.653659795518585,92.0,2153271.0,2.72
2016-12-16,18.918877707303206,19.007283677898084,19.007283677898084,18.74206576611346,87.0,2088800.0,2.72
2016-12-19,19.09568964849296,19.09568964849296,19.36090756027758,19.007283677898084,212.0,6465552.0,2.71
2016-12-20,19.18409561908783,19.36090756027758,19.36090756027758,19.007283677898084,73.0,1929281.0,2.71
2016-12-21,19.272501589682708,19.36090756027758,19.36090756027758,19.007283677898084,56.0,1152203.0,2.71
2016-12-22,18.830471736708333,19.09568964849296,19.09568964849296,18.74206576611346,120.0,2763229.0,2.72
2016-12-23,18.830471736708333,18.830471736708333,19.09568964849296,18.830471736708333,36.0,845740.0,2.72
2016-12-26,18.918877707303206,18.918877707303206,18.918877707303206,18.653659795518585,77.0,1361239.0,2.72
2016-12-27,18.74206576611346,18.918877707303206,18.918877707303206,18.56525382492371,79.0,2398860.0,2.72
2016-12-28,18.918877707303206,18.918877707303206,18.918877707303206,18.653659795518585,76.0,1628137.0,2.72
2016-12-29,18.653659795518585,18.74206576611346,18.918877707303206,18.653659795518585,59.0,2228194.0,2.73
2016-12-30,18.74206576611346,18.830471736708333,19.007283677898084,18.653659795518585,185.0,7046134.0,2.74
2017-01-03,18.74206576611346,18.74206576611346,18.830471736708333,18.56525382492371,115.0,3780820.0,2.74
2017-01-04,18.74206576611346,18.653659795518585,18.830471736708333,18.56525382492371,197.0,6502841.0,2.76
2017-01-05,18.74206576611346,18.830471736708333,18.918877707303206,18.74206576611346,194.0,8360097.0,2.77
2017-01-06,19.272501589682708,18.918877707303206,19.537719501467333,18.830471736708333,826.0,34501144.0,2.79
2017-01-09,19.272501589682708,19.537719501467333,19.537719501467333,19.18409561908783,213.0,5835489.0,2.79
2017-01-10,19.09568964849296,19.36090756027758,19.36090756027758,19.007283677898084,174.0,5167149.0,2.79
2017-01-11,19.007283677898084,19.007283677898084,19.09568964849296,18.918877707303206,116.0,2827109.0,2.79
2017-01-12,18.918877707303206,19.007283677898084,19.09568964849296,18.918877707303206,109.0,2961384.0,2.79
2017-01-13,18.74206576611346,18.918877707303206,18.918877707303206,18.56525382492371,138.0,4239296.0,2.79
2017-01-16,18.653659795518585,18.74206576611346,18.74206576611346,18.476847854328835,156.0,3191527.0,2.76
2017-01-17,18.653659795518585,18.653659795518585,18.918877707303206,18.56525382492371,208.0,8768394.0,2.75
2017-01-18,18.74206576611346,18.653659795518585,18.74206576611346,18.653659795518585,96.0,2343415.0,2.75
2017-01-19,18.653659795518585,18.74206576611346,18.918877707303206,18.653659795518585,137.0,3416012.0,2.78
2017-01-20,18.74206576611346,18.74206576611346,18.830471736708333,18.653659795518585,89.0,2429611.0,2.77
2017-01-23,18.74206576611346,18.830471736708333,18.830471736708333,18.653659795518585,70.0,1007107.0,2.78
2017-01-24,18.830471736708333,18.74206576611346,18.830471736708333,18.653659795518585,101.0,2869662.0,2.78
2017-02-02,18.74206576611346,18.830471736708333,18.918877707303206,18.56525382492371,132.0,3201402.0,2.78
2017-02-03,18.918877707303206,18.56525382492371,19.18409561908783,18.56525382492371,291.0,14684512.0,2.8
2017-02-06,18.830471736708333,18.918877707303206,19.007283677898084,18.74206576611346,209.0,6274171.0,2.81
2017-02-07,19.272501589682708,18.830471736708333,19.36090756027758,18.830471736708333,387.0,14070644.0,2.82
2017-02-08,19.007283677898084,19.272501589682708,19.36090756027758,18.918877707303206,220.0,6596558.0,2.81
2017-02-09,18.918877707303206,19.007283677898084,19.18409561908783,18.830471736708333,191.0,5031403.0,2.84
2017-02-10,18.830471736708333,18.830471736708333,19.007283677898084,18.74206576611346,203.0,7872774.0,2.84
2017-02-13,18.830471736708333,18.74206576611346,19.007283677898084,18.74206576611346,158.0,3559174.0,2.87
2017-02-14,18.830471736708333,18.918877707303206,19.007283677898084,18.830471736708333,169.0,3928137.0,2.88
2017-02-15,19.18409561908783,19.007283677898084,19.272501589682708,18.830471736708333,214.0,7245105.0,2.89
2017-02-16,18.918877707303206,19.272501589682708,19.272501589682708,18.918877707303206,225.0,7911088.0,2.89
2017-02-17,19.09568964849296,19.007283677898084,19.18409561908783,18.918877707303206,159.0,4590952.0,2.9
2017-02-18,19.09568964849296,19.09568964849296,19.09568964849296,18.830471736708333,175.0,4399101.0,2.9
2017-02-20,19.18409561908783,19.18409561908783,19.36090756027758,19.18409561908783,330.0,10378131.0,2.93
2017-02-21,19.09568964849296,19.272501589682708,19.36090756027758,19.007283677898084,171.0,4397776.0,2.93
2017-02-22,19.537719501467333,19.272501589682708,19.802937413251954,19.09568964849296,692.0,34245343.0,2.96
2017-02-23,19.18409561908783,19.714531442657083,19.714531442657083,19.18409561908783,302.0,10043244.0,2.97
2017-02-24,19.36090756027758,19.36090756027758,19.44931353087246,19.18409561908783,158.0,3834627.0,2.97
2017-03-01,19.36090756027758,19.44931353087246,19.537719501467333,19.272501589682708,175.0,3813737.0,3.02
2017-03-02,19.272501589682708,19.44931353087246,19.44931353087246,19.18409561908783,140.0,3812416.0,3.02
2017-03-03,19.007283677898084,19.36090756027758,19.36090756027758,19.007283677898084,188.0,6101783.0,3.03
2017-03-06,19.537719501467333,19.09568964849296,19.802937413251954,19.09568964849296,501.0,12835018.0,3.04
2017-03-07,19.44931353087246,19.802937413251954,19.802937413251954,19.44931353087246,265.0,7018007.0,3.05
2017-03-08,19.272501589682708,19.44931353087246,19.626125472062206,19.272501589682708,203.0,3576058.0,3.05
2017-03-09,19.272501589682708,19.272501589682708,19.44931353087246,19.09568964849296,200.0,4423353.0,3.05
2017-03-10,18.918877707303206,19.272501589682708,19.272501589682708,18.918877707303206,284.0,7200298.0,3.01
2017-03-13,18.830471736708333,18.74206576611346,18.918877707303206,18.74206576611346,316.0,6953471.0,3.03
2017-03-14,18.918877707303206,18.918877707303206,19.09568964849296,18.74206576611346,195.0,4429194.0,3.02
2017-03-15,19.09568964849296,18.918877707303206,19.09568964849296,18.918877707303206,114.0,2323154.0,3.04
2017-03-16,19.007283677898084,18.918877707303206,19.18409561908783,18.918877707303206,198.0,3629341.0,3.04
2017-03-17,18.918877707303206,19.09568964849296,19.09568964849296,18.74206576611346,216.0,4699375.0,3.04
2017-03-20,19.09568964849296,19.007283677898084,19.272501589682708,18.830471736708333,436.0,19614806.0,3.05
2017-03-21,19.007283677898084,19.09568964849296,19.272501589682708,18.918877707303206,146.0,3720962.0,3.04
2017-03-22,18.918877707303206,18.918877707303206,19.007283677898084,18.74206576611346,151.0,2819585.0,3.05
2017-03-23,19.007283677898084,18.830471736708333,19.007283677898084,18.830471736708333,170.0,4394336.0,3.05
2017-03-24,18.918877707303206,19.007283677898084,19.007283677898084,18.830471736708333,99.0,2399560.0,3.05
2017-03-27,18.918877707303206,18.918877707303206,19.272501589682708,18.918877707303206,398.0,4543927.0,3.04
2017-03-28,18.918877707303206,18.918877707303206,19.09568964849296,18.830471736708333,280.0,4009069.0,3.01
2017-03-29,19.007283677898084,18.918877707303206,19.007283677898084,18.830471736708333,194.0,1741814.0,3.01
2017-03-30,19.09568964849296,19.007283677898084,19.09568964849296,18.830471736708333,205.0,3964651.0,3.01
2017-03-31,19.007283677898084,19.09568964849296,19.09568964849296,18.918877707303206,192.0,2631151.0,3.03
2017-04-05,19.007283677898084,18.918877707303206,19.007283677898084,18.830471736708333,264.0,3240643.0,3.04
2017-04-06,19.007283677898084,19.007283677898084,19.007283677898084,18.830471736708333,176.0,1599296.0,3.05
2017-04-07,18.918877707303206,19.007283677898084,19.007283677898084,18.74206576611346,191.0,3031527.0,3.05
2017-04-10,18.74206576611346,18.918877707303206,18.918877707303206,18.653659795518585,295.0,6115560.0,3.06
2017-04-11,18.38844188373396,18.830471736708333,18.830471736708333,18.300035913139084,274.0,7328185.0,3.05
2017-04-12,17.946412030759586,18.38844188373396,18.38844188373396,17.946412030759586,280.0,7988954.0,3.04
2017-04-13,18.300035913139084,18.03481800135446,18.300035913139084,18.03481800135446,245.0,5136890.0,3.04
2017-04-14,18.03481800135446,18.21162994254421,18.21162994254421,18.03481800135446,181.0,3870398.0,3.02
2017-04-17,17.85800606016471,18.21162994254421,18.21162994254421,17.68119411897496,249.0,5266930.0,3.01
2017-04-18,17.946412030759586,17.946412030759586,18.03481800135446,17.85800606016471,148.0,2437264.0,3.02
2017-04-19,17.85800606016471,17.946412030759586,17.946412030759586,17.68119411897496,171.0,2849019.0,3.02
2017-04-20,17.85800606016471,17.85800606016471,17.85800606016471,17.76960008956984,120.0,961503.0,3.02
2017-04-21,17.76960008956984,17.85800606016471,18.03481800135446,17.76960008956984,173.0,1557543.0,3.01
2017-04-24,17.68119411897496,17.946412030759586,17.946412030759586,17.68119411897496,176.0,2707670.0,3.01
2017-04-25,17.76960008956984,17.68119411897496,17.85800606016471,17.68119411897496,156.0,1031365.0,3.01
2017-04-26,17.76960008956984,17.85800606016471,17.946412030759586,17.68119411897496,147.0,1381280.0,3.01
2017-04-27,18.03481800135446,17.85800606016471,18.03481800135446,17.85800606016471,179.0,4433748.0,3.01
2017-04-28,17.85800606016471,18.03481800135446,18.123223971949336,17.76960008956984,103.0,2971843.0,3.01
2017-05-02,17.85800606016471,18.03481800135446,18.03481800135446,17.76960008956984,61.0,1697220.0,3.01
2017-05-03,17.85800606016471,17.85800606016471,17.946412030759586,17.76960008956984,70.0,1483404.0,3.01
2017-05-04,18.03481800135446,17.946412030759586,18.300035913139084,17.85800606016471,291.0,13824939.0,3.01
2017-05-05,17.946412030759586,18.03481800135446,18.03481800135446,17.85800606016471,69.0,1484666.0,3.01
2017-05-08,17.85800606016471,18.03481800135446,18.03481800135446,17.76960008956984,101.0,2093320.0,3.0
2017-05-09,17.68119411897496,17.76960008956984,17.76960008956984,17.628150536618037,192.0,5455511.0,2.98
2017-05-10,17.64583173073701,17.68119411897496,17.85800606016471,17.64583173073701,195.0,8859072.0,2.92
2017-05-11,17.345251430714438,17.64583173073701,17.64583173073701,17.239164266000586,233.0,7535850.0,2.9
2017-05-12,17.203801877762636,17.327570236595463,17.327570236595463,17.080033518929813,188.0,5424515.0,2.88
2017-05-15,16.81481560714519,17.203801877762636,17.22148307188161,16.761772024788264,234.0,7675080.0,2.85
2017-05-16,16.956265160096986,16.81481560714519,16.991627548334936,16.81481560714519,96.0,1901591.0,2.84
2017-05-17,16.655684860074413,16.797134413026214,16.956265160096986,16.584960083598514,179.0,6771264.0,2.85
2017-05-18,16.549597695360564,16.620322471836463,16.620322471836463,16.53191650124159,63.0,1712837.0,2.84
2017-05-19,16.60264127771749,16.549597695360564,16.620322471836463,16.549597695360564,81.0,1708826.0,2.84
2017-05-22,16.867859189502113,16.761772024788264,16.885540383621088,16.708728442431337,120.0,3308814.0,2.85
2017-05-23,16.97394635421596,16.797134413026214,16.991627548334936,16.797134413026214,89.0,2925158.0,2.8
2017-05-24,17.044671130691864,16.93858396597801,17.097714713048788,16.885540383621088,84.0,2075826.0,2.8
2017-05-25,17.29220784835751,17.00930874245391,17.362932624833412,17.00930874245391,190.0,5112121.0,2.81
2017-05-26,17.150758295405712,17.097714713048788,17.362932624833412,17.097714713048788,81.0,2272929.0,2.79
2017-05-31,16.991627548334936,17.150758295405712,17.150758295405712,16.920902771859037,72.0,1857898.0,2.78
2017-06-01,17.02698993657289,16.991627548334936,17.06235232481084,16.97394635421596,66.0,1324254.0,2.78
2017-06-02,17.22148307188161,17.02698993657289,17.327570236595463,17.02698993657289,86.0,2823459.0,2.76
2017-06-03,17.25684546011956,17.362932624833412,17.415976207190337,17.16843948952469,102.0,2395474.0,2.76
2017-06-05,17.53974456602316,17.309889042476485,17.663512924855986,17.309889042476485,112.0,2664777.0,2.76
2017-06-06,17.504382177785214,17.592788148380084,17.592788148380084,17.43365740130931,82.0,2543016.0,2.74
2017-06-07,17.345251430714438,17.592788148380084,17.592788148380084,17.345251430714438,89.0,2552709.0,2.73
2017-06-08,17.16843948952469,17.48670098366624,17.48670098366624,17.16843948952469,94.0,2022771.0,2.71
2017-06-09,16.991627548334936,17.16843948952469,17.327570236595463,16.77945321890724,140.0,3280181.0,2.7
2017-06-12,16.920902771859037,16.81481560714519,16.920902771859037,16.81481560714519,49.0,1139378.0,2.69
2017-06-13,16.97394635421596,16.903221577740062,17.00930874245391,16.885540383621088,72.0,1884641.0,2.67
2017-06-14,16.920902771859037,16.97394635421596,17.097714713048788,16.832496801264163,84.0,1602842.0,2.67
2017-06-15,16.920902771859037,16.920902771859037,17.00930874245391,16.850177995383138,52.0,1051804.0,2.66
2017-06-16,17.309889042476485,16.920902771859037,17.309889042476485,16.920902771859037,66.0,1967203.0,2.66
2017-06-19,17.203801877762636,17.309889042476485,17.327570236595463,17.150758295405712,72.0,1618759.0,2.67
2017-06-20,17.133077101286737,17.327570236595463,17.327570236595463,17.06235232481084,53.0,1193624.0,2.67
2017-06-21,17.097714713048788,16.991627548334936,17.133077101286737,16.991627548334936,52.0,1167818.0,2.67
2017-06-22,17.133077101286737,17.097714713048788,17.150758295405712,17.080033518929813,60.0,2331727.0,2.67
2017-06-23,17.097714713048788,17.18612068364366,17.25684546011956,17.097714713048788,54.0,1111046.0,2.67
2017-06-26,17.06235232481084,17.097714713048788,17.22148307188161,17.044671130691864,71.0,1586425.0,2.67
2017-06-27,17.133077101286737,16.991627548334936,17.203801877762636,16.991627548334936,57.0,1358983.0,2.66
2017-06-28,17.097714713048788,17.080033518929813,17.150758295405712,16.991627548334936,63.0,1953343.0,2.66
2017-06-29,17.06235232481084,17.097714713048788,17.150758295405712,17.00930874245391,83.0,2569687.0,2.65
2017-06-30,17.06235232481084,17.22148307188161,17.22148307188161,17.02698993657289,73.0,2025636.0,2.65
2017-07-03,17.02698993657289,17.06235232481084,17.06235232481084,17.02698993657289,41.0,913691.0,2.64
2017-07-04,17.00930874245391,16.991627548334936,17.06235232481084,16.93858396597801,69.0,2616899.0,2.63
2017-07-05,17.02698993657289,16.97394635421596,17.02698993657289,16.97394635421596,55.0,1651397.0,2.63
2017-07-06,17.02698993657289,17.06235232481084,17.06235232481084,16.885540383621088,83.0,2701255.0,2.63
2017-07-07,17.02698993657289,17.02698993657289,17.02698993657289,16.93858396597801,43.0,1168812.0,2.62
2017-07-10,17.469019789547264,17.16843948952469,17.469019789547264,17.080033518929813,148.0,3964070.0,2.62
2017-07-11,17.415976207190337,17.663512924855986,17.68119411897496,17.415976207190337,169.0,4627430.0,2.6
2017-07-12,17.592788148380084,17.415976207190337,17.592788148380084,17.415976207190337,104.0,2403578.0,2.59
2017-07-13,17.64583173073701,17.663512924855986,17.68119411897496,17.557425760142134,129.0,4140711.0,2.58
2017-07-14,17.85800606016471,17.64583173073701,17.85800606016471,17.64583173073701,157.0,5256470.0,2.58
2017-07-17,17.68119411897496,17.946412030759586,17.946412030759586,17.64583173073701,87.0,2223870.0,2.56
2017-07-18,17.68119411897496,17.76960008956984,17.76960008956984,17.628150536618037,53.0,1561397.0,2.54
2017-07-19,17.628150536618037,17.76960008956984,17.76960008956984,17.628150536618037,66.0,1789645.0,2.53
2017-07-20,17.64583173073701,17.68119411897496,17.68119411897496,17.610469342499062,72.0,1995061.0,2.5
2017-07-21,17.663512924855986,17.76960008956984,17.76960008956984,17.53974456602316,83.0,2673511.0,2.48
2017-07-24,17.663512924855986,17.663512924855986,17.68119411897496,17.610469342499062,68.0,3379155.0,2.48
2017-07-25,17.68119411897496,17.76960008956984,17.76960008956984,17.610469342499062,82.0,2429579.0,2.48
2017-07-26,17.628150536618037,17.68119411897496,17.76960008956984,17.628150536618037,190.0,6003585.0,2.5
2017-07-27,17.79568311827544,17.870142043456507,17.963215699932846,17.79568311827544,180.0,3910096.0,2.5
2017-07-28,17.758453655684903,17.79568311827544,17.907371506047042,17.758453655684903,74.0,1546298.0,2.5
2017-07-31,18.03767462511391,18.33551032583819,18.354125057133455,17.85152731216124,113.0,2662822.0,2.5
2017-08-01,17.832912580865976,18.019059893818646,18.019059893818646,17.702609461799103,86.0,1777518.0,2.49
2017-08-02,17.832912580865976,17.870142043456507,17.907371506047042,17.79568311827544,70.0,1668646.0,2.49
2017-08-03,17.814297849570707,17.92598623734231,17.92598623734231,17.79568311827544,36.0,688681.0,2.49
2017-08-04,17.814297849570707,17.85152731216124,17.85152731216124,17.79568311827544,44.0,930091.0,2.49
2017-08-07,17.98183043122811,17.85152731216124,18.205207206771316,17.777068386980176,179.0,8208545.0,2.49
2017-08-08,17.98183043122811,17.98183043122811,18.03767462511391,17.963215699932846,52.0,1256619.0,2.49
2017-08-09,17.907371506047042,18.05628935640918,18.05628935640918,17.907371506047042,49.0,1122146.0,2.49
2017-08-10,17.777068386980176,17.92598623734231,18.03767462511391,17.777068386980176,80.0,2382508.0,2.49
2017-08-11,17.702609461799103,17.777068386980176,17.85152731216124,17.683994730503837,54.0,1544553.0,2.49
2017-08-14,17.311700104598494,17.683994730503837,17.702609461799103,17.311700104598494,108.0,2895030.0,2.48
2017-08-15,17.162782254236358,17.497847417551167,17.497847417551167,17.12555279164582,110.0,2566614.0,2.48
2017-08-16,17.330314835893763,17.20001171682689,17.40477376107483,17.06970859776002,97.0,2851935.0,2.48
2017-08-17,17.553691611436967,17.367544298484294,17.5909210740275,17.367544298484294,93.0,2165445.0,2.49
2017-08-18,17.628150536618037,17.628150536618037,17.628150536618037,17.442003223665363,64.0,1551747.0,2.49
2017-08-21,17.888756774751776,17.628150536618037,18.391354519723993,17.628150536618037,185.0,5560681.0,2.49
2017-08-22,17.907371506047042,18.112133550294985,18.112133550294985,17.870142043456507,59.0,1589045.0,2.49
2017-08-23,17.870142043456507,17.907371506047042,18.019059893818646,17.721224193094372,96.0,2581928.0,2.5
2017-08-24,17.814297849570707,17.777068386980176,17.870142043456507,17.758453655684903,67.0,1281063.0,2.51
2017-08-25,17.907371506047042,17.94460096863758,17.94460096863758,17.777068386980176,101.0,3245608.0,2.53
2017-08-28,18.167977744180785,17.963215699932846,18.26105140065712,17.963215699932846,145.0,4116023.0,2.54
2017-08-29,18.05628935640918,18.18659247547605,18.27966613195239,17.963215699932846,101.0,3306002.0,2.55
2017-08-30,18.31689559454292,18.05628935640918,18.354125057133455,17.963215699932846,174.0,5750647.0,2.56
2017-08-31,18.428583982314525,18.40996925101926,18.428583982314525,18.298280863247655,177.0,6040917.0,2.58
2017-09-01,18.80087860821987,18.484428176200325,19.173173234125215,18.428583982314525,336.0,9854260.0,2.59
2017-09-04,18.707804951743533,18.80087860821987,18.98702592117254,18.447198713609794,105.0,2712865.0,2.59
2017-09-05,20.569278081270255,18.614731295267198,20.569278081270255,18.614731295267198,1747.0,67120514.0,2.69
2017-09-06,20.103909798888573,20.662351737746587,21.034646363651934,20.103909798888573,1207.0,37137966.0,2.57
2017-09-07,20.84849905069926,20.103909798888573,22.05845658489163,19.824688829459564,1992.0,68259449.0,2.55
2017-09-08,20.755425394222925,20.569278081270255,21.12772002012827,20.383130768317578,590.0,18424851.0,2.54
2017-09-11,20.103909798888573,20.569278081270255,20.569278081270255,20.010836142412238,469.0,14524184.0,2.53
2017-09-12,20.103909798888573,20.103909798888573,20.383130768317578,20.103909798888573,257.0,7033167.0,2.53
2017-09-13,19.638541516506894,20.103909798888573,20.290057111841246,19.45239420355422,359.0,11256521.0,2.59
2017-09-14,19.824688829459564,19.824688829459564,19.9177624859359,19.638541516506894,154.0,4638695.0,2.61
2017-09-15,19.638541516506894,19.73161517298323,19.9177624859359,19.638541516506894,180.0,6290694.0,2.67
2017-09-18,19.638541516506894,19.638541516506894,19.9177624859359,19.545467860030556,187.0,5820258.0,2.68
2017-09-19,19.824688829459564,19.824688829459564,19.824688829459564,19.545467860030556,137.0,3749205.0,2.69
2017-09-20,19.45239420355422,19.73161517298323,19.73161517298323,19.45239420355422,137.0,4305942.0,2.7
2017-09-21,19.545467860030556,19.45239420355422,19.73161517298323,19.45239420355422,108.0,3391032.0,2.71
2017-09-22,19.080099577648877,19.638541516506894,19.638541516506894,19.080099577648877,154.0,5052090.0,2.7
2017-09-25,18.707804951743533,19.359320547077886,19.359320547077886,18.614731295267198,157.0,4408630.0,2.69
2017-09-26,18.707804951743533,18.893952264696207,18.893952264696207,18.707804951743533,107.0,2727346.0,2.68
2017-09-27,18.614731295267198,18.707804951743533,18.80087860821987,18.614731295267198,136.0,3487925.0,2.66
2017-09-28,18.614731295267198,18.707804951743533,18.98702592117254,18.614731295267198,171.0,3985360.0,2.66
2017-09-29,18.577501832676663,18.614731295267198,18.707804951743533,18.33551032583819,141.0,5512946.0,2.66
2017-09-30,18.614731295267198,18.614731295267198,18.80087860821987,18.59611656397193,72.0,2120015.0,2.66
2017-10-02,18.80087860821987,18.80087860821987,18.893952264696207,18.614731295267198,99.0,3021075.0,2.68
2017-10-03,19.545467860030556,18.893952264696207,20.010836142412238,18.80087860821987,895.0,28389811.0,2.68
2017-10-05,19.359320547077886,19.545467860030556,19.73161517298323,19.173173234125215,215.0,5678129.0,2.66
2017-10-06,19.638541516506894,19.638541516506894,20.010836142412238,19.545467860030556,369.0,11771312.0,2.64
2017-10-11,19.359320547077886,19.824688829459564,19.824688829459564,19.266246890601547,175.0,5075231.0,2.63
2017-10-12,19.45239420355422,19.45239420355422,19.45239420355422,19.173173234125215,156.0,3632473.0,2.61
2017-10-13,19.173173234125215,19.45239420355422,19.45239420355422,19.080099577648877,125.0,2971193.0,2.62
2017-10-16,19.9177624859359,19.359320547077886,20.103909798888573,19.359320547077886,653.0,23805311.0,2.61
2017-10-17,19.545467860030556,20.196983455364908,20.196983455364908,19.45239420355422,226.0,5978034.0,2.6
2017-10-18,19.266246890601547,19.545467860030556,19.73161517298323,19.080099577648877,207.0,6051179.0,2.59
2017-10-19,19.359320547077886,19.266246890601547,19.359320547077886,19.173173234125215,120.0,2983020.0,2.58
2017-10-20,19.73161517298323,19.359320547077886,20.196983455364908,19.080099577648877,1056.0,35030822.0,2.6
2017-10-23,20.010836142412238,19.824688829459564,20.290057111841246,19.73161517298323,839.0,29045018.0,2.59
2017-10-24,19.73161517298323,19.9177624859359,20.103909798888573,19.638541516506894,258.0,8207920.0,2.59
2017-10-25,19.638541516506894,19.73161517298323,19.9177624859359,19.545467860030556,177.0,5802940.0,2.59
2017-10-26,19.73161517298323,19.638541516506894,19.824688829459564,19.545467860030556,155.0,4037988.0,2.6
2017-10-27,19.45239420355422,19.824688829459564,19.9177624859359,19.45239420355422,210.0,7218960.0,2.61
2017-10-30,19.359320547077886,19.638541516506894,19.638541516506894,19.359320547077886,100.0,3500068.0,2.61
2017-10-31,19.266246890601547,19.359320547077886,19.45239420355422,19.266246890601547,140.0,3297666.0,2.61
2017-11-01,19.45239420355422,19.545467860030556,19.545467860030556,19.266246890601547,113.0,3891952.0,2.62
2017-11-02,19.266246890601547,19.545467860030556,19.73161517298323,19.266246890601547,221.0,7571236.0,2.64
2017-11-03,19.173173234125215,19.45239420355422,19.45239420355422,19.173173234125215,93.0,2489740.0,2.63
2017-11-06,19.266246890601547,19.359320547077886,19.359320547077886,19.173173234125215,113.0,3212853.0,2.62
2017-11-07,19.266246890601547,19.359320547077886,19.359320547077886,19.173173234125215,72.0,1966244.0,2.62
2017-11-08,19.638541516506894,19.45239420355422,19.9177624859359,19.45239420355422,369.0,10808477.0,2.63
2017-11-09,19.45239420355422,19.638541516506894,19.824688829459564,19.45239420355422,212.0,6145152.0,2.62
2017-11-10,19.45239420355422,19.45239420355422,19.545467860030556,19.359320547077886,98.0,3075204.0,2.62
2017-11-13,19.9177624859359,20.103909798888573,20.290057111841246,19.824688829459564,469.0,16496222.0,2.62
2017-11-14,19.638541516506894,19.9177624859359,20.010836142412238,19.638541516506894,182.0,5173778.0,2.62
2017-11-15,20.010836142412238,19.824688829459564,20.196983455364908,19.638541516506894,490.0,20265110.0,2.62
2017-11-16,20.755425394222925,20.103909798888573,21.034646363651934,20.103909798888573,1228.0,42767687.0,2.72
2017-11-17,20.755425394222925,20.941572707175595,21.034646363651934,20.383130768317578,699.0,23401965.0,2.63
2017-11-20,20.662351737746587,20.755425394222925,20.941572707175595,20.476204424793917,402.0,14615198.0,2.65
2017-11-21,20.84849905069926,21.034646363651934,21.406940989557278,20.755425394222925,578.0,21264336.0,2.69
2017-11-22,20.196983455364908,21.034646363651934,21.034646363651934,20.103909798888573,527.0,14162234.0,2.7
2017-11-23,20.383130768317578,20.569278081270255,20.662351737746587,20.290057111841246,286.0,10144357.0,2.77
2017-11-24,20.290057111841246,20.290057111841246,20.662351737746587,20.290057111841246,199.0,5433205.0,2.79
2017-11-27,20.290057111841246,20.383130768317578,20.476204424793917,20.196983455364908,184.0,5245452.0,2.81
2017-11-28,20.662351737746587,20.476204424793917,20.662351737746587,20.290057111841246,309.0,11853661.0,2.89
2017-11-29,22.70997218022598,21.872309271938956,22.70997218022598,21.872309271938956,2169.0,126135082.0,3.09
2017-11-30,23.547635088513005,23.268414119083996,24.664518966229036,22.803045836702317,4878.0,216433127.0,2.95
2017-12-01,22.337677554320635,23.45456143203667,23.547635088513005,22.151530241367965,1772.0,63068066.0,2.94
2017-12-04,22.52382486727331,22.52382486727331,23.268414119083996,21.965382928415295,1033.0,42336820.0,2.98
2017-12-05,21.872309271938956,22.70997218022598,22.989193149654987,21.872309271938956,804.0,24840825.0,2.85
2017-12-06,21.12772002012827,22.05845658489163,22.2446038978443,21.12772002012827,596.0,21293198.0,2.89
2017-12-07,21.406940989557278,21.220793676604604,21.686161958986286,20.84849905069926,578.0,27984520.0,2.93
2017-12-08,20.941572707175595,21.406940989557278,21.77923561546262,20.84849905069926,635.0,23821740.0,2.88
2017-12-11,21.872309271938956,21.686161958986286,22.2446038978443,21.406940989557278,938.0,42130248.0,2.96
2017-12-12,22.151530241367965,21.872309271938956,22.803045836702317,21.77923561546262,865.0,36124859.0,2.88
2017-12-13,22.337677554320635,21.965382928415295,22.803045836702317,21.965382928415295,660.0,33298693.0,2.87
2017-12-14,22.616898523749644,22.52382486727331,23.17534046260766,22.52382486727331,794.0,36879913.0,2.95
2017-12-15,22.430751210796974,22.616898523749644,22.616898523749644,22.2446038978443,328.0,9614460.0,2.93
2017-12-18,22.2446038978443,22.52382486727331,22.803045836702317,22.151530241367965,619.0,37743363.0,2.89
2017-12-19,21.872309271938956,22.337677554320635,22.52382486727331,21.593088302509948,361.0,10732136.0,2.91
2017-12-20,22.2446038978443,22.05845658489163,22.430751210796974,21.872309271938956,286.0,9929570.0,3.01
2017-12-21,22.616898523749644,22.52382486727331,22.896119493178652,22.2446038978443,670.0,24049740.0,3.07
2017-12-22,24.013003370894687,23.082266806131326,24.385297996800027,23.082266806131326,3359.0,151684311.0,3.19
2017-12-25,23.64070874498934,24.10607702737102,24.292224340323695,23.361487775560335,1091.0,47580290.0,3.11
2017-12-26,23.082266806131326,23.64070874498934,24.199150683847357,22.896119493178652,871.0,33772015.0,3.09
2017-12-27,22.896119493178652,23.082266806131326,23.361487775560335,22.70997218022598,506.0,15307970.0,3.13
2017-12-28,22.616898523749644,22.896119493178652,23.082266806131326,22.430751210796974,620.0,20210568.0,3.16
2017-12-29,23.361487775560335,22.70997218022598,24.10607702737102,22.616898523749644,1977.0,78893230.0,3.39
2018-01-02,23.361487775560335,23.733782401465678,23.733782401465678,23.268414119083996,502.0,17238426.0,3.31
2018-01-03,23.547635088513005,23.733782401465678,24.757592622705374,23.45456143203667,1387.0,53643451.0,3.18
2018-01-04,23.268414119083996,23.547635088513005,23.64070874498934,23.17534046260766,517.0,16291985.0,3.17
2018-01-05,23.17534046260766,23.361487775560335,23.733782401465678,23.082266806131326,511.0,15837387.0,3.21
2018-01-08,22.989193149654987,23.361487775560335,23.45456143203667,22.803045836702317,452.0,15742484.0,3.15
2018-01-09,23.17534046260766,23.082266806131326,23.361487775560335,22.896119493178652,461.0,22213173.0,3.12
2018-01-10,23.17534046260766,23.361487775560335,23.826856057942013,23.17534046260766,453.0,18108566.0,3.11
2018-01-11,22.989193149654987,23.17534046260766,23.361487775560335,22.896119493178652,221.0,7889409.0,3.12
2018-01-12,23.082266806131326,22.989193149654987,23.547635088513005,22.989193149654987,310.0,11318303.0,3.12
2018-01-15,22.989193149654987,23.17534046260766,23.361487775560335,22.989193149654987,190.0,6245940.0,3.12
2018-01-16,22.803045836702317,23.082266806131326,23.268414119083996,22.803045836702317,323.0,10222678.0,3.13
2018-01-17,22.616898523749644,22.896119493178652,22.896119493178652,22.52382486727331,371.0,10946595.0,3.13
2018-01-18,22.896119493178652,22.896119493178652,23.17534046260766,22.70997218022598,616.0,27278454.0,3.11
2018-01-19,22.616898523749644,23.082266806131326,23.082266806131326,22.616898523749644,208.0,6208543.0,3.11
2018-01-22,22.896119493178652,22.989193149654987,23.268414119083996,22.70997218022598,644.0,27110352.0,3.09
2018-01-23,22.616898523749644,22.989193149654987,23.082266806131326,22.616898523749644,281.0,10515617.0,3.09
2018-01-24,22.70997218022598,22.70997218022598,22.803045836702317,22.430751210796974,266.0,8751855.0,3.11
2018-01-25,22.52382486727331,22.989193149654987,22.989193149654987,22.52382486727331,189.0,5456429.0,3.12
2018-01-26,22.52382486727331,22.52382486727331,22.616898523749644,22.430751210796974,192.0,6051322.0,3.13
2018-01-29,23.17534046260766,22.803045836702317,23.45456143203667,22.52382486727331,1273.0,49201391.0,3.14
2018-01-30,22.803045836702317,23.547635088513005,23.547635088513005,22.70997218022598,424.0,15508089.0,3.11
2018-01-31,22.803045836702317,22.52382486727331,22.896119493178652,22.337677554320635,228.0,6734301.0,3.12
2018-02-01,22.616898523749644,22.989193149654987,22.989193149654987,22.52382486727331,255.0,7113385.0,3.11
2018-02-02,22.430751210796974,22.616898523749644,22.70997218022598,22.430751210796974,158.0,5134097.0,3.1
2018-02-05,21.77923561546262,21.872309271938956,21.872309271938956,21.406940989557278,298.0,7768536.0,3.11
2018-02-06,20.103909798888573,21.406940989557278,21.406940989557278,19.638541516506894,631.0,20425574.0,3.11
2018-02-07,20.383130768317578,20.476204424793917,20.941572707175595,20.383130768317578,259.0,8273832.0,3.13
2018-02-08,19.73161517298323,20.010836142412238,20.010836142412238,19.638541516506894,330.0,10790301.0,3.16
2018-02-09,19.266246890601547,18.614731295267198,19.45239420355422,18.614731295267198,309.0,10128415.0,3.25
2018-02-12,19.266246890601547,19.73161517298323,19.73161517298323,19.266246890601547,167.0,4330728.0,3.24
2018-02-21,19.824688829459564,19.45239420355422,20.010836142412238,19.45239420355422,194.0,4665440.0,3.27
2018-02-22,20.010836142412238,19.824688829459564,20.290057111841246,19.824688829459564,160.0,4455464.0,3.29
2018-02-23,20.196983455364908,19.9177624859359,20.383130768317578,19.9177624859359,151.0,3407688.0,3.31
2018-02-26,20.383130768317578,20.476204424793917,20.476204424793917,20.290057111841246,145.0,2610428.0,3.32
2018-02-27,20.476204424793917,20.476204424793917,20.662351737746587,20.383130768317578,108.0,3566849.0,3.32
2018-03-01,20.290057111841246,20.103909798888573,20.476204424793917,20.103909798888573,94.0,2180671.0,3.32
2018-03-02,20.569278081270255,20.290057111841246,20.662351737746587,20.196983455364908,188.0,4457300.0,3.32
2018-03-05,20.383130768317578,20.662351737746587,20.755425394222925,20.383130768317578,156.0,3423020.0,3.32
2018-03-06,20.662351737746587,20.383130768317578,21.220793676604604,19.9177624859359,431.0,20837542.0,3.39
2018-03-07,20.290057111841246,20.569278081270255,20.662351737746587,20.290057111841246,142.0,3203435.0,3.37
2018-03-08,20.103909798888573,20.290057111841246,20.569278081270255,20.103909798888573,150.0,4278694.0,3.37
2018-03-09,20.196983455364908,20.383130768317578,20.383130768317578,20.010836142412238,97.0,2330146.0,3.37
2018-03-12,20.103909798888573,20.196983455364908,20.290057111841246,20.103909798888573,115.0,2523433.0,3.37
2018-03-13,20.103909798888573,20.196983455364908,20.476204424793917,20.010836142412238,149.0,3887743.0,3.36
2018-03-14,20.196983455364908,20.196983455364908,20.290057111841246,19.9177624859359,105.0,2456427.0,3.38
2018-03-15,20.84849905069926,20.103909798888573,20.941572707175595,20.103909798888573,290.0,10054690.0,3.42
2018-03-16,20.84849905069926,21.034646363651934,21.12772002012827,20.569278081270255,148.0,3856264.0,3.37
2018-03-19,20.476204424793917,20.84849905069926,20.84849905069926,20.476204424793917,144.0,2364699.0,3.37
2018-03-20,20.383130768317578,20.476204424793917,20.476204424793917,20.383130768317578,105.0,2429814.0,3.36
2018-03-21,20.290057111841246,20.569278081270255,20.569278081270255,20.290057111841246,103.0,2036253.0,3.35
2018-03-22,20.941572707175595,20.383130768317578,21.406940989557278,20.383130768317578,814.0,26260977.0,3.34
2018-03-23,20.383130768317578,20.476204424793917,20.755425394222925,20.290057111841246,250.0,6562459.0,3.31
2018-03-26,20.290057111841246,20.196983455364908,20.569278081270255,20.196983455364908,158.0,4038339.0,3.3
2018-03-27,20.103909798888573,20.662351737746587,20.662351737746587,19.9177624859359,190.0,5142129.0,3.3
2018-03-28,20.290057111841246,20.290057111841246,20.662351737746587,20.290057111841246,197.0,4300412.0,3.31
2018-03-29,20.383130768317578,20.383130768317578,20.755425394222925,20.383130768317578,138.0,4358888.0,3.33
2018-03-30,20.196983455364908,20.662351737746587,20.662351737746587,20.196983455364908,123.0,4780722.0,3.33
2018-03-31,20.103909798888573,20.196983455364908,20.383130768317578,20.103909798888573,113.0,3360961.0,3.33
2018-04-02,20.196983455364908,20.103909798888573,20.383130768317578,20.103909798888573,116.0,3106126.0,3.35
2018-04-03,20.103909798888573,20.196983455364908,20.290057111841246,20.103909798888573,182.0,3605133.0,3.35
2018-04-09,20.196983455364908,20.103909798888573,20.290057111841246,20.010836142412238,224.0,1879867.0,3.36
2018-04-10,22.151530241367965,20.290057111841246,22.151530241367965,20.196983455364908,1133.0,58424990.0,3.56
2018-04-11,21.686161958986286,21.77923561546262,22.337677554320635,21.593088302509948,1145.0,44552780.0,3.31
2018-04-12,21.686161958986286,22.05845658489163,22.05845658489163,21.593088302509948,265.0,8549498.0,3.28
2018-04-13,21.77923561546262,21.872309271938956,22.337677554320635,21.220793676604604,985.0,78033751.0,3.33
2018-04-16,21.31386733308094,21.965382928415295,21.965382928415295,21.220793676604604,393.0,10530574.0,3.25
2018-04-17,20.383130768317578,21.31386733308094,21.31386733308094,20.383130768317578,377.0,8779804.0,3.2
2018-04-18,20.290057111841246,20.476204424793917,20.662351737746587,20.103909798888573,198.0,3856981.0,3.18
2018-04-19,20.196983455364908,20.476204424793917,20.569278081270255,20.196983455364908,166.0,4732428.0,3.18
2018-04-20,20.010836142412238,20.290057111841246,20.290057111841246,20.010836142412238,151.0,3048809.0,3.16
2018-04-23,20.010836142412238,20.010836142412238,20.103909798888573,19.824688829459564,178.0,3282193.0,3.13
2018-04-24,19.638541516506894,20.010836142412238,20.103909798888573,19.266246890601547,305.0,5607829.0,3.08
2018-04-25,19.638541516506894,19.545467860030556,19.638541516506894,19.545467860030556,197.0,3030646.0,3.08
2018-04-26,19.359320547077886,19.638541516506894,19.73161517298323,19.266246890601547,202.0,4601040.0,3.05
2018-04-27,19.266246890601547,19.545467860030556,19.545467860030556,19.266246890601547,168.0,5180552.0,3.05
2018-04-30,19.45239420355422,19.266246890601547,19.9177624859359,19.266246890601547,142.0,2918112.0,3.05
2018-05-02,19.545467860030556,19.45239420355422,19.73161517298323,19.359320547077886,89.0,1462195.0,3.05
2018-05-03,19.359320547077886,19.638541516506894,19.638541516506894,19.359320547077886,104.0,2446305.0,3.05
2018-05-04,19.359320547077886,19.545467860030556,19.545467860030556,19.359320547077886,82.0,1794025.0,3.05
2018-05-07,19.266246890601547,19.545467860030556,19.638541516506894,19.266246890601547,107.0,3476269.0,3.05
2018-05-08,19.359320547077886,19.45239420355422,19.638541516506894,19.359320547077886,129.0,3069332.0,3.05
2018-05-09,19.359320547077886,19.45239420355422,19.545467860030556,19.359320547077886,65.0,1412704.0,3.06
2018-05-10,19.45239420355422,19.545467860030556,19.638541516506894,19.359320547077886,105.0,2608139.0,3.08
2018-05-11,19.545467860030556,19.545467860030556,19.545467860030556,19.359320547077886,129.0,3101449.0,3.08
2018-05-14,19.359320547077886,19.545467860030556,19.73161517298323,19.359320547077886,137.0,3834945.0,3.09
2018-05-15,19.359320547077886,19.45239420355422,19.45239420355422,19.266246890601547,124.0,4120822.0,3.1
2018-05-16,19.824688829459564,19.638541516506894,20.196983455364908,19.638541516506894,275.0,7909102.0,3.11
2018-05-17,19.9177624859359,20.010836142412238,20.103909798888573,19.73161517298323,145.0,3142851.0,3.12
2018-05-18,20.383130768317578,19.9177624859359,20.569278081270255,19.73161517298323,399.0,17677527.0,3.19
2018-05-21,20.476204424793917,20.290057111841246,20.476204424793917,20.010836142412238,193.0,5828758.0,3.19
2018-05-22,20.290057111841246,20.383130768317578,20.476204424793917,20.196983455364908,132.0,4281601.0,3.17
2018-05-23,19.9177624859359,20.290057111841246,20.290057111841246,19.9177624859359,99.0,2545314.0,3.18
2018-05-24,20.010836142412238,20.196983455364908,20.196983455364908,19.9177624859359,74.0,1778582.0,3.2
2018-05-25,19.9177624859359,20.010836142412238,20.103909798888573,19.824688829459564,110.0,3249123.0,3.21
2018-05-28,20.010836142412238,19.824688829459564,20.010836142412238,19.824688829459564,111.0,3004591.0,3.24
2018-05-29,20.290057111841246,20.103909798888573,20.941572707175595,20.103909798888573,528.0,15388834.0,3.26
2018-05-30,20.941572707175595,20.662351737746587,20.941572707175595,20.290057111841246,358.0,10558822.0,3.3
2018-05-31,21.220793676604604,21.12772002012827,21.77923561546262,20.941572707175595,533.0,16920687.0,3.32
2018-06-01,21.593088302509948,21.406940989557278,21.77923561546262,21.034646363651934,284.0,8303217.0,3.37
2018-06-04,21.77923561546262,21.77923561546262,22.2446038978443,21.686161958986286,340.0,10590610.0,3.39
2018-06-05,21.500014646033613,21.872309271938956,22.05845658489163,21.406940989557278,279.0,8074281.0,3.4
2018-06-06,21.31386733308094,21.500014646033613,21.686161958986286,21.31386733308094,198.0,6227502.0,3.55
2018-06-07,21.31386733308094,21.406940989557278,21.593088302509948,21.220793676604604,197.0,6651689.0,3.58
2018-06-08,21.500014646033613,21.593088302509948,21.686161958986286,21.406940989557278,208.0,8195001.0,3.61
2018-06-11,21.220793676604604,21.593088302509948,21.593088302509948,21.220793676604604,310.0,10586451.0,3.62
2018-06-12,21.31386733308094,21.406940989557278,21.593088302509948,21.12772002012827,312.0,17737885.0,3.65
2018-06-13,21.034646363651934,21.406940989557278,21.406940989557278,20.941572707175595,228.0,9525152.0,3.65
2018-06-14,20.941572707175595,21.12772002012827,21.220793676604604,20.755425394222925,150.0,4812956.0,3.65
2018-06-15,20.755425394222925,21.034646363651934,21.12772002012827,20.755425394222925,105.0,3341624.0,3.65
2018-06-19,20.383130768317578,20.84849905069926,20.84849905069926,20.383130768317578,124.0,3604075.0,3.65
2018-06-20,20.476204424793917,20.383130768317578,20.662351737746587,20.196983455364908,143.0,5033710.0,3.63
2018-06-21,20.196983455364908,20.569278081270255,20.662351737746587,20.103909798888573,106.0,3900902.0,3.59
2018-06-22,19.9177624859359,20.103909798888573,20.103909798888573,19.9177624859359,112.0,3788527.0,3.58
2018-06-25,20.103909798888573,20.196983455364908,20.383130768317578,20.103909798888573,89.0,2570760.0,3.56
2018-06-26,19.73161517298323,20.103909798888573,20.103909798888573,19.73161517298323,85.0,2380588.0,3.54
2018-06-27,19.638541516506894,19.73161517298323,19.9177624859359,19.638541516506894,100.0,2581718.0,3.51
2018-06-28,20.010836142412238,19.545467860030556,20.383130768317578,19.545467860030556,111.0,2411117.0,3.5
2018-06-29,19.824688829459564,20.010836142412238,20.010836142412238,19.73161517298323,83.0,2431241.0,3.49
2018-07-02,19.9177624859359,20.383130768317578,20.383130768317578,19.9177624859359,111.0,2648324.0,3.48
2018-07-03,20.103909798888573,20.196983455364908,20.476204424793917,19.9177624859359,261.0,12908300.0,3.43
2018-07-04,19.73161517298323,20.290057111841246,20.290057111841246,19.73161517298323,72.0,1728410.0,3.41
2018-07-05,20.290057111841246,20.103909798888573,20.941572707175595,19.73161517298323,672.0,22453827.0,3.3
2018-07-06,20.755425394222925,20.290057111841246,20.941572707175595,20.103909798888573,525.0,16835716.0,3.31
2018-07-09,20.196983455364908,20.755425394222925,20.84849905069926,19.9177624859359,281.0,9932191.0,3.27
2018-07-10,20.010836142412238,20.010836142412238,20.290057111841246,19.824688829459564,138.0,4144124.0,3.27
2018-07-11,19.824688829459564,20.010836142412238,20.103909798888573,19.638541516506894,128.0,3014816.0,3.13
2018-07-12,19.9177624859359,19.824688829459564,20.010836142412238,19.73161517298323,118.0,3331162.0,3.08
2018-07-13,19.9177624859359,20.010836142412238,20.103909798888573,19.73161517298323,96.0,1688314.0,3.07
2018-07-16,19.73161517298323,19.824688829459564,19.9177624859359,19.73161517298323,169.0,6743812.0,3.08
2018-07-17,20.018968792007257,20.018968792007257,20.114753331681932,19.827399712657904,139.0,2843009.0,3.08
2018-07-18,19.827399712657904,20.018968792007257,20.018968792007257,19.827399712657904,89.0,2563039.0,3.08
2018-07-19,20.497891490380635,20.018968792007257,20.497891490380635,19.731615172983233,240.0,8867612.0,3.09
2018-07-20,20.88102964907934,20.497891490380635,21.07259872842869,20.497891490380635,1176.0,39582902.0,3.11
2018-07-23,20.68946056972999,20.68946056972999,20.785245109404663,20.593676030055313,164.0,4003787.0,3.08
2018-07-24,20.593676030055313,20.68946056972999,20.785245109404663,20.497891490380635,160.0,4432547.0,3.04
2018-07-25,20.593676030055313,20.68946056972999,20.68946056972999,20.497891490380635,101.0,2653752.0,3.04
2018-07-26,20.785245109404663,20.68946056972999,20.785245109404663,20.497891490380635,119.0,3986041.0,3.04
2018-07-27,20.68946056972999,20.785245109404663,20.785245109404663,20.593676030055313,90.0,2087687.0,3.05
2018-07-30,20.593676030055313,20.785245109404663,20.785245109404663,20.497891490380635,51.0,853258.0,3.05
2018-07-31,20.497891490380635,20.68946056972999,20.68946056972999,20.40210695070596,61.0,1822266.0,3.06
2018-08-01,21.07259872842869,20.497891490380635,21.16838326810337,20.497891490380635,413.0,12310249.0,3.08
2018-08-02,20.68946056972999,20.88102964907934,21.16838326810337,20.593676030055313,128.0,3213297.0,3.07
2018-08-03,20.785245109404663,20.785245109404663,20.88102964907934,20.785245109404663,54.0,880671.0,3.07
2018-08-06,20.785245109404663,21.07259872842869,21.07259872842869,20.68946056972999,71.0,1939601.0,3.07
2018-08-07,20.68946056972999,20.976814188754016,20.976814188754016,20.593676030055313,64.0,1495671.0,3.07
2018-08-08,20.593676030055313,20.785245109404663,20.785245109404663,20.40210695070596,106.0,3603040.0,3.08
2018-08-09,20.497891490380635,20.593676030055313,20.593676030055313,20.40210695070596,90.0,1734444.0,3.08
2018-08-10,20.40210695070596,20.497891490380635,20.593676030055313,20.40210695070596,65.0,1148825.0,3.08
2018-08-13,20.114753331681932,20.306322411031285,20.306322411031285,19.4442615539592,221.0,6478009.0,3.07
2018-08-14,19.923184252332582,20.114753331681932,20.114753331681932,19.827399712657904,79.0,1537979.0,3.07
2018-08-15,19.731615172983233,19.827399712657904,19.827399712657904,19.540046093633876,137.0,3814739.0,3.07
2018-08-16,19.4442615539592,19.540046093633876,19.635830633308554,19.348477014284526,135.0,4175157.0,3.07
2018-08-17,19.540046093633876,19.4442615539592,19.635830633308554,19.4442615539592,51.0,1484389.0,3.07
2018-08-20,19.25269247460985,19.635830633308554,19.635830633308554,19.156907934935173,98.0,2841908.0,3.05
2018-08-21,19.348477014284526,19.4442615539592,19.4442615539592,19.156907934935173,54.0,1107730.0,3.16
2018-08-22,19.731615172983233,19.4442615539592,19.923184252332582,19.348477014284526,273.0,6975385.0,3.18
2018-08-23,19.731615172983233,19.731615172983233,19.923184252332582,19.4442615539592,205.0,5235656.0,3.18
2018-08-24,19.540046093633876,19.731615172983233,19.731615172983233,19.348477014284526,62.0,1729541.0,3.15
2018-08-27,19.348477014284526,19.348477014284526,19.348477014284526,19.156907934935173,162.0,4766594.0,3.08
2018-08-28,19.348477014284526,19.4442615539592,19.4442615539592,19.156907934935173,87.0,2187419.0,3.05
2018-08-29,19.4442615539592,19.25269247460985,19.4442615539592,19.156907934935173,108.0,2482140.0,3.05
2018-08-30,19.25269247460985,19.4442615539592,19.540046093633876,19.25269247460985,56.0,1096000.0,3.05
2018-08-31,19.348477014284526,19.4442615539592,19.635830633308554,19.25269247460985,151.0,3279580.0,3.06
2018-09-03,19.4442615539592,19.4442615539592,19.540046093633876,19.156907934935173,164.0,4923133.0,3.06
2018-09-04,19.4442615539592,19.540046093633876,19.540046093633876,19.348477014284526,72.0,1477830.0,3.06
2018-09-05,19.348477014284526,19.348477014284526,19.540046093633876,19.348477014284526,36.0,986516.0,3.04
2018-09-06,19.156907934935173,19.4442615539592,19.4442615539592,19.156907934935173,71.0,1872587.0,3.04
2018-09-07,18.869554315911145,19.156907934935173,19.156907934935173,18.79292668417141,173.0,6175009.0,3.01
2018-09-10,17.83508128742465,18.869554315911145,18.869554315911145,17.815924379489715,216.0,5409343.0,2.99
2018-09-11,17.873395103294516,18.007493458839065,18.007493458839065,17.643512208075297,116.0,2610487.0,2.97
2018-09-12,17.969179642969195,18.007493458839065,18.007493458839065,17.815924379489715,52.0,1166501.0,2.97
2018-09-13,18.160748722318548,17.969179642969195,18.160748722318548,17.969179642969195,70.0,1364074.0,2.97
2018-09-14,18.25653326199322,18.160748722318548,18.275690169928154,18.10327799851374,68.0,1271430.0,2.98
2018-09-17,18.333160893732963,18.294847077863093,18.333160893732963,18.294847077863093,20.0,334827.0,2.98
2018-09-18,18.17990563025348,18.294847077863093,18.294847077863093,18.10327799851374,40.0,646908.0,2.98
2018-09-19,18.773769776236474,18.294847077863093,19.348477014284526,18.10327799851374,445.0,10824800.0,2.98
2018-09-20,18.62051451275699,19.041966487325563,19.041966487325563,18.582200696887117,159.0,2937297.0,2.97
2018-09-21,18.677985236561796,18.869554315911145,18.869554315911145,18.65882832862686,60.0,786269.0,2.96
2018-09-25,18.639671420691926,18.677985236561796,18.677985236561796,18.62051451275699,31.0,692156.0,2.96
2018-09-26,18.754612868301535,18.639671420691926,18.773769776236474,18.639671420691926,46.0,815610.0,2.97
2018-09-27,18.563043788952182,18.81208359210634,18.81208359210634,18.486416157212442,113.0,2698021.0,2.97
2018-09-28,18.448102341342576,18.7354559603666,18.7354559603666,18.448102341342576,55.0,938420.0,2.97
2018-10-01,18.505573065147377,18.390631617537768,18.62051451275699,18.333160893732963,83.0,4199167.0,2.98
2018-10-02,18.677985236561796,18.677985236561796,18.677985236561796,18.294847077863093,79.0,1615070.0,2.97
2018-10-03,18.543886881017247,18.65882832862686,18.677985236561796,18.448102341342576,41.0,984967.0,2.97
2018-10-04,19.02280957939063,19.25269247460985,19.540046093633876,19.02280957939063,337.0,10013060.0,2.97
2018-10-05,18.754612868301535,19.156907934935173,19.156907934935173,18.7354559603666,97.0,2205954.0,2.96
2018-10-08,18.601357604822056,18.505573065147377,18.62051451275699,18.428945433407637,98.0,2237714.0,2.96
2018-10-09,18.21821944612335,18.601357604822056,18.62051451275699,18.199062538188414,87.0,1836901.0,2.96
2018-10-11,16.39831319230451,17.796767471554777,17.911708919164386,16.39831319230451,283.0,8482092.0,3.03
2018-10-12,16.858078982742956,16.20674411295516,16.858078982742956,16.20674411295516,142.0,2730151.0,3.03
2018-10-15,17.049648062092306,16.6665099033936,17.049648062092306,16.57072536371893,52.0,695136.0,3.03
2018-10-16,17.03049115415737,17.10711878589711,17.29868786524646,17.03049115415737,68.0,1433201.0,3.03
2018-10-17,17.126275693832046,17.241217141441656,17.241217141441656,16.858078982742956,63.0,1251424.0,3.03
2018-10-18,17.14543260176698,17.049648062092306,17.14543260176698,16.953863522417628,46.0,771157.0,3.03
2018-10-19,17.087961877962176,17.049648062092306,17.087961877962176,16.953863522417628,46.0,784792.0,3.03
2018-10-22,17.241217141441656,17.087961877962176,17.241217141441656,17.087961877962176,45.0,1016050.0,3.03
2018-10-23,17.22206023350672,17.241217141441656,17.241217141441656,17.06880497002724,54.0,1317820.0,3.03
2018-10-24,17.39447240492114,17.049648062092306,17.39447240492114,16.973020430352562,49.0,1126120.0,3.03
2018-10-25,16.838922074808018,17.14543260176698,17.14543260176698,16.685666811328538,91.0,1740154.0,3.03
2018-10-26,16.915549706547758,16.953863522417628,16.953863522417628,16.62819608752373,82.0,1590525.0,3.03
2018-10-29,17.087961877962176,16.915549706547758,17.087961877962176,16.685666811328538,64.0,1079229.0,3.03
2018-10-30,17.22206023350672,17.03049115415737,17.22206023350672,16.87723589067789,29.0,669028.0,3.03
2018-10-31,17.43278622079101,17.22206023350672,17.54772766840062,17.22206023350672,66.0,1245048.0,3.03
2018-11-01,17.528570760465687,17.681826023945167,17.681826023945167,17.183746417636854,81.0,2099973.0,3.04
2018-11-02,17.62435530014036,17.662669116010232,17.662669116010232,17.375315496986204,63.0,1284576.0,3.05
2018-11-05,17.681826023945167,17.39447240492114,17.681826023945167,17.39447240492114,41.0,698187.0,3.05
2018-11-06,17.7009829318801,17.528570760465687,17.73929674774997,17.528570760465687,46.0,959055.0,3.06
2018-11-07,17.873395103294516,17.7009829318801,17.873395103294516,17.7009829318801,54.0,967507.0,3.06
2018-11-08,17.950022735034256,17.873395103294516,18.007493458839065,17.77761056361984,54.0,1288399.0,3.07
2018-11-09,17.98833655090413,17.950022735034256,18.06496418264387,17.77761056361984,35.0,660532.0,3.07
2018-11-12,17.98833655090413,17.83508128742465,18.084121090578805,17.83508128742465,67.0,1594182.0,3.06
2018-11-13,18.007493458839065,17.969179642969195,18.007493458839065,17.83508128742465,59.0,1212065.0,3.06
2018-11-14,18.390631617537768,18.06496418264387,18.390631617537768,17.911708919164386,99.0,2108944.0,3.07
2018-11-15,18.69714214449673,18.390631617537768,18.716299052431665,18.25653326199322,64.0,1415373.0,3.07
2018-11-16,19.041966487325563,18.677985236561796,19.041966487325563,18.62051451275699,85.0,2114262.0,3.08
2018-11-19,19.13775102700024,19.099437211130372,19.13775102700024,18.965338855585824,76.0,1793594.0,3.08
2018-11-20,19.25269247460985,19.0611233952605,19.348477014284526,18.94618194765089,88.0,1992124.0,3.09
2018-11-21,19.348477014284526,19.156907934935173,19.348477014284526,19.041966487325563,70.0,2449158.0,3.09
2018-11-22,19.25269247460985,19.156907934935173,19.348477014284526,19.080280303195437,70.0,2109600.0,3.1
2018-11-23,19.25269247460985,19.25269247460985,19.348477014284526,19.003652671455693,62.0,1646620.0,3.1
2018-11-26,19.118594119065303,19.156907934935173,19.156907934935173,19.041966487325563,64.0,1620211.0,3.11
2018-11-27,19.118594119065303,19.099437211130372,19.118594119065303,19.003652671455693,66.0,1968917.0,3.11
2018-11-28,19.003652671455693,19.080280303195437,19.080280303195437,18.88871122384608,88.0,2283349.0,3.12
2018-11-29,18.7354559603666,18.965338855585824,19.003652671455693,18.7354559603666,112.0,3073974.0,3.11
2018-11-30,18.754612868301535,18.409788525472703,18.85039740797621,18.409788525472703,68.0,1378216.0,3.11
2018-12-03,18.927025039715954,18.869554315911145,19.099437211130372,18.639671420691926,55.0,1387339.0,3.12
2018-12-04,18.81208359210634,18.965338855585824,19.02280957939063,18.79292668417141,40.0,681104.0,3.12
2018-12-05,18.390631617537768,18.773769776236474,18.773769776236474,18.275690169928154,82.0,1473830.0,3.12
2018-12-06,18.026650366774,18.390631617537768,18.582200696887117,18.026650366774,59.0,1328945.0,3.12
2018-12-07,18.160748722318548,18.352317801667898,18.352317801667898,18.007493458839065,38.0,1397592.0,3.12
2018-12-10,18.007493458839065,18.007493458839065,18.026650366774,17.85423819535958,21.0,435284.0,3.12
2018-12-11,17.815924379489715,18.141591814383613,18.141591814383613,17.815924379489715,50.0,1259251.0,3.1
2018-12-12,17.950022735034256,18.06496418264387,18.06496418264387,17.720139839815037,15.0,326237.0,3.1
2018-12-13,17.85423819535958,18.160748722318548,18.160748722318548,17.815924379489715,49.0,1314120.0,3.1
2018-12-14,17.681826023945167,17.873395103294516,17.873395103294516,17.43278622079101,93.0,1883304.0,3.08
2018-12-17,17.43278622079101,17.662669116010232,17.662669116010232,17.375315496986204,34.0,353852.0,3.08
2018-12-18,17.22206023350672,17.43278622079101,17.62435530014036,17.22206023350672,78.0,1459670.0,3.07
2018-12-19,17.241217141441656,17.43278622079101,17.43278622079101,17.241217141441656,51.0,784325.0,3.07
2018-12-20,16.973020430352562,17.241217141441656,17.241217141441656,16.953863522417628,34.0,918991.0,3.07
2018-12-21,17.011334246222436,16.973020430352562,17.03049115415737,16.973020430352562,36.0,855830.0,3.07
2018-12-22,17.337001681116334,17.509413852530752,17.509413852530752,17.049648062092306,22.0,312306.0,3.07
2018-12-24,17.241217141441656,17.317844773181395,17.35615858905127,17.126275693832046,22.0,219970.0,3.07
2018-12-25,17.241217141441656,17.241217141441656,17.241217141441656,16.973020430352562,27.0,456285.0,3.07
2018-12-26,17.317844773181395,17.47110003666088,17.47110003666088,17.011334246222436,29.0,484733.0,3.07
2018-12-27,17.317844773181395,17.049648062092306,17.490256944595817,17.049648062092306,83.0,1242529.0,3.07
2018-12-28,17.241217141441656,17.39447240492114,17.413629312856074,17.20290332557179,34.0,727100.0,3.07
2019-01-02,17.126275693832046,17.43278622079101,17.43278622079101,17.126275693832046,34.0,519683.0,3.07
2019-01-03,17.126275693832046,17.413629312856074,17.413629312856074,17.049648062092306,30.0,555159.0,3.06
2019-01-04,17.011334246222436,17.126275693832046,17.126275693832046,16.858078982742956,18.0,221553.0,3.06
2019-01-07,17.241217141441656,17.337001681116334,17.337001681116334,17.03049115415737,22.0,294583.0,3.06
2019-01-08,17.087961877962176,17.29868786524646,17.29868786524646,17.087961877962176,25.0,476255.0,3.06
2019-01-09,17.087961877962176,17.241217141441656,17.241217141441656,17.06880497002724,52.0,629660.0,3.06
2019-01-10,17.087961877962176,17.087961877962176,17.22206023350672,16.992177338287497,45.0,521859.0,3.06
2019-01-11,16.896392798612826,17.14543260176698,17.14543260176698,16.896392798612826,56.0,1085039.0,3.06
2019-01-14,17.35615858905127,18.199062538188414,18.199062538188414,17.317844773181395,146.0,2955328.0,3.05
2019-01-15,18.007493458839065,17.47110003666088,18.17990563025348,17.35615858905127,154.0,2605975.0,3.06
2019-01-16,19.02280957939063,18.448102341342576,19.02280957939063,18.007493458839065,457.0,10483971.0,3.02
2019-01-17,18.65882832862686,19.02280957939063,19.156907934935173,18.582200696887117,333.0,9375691.0,3.02
2019-01-18,18.88871122384608,18.831240500041275,19.25269247460985,18.677985236561796,189.0,4501617.0,3.02
2019-01-21,18.601357604822056,18.94618194765089,18.94618194765089,18.582200696887117,92.0,1745155.0,3.02
2019-01-22,18.428945433407637,18.563043788952182,18.582200696887117,18.352317801667898,69.0,1018780.0,3.02
2019-01-23,18.543886881017247,18.428945433407637,18.639671420691926,18.428945433407637,46.0,786347.0,3.02
2019-01-24,18.601357604822056,18.639671420691926,18.7354559603666,18.486416157212442,42.0,672282.0,3.02
2019-01-25,18.65882832862686,18.7354559603666,18.754612868301535,18.601357604822056,55.0,1169669.0,3.02
2019-01-28,19.003652671455693,18.543886881017247,19.080280303195437,18.543886881017247,254.0,5673677.0,3.02
2019-01-29,18.773769776236474,18.965338855585824,19.13775102700024,18.773769776236474,288.0,7119658.0,3.02
2019-01-30,18.907868131781015,18.94618194765089,18.94618194765089,18.7354559603666,67.0,1230164.0,3.02
2019-02-11,18.773769776236474,18.582200696887117,18.831240500041275,18.582200696887117,94.0,956396.0,3.02
2019-02-12,18.773769776236474,18.88871122384608,18.965338855585824,18.69714214449673,70.0,903786.0,3.02
2019-02-13,18.79292668417141,19.041966487325563,19.041966487325563,18.65882832862686,45.0,723923.0,3.02
2019-02-14,18.639671420691926,18.85039740797621,18.85039740797621,18.62051451275699,85.0,1280532.0,3.02
2019-02-15,18.524729973082312,18.46725924927751,18.639671420691926,18.390631617537768,87.0,1588510.0,3.02
2019-02-18,18.428945433407637,18.754612868301535,18.754612868301535,18.428945433407637,51.0,562848.0,3.02
2019-02-19,18.333160893732963,18.428945433407637,18.563043788952182,18.314003985798028,58.0,630873.0,3.02
2019-02-20,18.314003985798028,18.25653326199322,18.352317801667898,18.25653326199322,42.0,511546.0,3.02
2019-02-21,18.371474709602833,18.486416157212442,18.486416157212442,18.237376354058284,67.0,1011193.0,3.02
2019-02-22,18.199062538188414,18.237376354058284,18.390631617537768,18.160748722318548,94.0,1538456.0,3.02
2019-02-25,18.160748722318548,18.199062538188414,18.390631617537768,18.026650366774,134.0,2866296.0,3.03
2019-02-26,18.294847077863093,18.294847077863093,18.294847077863093,18.160748722318548,63.0,851402.0,3.03
2019-02-27,18.25653326199322,18.352317801667898,18.352317801667898,18.10327799851374,60.0,1090886.0,3.03
2019-03-04,18.25653326199322,18.25653326199322,18.333160893732963,18.199062538188414,76.0,816198.0,3.02
2019-03-05,18.716299052431665,18.199062538188414,18.88871122384608,18.199062538188414,171.0,3728106.0,3.01
2019-03-06,18.7354559603666,18.505573065147377,18.831240500041275,18.505573065147377,91.0,1772501.0,3.01
2019-03-07,18.7354559603666,18.7354559603666,18.81208359210634,18.448102341342576,83.0,1839187.0,3.01
2019-03-08,18.448102341342576,18.486416157212442,18.543886881017247,18.21821944612335,88.0,1816798.0,3.01
2019-03-11,18.390631617537768,18.448102341342576,18.543886881017247,18.314003985798028,101.0,1484932.0,3.01
2019-03-12,18.543886881017247,18.563043788952182,18.582200696887117,18.371474709602833,105.0,2086316.0,3.01
2019-03-13,18.46725924927751,18.390631617537768,18.505573065147377,18.352317801667898,81.0,1373821.0,3.01
2019-03-14,18.428945433407637,18.275690169928154,18.428945433407637,18.275690169928154,67.0,1188626.0,3.01
2019-03-15,18.677985236561796,18.524729973082312,18.7354559603666,18.333160893732963,87.0,2012173.0,3.01
2019-03-18,19.25269247460985,20.114753331681932,20.497891490380635,19.25269247460985,1109.0,28876400.0,3.01
2019-03-19,19.4442615539592,19.348477014284526,19.540046093633876,19.156907934935173,248.0,5559419.0,3.01
2019-03-20,19.635830633308554,19.4442615539592,19.635830633308554,19.25269247460985,213.0,4738912.0,3.01
2019-03-21,19.4442615539592,19.635830633308554,19.635830633308554,19.25269247460985,144.0,4196259.0,3.01
2019-03-22,20.40210695070596,19.540046093633876,20.593676030055313,19.348477014284526,606.0,19037713.0,3.01
2019-03-25,21.8388750458261,20.018968792007257,22.222013204524803,20.018968792007257,1924.0,71674607.0,3.01
2019-03-26,21.74309050615142,22.126228664850128,23.275643140946237,21.16838326810337,1735.0,66037443.0,3.0
2019-03-27,22.222013204524803,21.8388750458261,22.222013204524803,21.74309050615142,609.0,24551420.0,3.0
2019-03-28,22.70093590289818,22.413582283874153,23.17985860127156,22.317797744199478,1009.0,38950018.0,3.0
2019-03-29,22.50936682354883,22.70093590289818,22.79672044257286,22.126228664850128,579.0,21303027.0,3.0
2019-04-01,22.317797744199478,22.605151363223506,23.084074061596887,22.317797744199478,601.0,28219142.0,3.0
2019-04-02,21.8388750458261,22.317797744199478,22.605151363223506,21.551521426802072,518.0,23246252.0,3.0
2019-04-03,22.03044412517545,22.222013204524803,22.222013204524803,21.8388750458261,249.0,10591007.0,3.0
2019-04-08,22.03044412517545,22.03044412517545,22.413582283874153,21.74309050615142,252.0,10648734.0,3.0
2019-04-09,22.126228664850128,22.03044412517545,22.50936682354883,21.934659585500775,244.0,9775811.0,3.0
2019-04-10,22.70093590289818,22.222013204524803,22.79672044257286,22.222013204524803,384.0,17136669.0,3.05
2019-04-11,24.903980315415726,22.892504982247534,24.903980315415726,22.79672044257286,3066.0,151139661.0,3.17
2019-04-12,27.107024727933272,25.670256632813135,27.298593807282625,24.999764855090405,5017.0,213521965.0,3.17
2019-04-15,28.92693098175211,27.777516505656003,29.118500061101464,27.3943783469573,4672.0,243690190.0,3.15
2019-04-16,28.543792823053412,29.118500061101464,29.50163821980017,27.681731965981324,2926.0,140799988.0,3.13
2019-04-17,28.543792823053412,28.256439204029384,29.118500061101464,27.87330104533068,1444.0,71225034.0,3.16
2019-04-18,31.321544473619014,31.321544473619014,31.321544473619014,31.321544473619014,735.0,40052849.0,2.96
2019-04-19,31.034190854594982,32.56674348938979,32.56674348938979,29.88477637849887,4499.0,220681222.0,2.83
2019-04-22,30.5552681562216,31.704682632317716,31.704682632317716,30.36369907687225,1310.0,56302554.0,2.78
2019-04-23,27.681731965981324,30.076345457848223,30.1721299975229,27.585947426306653,2838.0,146723338.0,2.75
2019-04-24,27.011240188258597,27.490162886631975,28.06487012468003,26.532317489885216,1194.0,50899272.0,2.91
2019-04-25,27.585947426306653,27.585947426306653,28.73536190240276,27.202809267607947,1612.0,66159557.0,2.75
2019-04-26,27.202809267607947,27.777516505656003,28.160654664354706,27.107024727933272,713.0,25306861.0,2.67
2019-04-29,26.915455648583922,27.681731965981324,27.681731965981324,26.628102029559894,654.0,27731884.0,2.65
2019-04-30,27.490162886631975,27.298593807282625,28.06487012468003,26.915455648583922,815.0,35162260.0,3.03
2019-05-02,27.490162886631975,27.490162886631975,27.585947426306653,27.202809267607947,386.0,17595490.0,3.02
2019-05-03,27.490162886631975,27.585947426306653,28.160654664354706,27.3943783469573,585.0,25924303.0,2.96
2019-05-06,26.723886569234566,27.202809267607947,27.202809267607947,26.43653295021054,384.0,18558434.0,2.97
2019-05-07,26.723886569234566,26.819671108909244,27.107024727933272,26.628102029559894,544.0,29458587.0,3.0
2019-05-08,28.639577362728083,27.107024727933272,28.83114644207744,26.819671108909244,2213.0,83745886.0,2.99
2019-05-09,28.06487012468003,28.639577362728083,29.405853680125492,27.777516505656003,1979.0,85855282.0,2.82
2019-05-10,27.585947426306653,28.06487012468003,28.639577362728083,27.011240188258597,987.0,41016706.0,2.8
2019-05-13,26.628102029559894,27.585947426306653,28.06487012468003,26.532317489885216,852.0,36746911.0,2.72
2019-05-14,26.43653295021054,26.340748410535866,27.107024727933272,25.766041172487807,783.0,34091867.0,2.78
2019-05-15,26.05339479151184,26.628102029559894,27.107024727933272,26.05339479151184,693.0,30503258.0,2.74
2019-05-16,25.957610251837163,26.149179331186513,26.628102029559894,25.861825712162485,362.0,14338963.0,2.73
2019-05-17,25.670256632813135,26.149179331186513,26.43653295021054,25.574472093138457,396.0,13860157.0,2.58
2019-05-20,25.09554939476508,25.670256632813135,25.861825712162485,24.80819577574105,612.0,24472000.0,2.64
2019-05-21,25.670256632813135,24.903980315415726,26.05339479151184,24.712411236066377,533.0,21732728.0,2.7
2019-05-22,25.670256632813135,25.574472093138457,25.957610251837163,25.382903013789107,206.0,8069385.0,2.73
2019-05-23,25.09554939476508,25.478687553463782,25.861825712162485,25.09554939476508,285.0,11896651.0,2.72
2019-05-24,25.191333934439754,25.09554939476508,25.766041172487807,25.09554939476508,269.0,13445661.0,2.67
2019-05-27,25.28711847411443,25.09554939476508,25.478687553463782,25.09554939476508,229.0,10714408.0,2.66
2019-05-28,25.957610251837163,25.478687553463782,26.05339479151184,25.28711847411443,343.0,18019364.0,2.75
2019-05-29,26.340748410535866,25.861825712162485,26.723886569234566,25.670256632813135,409.0,16937724.0,2.74
2019-05-30,27.011240188258597,26.628102029559894,27.777516505656003,26.628102029559894,894.0,35572249.0,2.69
2019-05-31,27.298593807282625,27.202809267607947,27.3943783469573,26.819671108909244,334.0,10524095.0,2.7
2019-06-03,26.915455648583922,27.202809267607947,27.202809267607947,26.723886569234566,167.0,7194866.0,2.69
2019-06-04,26.43653295021054,27.202809267607947,27.202809267607947,26.43653295021054,188.0,7159393.0,2.68
2019-06-05,26.532317489885216,26.723886569234566,26.819671108909244,26.43653295021054,127.0,3553719.0,2.68
2019-06-06,26.532317489885216,26.532317489885216,26.723886569234566,26.340748410535866,134.0,4896013.0,2.7
2019-06-10,26.532317489885216,26.723886569234566,26.819671108909244,26.532317489885216,196.0,8870998.0,2.75
2019-06-11,26.532317489885216,26.723886569234566,26.723886569234566,26.43653295021054,160.0,6893196.0,2.75
2019-06-12,26.628102029559894,26.723886569234566,26.723886569234566,26.43653295021054,201.0,9236433.0,2.75
2019-06-13,28.543792823053412,26.628102029559894,28.73536190240276,26.532317489885216,2262.0,88657936.0,2.78
2019-06-14,28.256439204029384,28.256439204029384,28.639577362728083,27.969085585005352,803.0,35547294.0,2.76
2019-06-17,28.256439204029384,28.448008283378734,29.02271552142679,28.256439204029384,787.0,29749382.0,2.71
2019-06-18,27.87330104533068,28.448008283378734,28.543792823053412,27.777516505656003,370.0,15711057.0,2.7
2019-06-19,28.256439204029384,28.35222374370406,28.543792823053412,28.06487012468003,306.0,11632398.0,2.71
2019-06-20,28.35222374370406,28.543792823053412,28.543792823053412,28.160654664354706,279.0,10335268.0,2.73
2019-06-21,28.543792823053412,28.543792823053412,29.118500061101464,28.35222374370406,802.0,34910785.0,2.72
2019-06-24,28.639577362728083,28.83114644207744,28.92693098175211,28.256439204029384,255.0,12550558.0,2.71
2019-06-25,28.35222374370406,28.73536190240276,28.92693098175211,28.256439204029384,400.0,18368755.0,2.67
2019-06-26,28.543792823053412,28.448008283378734,28.543792823053412,28.160654664354706,256.0,11171063.0,2.7
2019-06-27,28.448008283378734,28.639577362728083,28.639577362728083,28.256439204029384,207.0,9927600.0,2.73
2019-06-28,28.35222374370406,28.543792823053412,28.543792823053412,28.256439204029384,233.0,12017772.0,2.71
2019-07-01,28.256439204029384,28.543792823053412,28.543792823053412,28.160654664354706,305.0,14152537.0,2.73
2019-07-02,28.256439204029384,28.543792823053412,28.543792823053412,28.256439204029384,298.0,13693175.0,2.77
2019-07-03,28.448008283378734,28.35222374370406,28.543792823053412,28.256439204029384,220.0,9710797.0,2.81
2019-07-04,30.076345457848223,28.543792823053412,30.5552681562216,28.543792823053412,2695.0,114778641.0,2.83
2019-07-05,29.98056091817355,30.45948361654693,30.938406314920304,29.50163821980017,1616.0,71010027.0,2.78
2019-07-08,29.69320729914952,29.98056091817355,29.98056091817355,29.214284600776143,581.0,25241781.0,2.74
2019-07-09,28.639577362728083,29.98056091817355,29.98056091817355,28.543792823053412,854.0,36504940.0,2.67
2019-07-10,28.639577362728083,28.543792823053412,28.73536190240276,28.448008283378734,307.0,12431176.0,2.66
2019-07-11,28.448008283378734,28.83114644207744,28.83114644207744,28.35222374370406,329.0,10219860.0,2.62
2019-07-12,28.448008283378734,28.543792823053412,28.543792823053412,28.06487012468003,302.0,13786478.0,2.5
2019-07-15,28.83114644207744,28.448008283378734,29.118500061101464,28.256439204029384,280.0,10165800.0,2.48
2019-07-16,28.73536190240276,29.02271552142679,29.310069140450818,28.73536190240276,300.0,12771104.0,1.9
2019-07-17,29.02271552142679,28.639577362728083,29.69320729914952,28.639577362728083,544.0,28464766.0,1.92
2019-07-18,28.639577362728083,29.118500061101464,29.118500061101464,28.639577362728083,351.0,20873872.0,1.9
2019-07-19,28.35222374370406,28.73536190240276,28.73536190240276,28.256439204029384,427.0,18673970.0,1.9
2019-07-22,28.448008283378734,28.543792823053412,28.83114644207744,28.256439204029384,510.0,32758403.0,1.91
2019-07-23,28.543792823053412,28.543792823053412,28.543792823053412,28.256439204029384,492.0,32084155.0,1.91
2019-07-24,29.534896740520544,28.940234390040263,29.634007132267257,28.84112399829355,956.0,50074360.0,1.99
2019-07-25,29.534896740520544,29.931338307507396,30.32777987449425,29.534896740520544,1744.0,79076897.0,1.86
2019-07-26,28.147351256066557,29.33667595702712,29.33667595702712,28.147351256066557,1389.0,65017367.0,2.97
2019-07-29,28.24646164781327,28.24646164781327,28.543792823053412,28.048240864319844,425.0,20105962.0,2.98
2019-07-30,28.345572039559986,28.543792823053412,28.543792823053412,27.850020080826418,379.0,19683888.0,2.97
2019-07-31,27.850020080826418,28.345572039559986,28.345572039559986,27.850020080826418,367.0,18057716.0,2.94
2019-08-01,28.048240864319844,27.850020080826418,28.048240864319844,27.453578513839567,346.0,13326399.0,2.96
2019-08-02,27.55268890558628,27.750909689079705,27.850020080826418,27.453578513839567,337.0,12867423.0,2.91
2019-08-05,27.651799297332992,27.354468122092854,27.651799297332992,27.354468122092854,159.0,5109209.0,2.9
2019-08-06,27.651799297332992,27.354468122092854,27.651799297332992,26.36336420462572,565.0,23223787.0,2.77
2019-08-07,27.55268890558628,27.453578513839567,27.750909689079705,27.453578513839567,167.0,6271893.0,2.77
2019-08-08,28.048240864319844,27.750909689079705,28.345572039559986,27.55268890558628,270.0,9949413.0,2.76
2019-08-12,28.84112399829355,28.147351256066557,29.33667595702712,27.94913047257313,605.0,29826030.0,2.81
2019-08-13,29.534896740520544,28.742013606546838,29.534896740520544,28.543792823053412,829.0,40592197.0,2.84
2019-08-14,27.453578513839567,28.84112399829355,28.84112399829355,26.858916163359286,2715.0,113840408.0,2.77
2019-08-15,27.750909689079705,27.156247338599425,28.4446824313067,26.958026555106,1934.0,72953257.0,2.83
2019-08-16,27.55268890558628,27.94913047257313,28.048240864319844,27.25535773034614,978.0,40036894.0,2.87
2019-08-19,27.750909689079705,27.94913047257313,27.94913047257313,27.453578513839567,500.0,21550456.0,2.94
2019-08-20,28.642903214800125,27.750909689079705,29.237565565280406,27.750909689079705,3092.0,130844438.0,3.18
2019-08-21,31.417994183708096,30.426890266240964,31.417994183708096,30.426890266240964,3484.0,253674103.0,3.13
2019-08-22,31.51710457545481,32.50820849292194,32.70642927641536,31.120663008467954,10765.0,613684390.0,2.79
2019-08-23,30.823331833227815,31.318883791961383,31.318883791961383,30.724221441481102,2391.0,110732717.0,2.98
2019-08-26,30.922442224974528,30.03044869925411,31.417994183708096,30.03044869925411,2875.0,134004332.0,2.81
2019-08-27,30.922442224974528,30.922442224974528,31.318883791961383,30.724221441481102,1338.0,54654305.0,2.72
2019-08-28,30.32777987449425,30.922442224974528,31.120663008467954,30.12955909100082,1335.0,52914997.0,2.7
2019-08-29,30.228669482747534,30.62511104973439,30.724221441481102,30.12955909100082,930.0,35529974.0,2.72
2019-08-30,31.120663008467954,30.526000657987677,31.913546142441664,30.526000657987677,3551.0,171443278.0,2.77
2019-09-02,31.51710457545481,31.120663008467954,31.616214967201522,31.120663008467954,1287.0,55503148.0,3.01
2019-09-03,31.120663008467954,31.417994183708096,31.51710457545481,30.526000657987677,1677.0,75930863.0,2.93
2019-09-04,31.51710457545481,31.417994183708096,32.01265653418837,31.21977340021467,2562.0,118260376.0,2.64
2019-09-05,31.21977340021467,31.616214967201522,31.814435750694948,31.21977340021467,1284.0,58876848.0,2.67
2019-09-06,31.21977340021467,31.318883791961383,31.417994183708096,30.922442224974528,813.0,33713082.0,2.64
2019-09-09,31.02155261672124,31.417994183708096,31.51710457545481,30.922442224974528,620.0,30876744.0,2.57
2019-09-10,30.426890266240964,31.21977340021467,31.21977340021467,30.228669482747534,1109.0,49449030.0,2.55
2019-09-11,31.02155261672124,30.526000657987677,31.02155261672124,30.426890266240964,627.0,25258096.0,2.69
2019-09-12,31.616214967201522,31.814435750694948,32.40909810117523,31.51710457545481,4217.0,211934347.0,2.64
2019-09-16,31.318883791961383,31.51710457545481,31.51710457545481,31.120663008467954,797.0,31762420.0,2.62
2019-09-17,31.02155261672124,31.318883791961383,31.417994183708096,31.02155261672124,505.0,24176826.0,2.61
2019-09-18,30.62511104973439,31.120663008467954,31.120663008467954,30.526000657987677,916.0,39417217.0,2.53
2019-09-19,30.426890266240964,30.62511104973439,30.724221441481102,30.32777987449425,546.0,22607284.0,2.49
2019-09-20,30.823331833227815,30.32777987449425,30.922442224974528,30.32777987449425,477.0,20663074.0,2.5
2019-09-23,30.526000657987677,30.724221441481102,30.922442224974528,30.426890266240964,602.0,25970020.0,2.62
2019-09-24,30.526000657987677,30.62511104973439,30.823331833227815,30.526000657987677,379.0,14265449.0,2.58
2019-09-25,30.32777987449425,30.526000657987677,30.526000657987677,30.228669482747534,395.0,16758400.0,2.49
2019-09-26,30.03044869925411,30.32777987449425,30.526000657987677,29.931338307507396,466.0,19964804.0,2.45
2019-09-27,29.13845517353369,30.12955909100082,30.12955909100082,28.84112399829355,1049.0,46164374.0,2.4
2019-10-01,29.237565565280406,29.33667595702712,29.534896740520544,29.13845517353369,409.0,15283981.0,2.4
2019-10-02,29.039344781786976,29.13845517353369,29.33667595702712,28.940234390040263,288.0,11855073.0,2.41
2019-10-03,28.742013606546838,28.940234390040263,28.940234390040263,28.543792823053412,393.0,16197845.0,2.41
2019-10-04,28.742013606546838,29.039344781786976,29.13845517353369,28.642903214800125,303.0,10590085.0,2.4
2019-10-07,29.534896740520544,28.940234390040263,29.832227915760683,28.940234390040263,830.0,32053420.0,2.43
2019-10-08,29.634007132267257,29.931338307507396,30.12955909100082,29.634007132267257,694.0,28565225.0,2.4
2019-10-09,29.832227915760683,29.73311752401397,29.931338307507396,29.43578634877383,345.0,13086179.0,2.41
2019-10-14,30.426890266240964,30.724221441481102,30.823331833227815,30.32777987449425,1108.0,49157427.0,2.45
2019-10-15,30.724221441481102,30.62511104973439,31.120663008467954,30.526000657987677,1370.0,61496258.0,2.54
2019-10-16,30.724221441481102,31.02155261672124,31.120663008467954,30.426890266240964,578.0,27198897.0,2.56
2019-10-17,31.02155261672124,31.120663008467954,31.616214967201522,30.922442224974528,1200.0,49555582.0,2.58
2019-10-18,31.02155261672124,31.02155261672124,31.120663008467954,30.724221441481102,609.0,26501061.0,2.7
2019-10-21,31.21977340021467,31.318883791961383,31.51710457545481,31.02155261672124,1876.0,79316561.0,2.72
2019-10-22,31.02155261672124,31.120663008467954,31.318883791961383,30.922442224974528,651.0,26105274.0,2.86
2019-10-23,30.724221441481102,31.21977340021467,31.318883791961383,30.724221441481102,582.0,29039364.0,2.83
2019-10-24,30.724221441481102,30.922442224974528,31.02155261672124,30.724221441481102,416.0,21505556.0,2.96
2019-10-25,31.21977340021467,31.02155261672124,31.715325358948235,30.823331833227815,2040.0,91360424.0,3.1
2019-10-28,31.120663008467954,31.51710457545481,31.51710457545481,31.02155261672124,579.0,24435731.0,3.15
2019-10-29,30.62511104973439,31.21977340021467,31.318883791961383,30.62511104973439,723.0,30256784.0,3.11
2019-10-30,30.823331833227815,30.62511104973439,30.823331833227815,30.62511104973439,308.0,12482278.0,3.21
2019-10-31,30.724221441481102,31.02155261672124,31.120663008467954,30.724221441481102,361.0,15407478.0,3.2
2019-11-01,30.724221441481102,30.724221441481102,30.724221441481102,30.526000657987677,283.0,10133285.0,3.22
2019-11-04,30.922442224974528,30.724221441481102,30.922442224974528,30.62511104973439,442.0,18793258.0,3.24
2019-11-05,32.2108773176818,31.02155261672124,33.10287084340222,31.02155261672124,6067.0,280327642.0,3.45
2019-11-06,32.111766925935086,32.50820849292194,32.70642927641536,31.715325358948235,2296.0,97442890.0,3.52
2019-11-07,31.120663008467954,31.715325358948235,31.913546142441664,31.120663008467954,1474.0,71252085.0,3.44
2019-11-08,30.922442224974528,31.318883791961383,31.417994183708096,30.922442224974528,648.0,28216946.0,3.42
2019-11-11,29.832227915760683,30.724221441481102,30.724221441481102,29.73311752401397,1270.0,47595029.0,3.25
2019-11-12,30.12955909100082,30.03044869925411,30.228669482747534,29.832227915760683,402.0,13613234.0,3.23
2019-11-13,29.931338307507396,29.931338307507396,30.12955909100082,29.832227915760683,417.0,18039797.0,3.17
2019-11-14,29.534896740520544,29.931338307507396,30.03044869925411,29.33667595702712,732.0,28171458.0,3.08
2019-11-15,29.832227915760683,29.534896740520544,30.03044869925411,29.534896740520544,421.0,15378103.0,3.1
2019-11-18,29.534896740520544,29.832227915760683,29.832227915760683,29.43578634877383,588.0,18947605.0,3.07
2019-11-19,29.73311752401397,29.634007132267257,29.73311752401397,29.43578634877383,281.0,10413180.0,2.97
2019-11-20,29.237565565280406,29.73311752401397,29.832227915760683,29.237565565280406,528.0,18947547.0,2.9
2019-11-21,29.43578634877383,29.13845517353369,29.534896740520544,28.940234390040263,404.0,17441038.0,2.89
2019-11-22,29.73311752401397,29.43578634877383,29.832227915760683,29.237565565280406,365.0,16882482.0,2.87
2019-11-25,29.832227915760683,29.73311752401397,29.832227915760683,29.634007132267257,258.0,10639665.0,2.87
2019-11-26,29.931338307507396,30.228669482747534,30.32777987449425,29.931338307507396,862.0,35947375.0,2.82
2019-11-27,29.931338307507396,30.03044869925411,30.03044869925411,29.832227915760683,195.0,6419230.0,2.83
2019-11-28,29.73311752401397,30.03044869925411,30.03044869925411,29.73311752401397,199.0,7454810.0,2.83
2019-11-29,29.534896740520544,29.73311752401397,29.931338307507396,29.534896740520544,222.0,8666007.0,2.84
2019-12-02,29.13845517353369,29.534896740520544,29.73311752401397,29.13845517353369,427.0,14892251.0,2.73
2019-12-03,29.237565565280406,29.13845517353369,29.43578634877383,29.13845517353369,340.0,8901308.0,2.68
2019-12-04,29.039344781786976,29.13845517353369,29.33667595702712,28.84112399829355,411.0,13793554.0,2.66
2019-12-05,29.13845517353369,29.13845517353369,29.33667595702712,29.13845517353369,273.0,10019219.0,2.65
2019-12-06,29.237565565280406,29.43578634877383,29.534896740520544,29.237565565280406,239.0,6609989.0,2.66
2019-12-09,29.237565565280406,29.33667595702712,29.43578634877383,29.237565565280406,244.0,8622340.0,2.66
2019-12-10,29.634007132267257,29.43578634877383,29.832227915760683,29.13845517353369,420.0,22639174.0,2.71
2019-12-11,29.534896740520544,29.634007132267257,29.73311752401397,29.43578634877383,202.0,5789075.0,2.7
2019-12-12,29.33667595702712,29.534896740520544,29.634007132267257,29.33667595702712,221.0,8019190.0,2.69
2019-12-13,29.237565565280406,29.534896740520544,29.634007132267257,29.237565565280406,262.0,9527556.0,2.66
2019-12-16,29.237565565280406,29.33667595702712,29.43578634877383,29.237565565280406,246.0,9827029.0,2.68
2019-12-17,29.43578634877383,29.43578634877383,29.43578634877383,29.237565565280406,219.0,7864577.0,2.69
2019-12-18,29.43578634877383,29.43578634877383,29.534896740520544,29.33667595702712,189.0,5844241.0,2.33
2019-12-19,29.832227915760683,29.634007132267257,30.03044869925411,29.534896740520544,681.0,28323910.0,2.35
2019-12-20,29.832227915760683,30.03044869925411,30.228669482747534,29.634007132267257,390.0,12806635.0,2.33
2019-12-23,29.534896740520544,29.634007132267257,29.73311752401397,29.534896740520544,214.0,8724548.0,2.31
2019-12-24,29.534896740520544,29.534896740520544,29.534896740520544,29.43578634877383,157.0,5499215.0,2.31
2019-12-25,29.534896740520544,29.534896740520544,29.73311752401397,29.534896740520544,162.0,5931179.0,2.32
2019-12-26,29.634007132267257,29.634007132267257,29.832227915760683,29.634007132267257,208.0,8625153.0,2.38
2019-12-27,29.634007132267257,29.931338307507396,30.03044869925411,29.534896740520544,353.0,16727058.0,2.43
2019-12-30,31.417994183708096,31.51710457545481,31.715325358948235,31.120663008467954,3676.0,172922069.0,2.57
2019-12-31,31.417994183708096,31.51710457545481,31.913546142441664,31.21977340021467,1417.0,61865939.0,2.5
2020-01-02,32.111766925935086,31.51710457545481,32.50820849292194,31.51710457545481,2713.0,128344634.0,2.72
2020-01-03,31.616214967201522,32.30998770942851,32.40909810117523,31.21977340021467,1269.0,60361871.0,2.65
2020-01-06,30.823331833227815,31.318883791961383,31.318883791961383,30.62511104973439,656.0,35589463.0,2.67
2020-01-07,31.814435750694948,31.21977340021467,32.01265653418837,30.922442224974528,2201.0,103685352.0,2.68
2020-01-08,31.51710457545481,31.21977340021467,32.111766925935086,31.21977340021467,1511.0,71058887.0,2.68
2020-01-09,31.715325358948235,31.913546142441664,32.111766925935086,31.51710457545481,1134.0,52864486.0,2.46
2020-01-10,32.30998770942851,32.111766925935086,33.201981235148935,32.01265653418837,3175.0,142114914.0,2.48
2020-01-13,33.201981235148935,32.30998770942851,33.6975331938825,32.30998770942851,3014.0,152673999.0,2.68
2020-01-14,32.80553966816208,33.40020201864236,33.59842280213579,32.70642927641536,1550.0,79461087.0,2.63
2020-01-15,32.904650059908796,33.0037604516555,33.30109162689565,32.80553966816208,940.0,45062659.0,2.66
2020-01-16,33.201981235148935,32.904650059908796,33.30109162689565,32.904650059908796,777.0,35307271.0,2.68
2020-01-17,33.59842280213579,33.499312410389074,34.3913059361095,33.40020201864236,2331.0,105211872.0,2.59
2020-01-20,33.99486436912264,33.895753977375925,34.3913059361095,33.79664358562921,1611.0,79291505.0,2.6
2020-01-30,30.62511104973439,31.616214967201522,31.715325358948235,30.62511104973439,1960.0,91450421.0,2.65
2020-01-31,31.120663008467954,31.318883791961383,32.01265653418837,29.73311752401397,1548.0,70134922.0,2.8
2020-02-03,31.318883791961383,30.03044869925411,31.318883791961383,29.73311752401397,1030.0,39996885.0,2.81
2020-02-04,31.21977340021467,31.715325358948235,31.814435750694948,31.21977340021467,758.0,33159259.0,2.73
2020-02-05,30.724221441481102,31.417994183708096,31.417994183708096,30.724221441481102,719.0,33186376.0,2.64
2020-02-06,31.616214967201522,30.922442224974528,31.913546142441664,30.823331833227815,1167.0,49264284.0,2.81
2020-02-07,30.922442224974528,31.814435750694948,31.814435750694948,30.922442224974528,885.0,38564221.0,2.75
2020-02-10,31.120663008467954,30.426890266240964,31.616214967201522,30.228669482747534,819.0,29079687.0,2.68
2020-02-11,31.318883791961383,31.21977340021467,31.616214967201522,31.120663008467954,560.0,22634882.0,2.63
2020-02-12,31.21977340021467,31.417994183708096,31.616214967201522,31.120663008467954,603.0,32286465.0,2.6
2020-02-13,31.120663008467954,31.417994183708096,31.417994183708096,31.02155261672124,477.0,22385337.0,2.6
2020-02-14,33.201981235148935,31.318883791961383,33.59842280213579,31.21977340021467,3704.0,183375277.0,2.91
2020-02-17,34.09397476086935,33.40020201864236,34.29219554436278,33.30109162689565,3516.0,171665323.0,2.92
2020-02-18,34.09397476086935,33.79664358562921,34.98596828658977,33.79664358562921,3612.0,171572037.0,3.0
2020-02-19,33.895753977375925,34.3913059361095,34.3913059361095,33.10287084340222,2010.0,89963246.0,3.08
2020-02-20,34.688637111349635,34.688637111349635,35.58063063707005,34.29219554436278,3079.0,157057172.0,3.04
2020-02-21,33.499312410389074,34.688637111349635,34.78774750309635,33.40020201864236,1782.0,74165009.0,3.06
2020-02-24,33.10287084340222,33.201981235148935,33.499312410389074,32.50820849292194,1336.0,54889285.0,3.19
2020-02-25,33.30109162689565,32.40909810117523,33.499312410389074,32.40909810117523,951.0,47561823.0,3.22
2020-02-26,33.0037604516555,33.201981235148935,33.79664358562921,33.0037604516555,1263.0,55102226.0,3.11
2020-02-27,31.21977340021467,33.30109162689565,33.30109162689565,31.120663008467954,1930.0,90579324.0,3.22
2020-03-02,31.51710457545481,30.12955909100082,32.40909810117523,30.03044869925411,1873.0,81012595.0,3.17
2020-03-03,31.913546142441664,32.111766925935086,32.30998770942851,31.715325358948235,818.0,32296443.0,3.1
2020-03-04,33.6975331938825,32.2108773176818,33.99486436912264,31.913546142441664,4335.0,188617722.0,3.11
2020-03-05,33.59842280213579,33.6975331938825,34.29219554436278,33.30109162689565,2941.0,141759398.0,3.12
2020-03-06,33.201981235148935,33.30109162689565,33.30109162689565,32.904650059908796,1016.0,45412889.0,3.24
2020-03-09,31.616214967201522,33.0037604516555,33.79664358562921,31.51710457545481,1998.0,81433224.0,3.1
2020-03-10,32.50820849292194,31.02155261672124,32.50820849292194,31.02155261672124,1234.0,56411716.0,3.2
2020-03-11,31.616214967201522,32.70642927641536,32.80553966816208,31.417994183708096,964.0,37956132.0,2.87
2020-03-12,30.03044869925411,31.120663008467954,31.318883791961383,29.33667595702712,1899.0,80990198.0,2.77
2020-03-13,27.94913047257313,27.750909689079705,28.24646164781327,27.05713694685271,1899.0,88564838.0,2.88
2020-03-16,28.4446824313067,28.742013606546838,29.634007132267257,27.94913047257313,1630.0,54791838.0,2.82
2020-03-17,28.543792823053412,27.94913047257313,29.13845517353369,27.156247338599425,1091.0,43797299.0,2.85
2020-03-18,28.048240864319844,29.13845517353369,29.13845517353369,28.048240864319844,825.0,35415958.0,2.75
2020-03-19,25.273149895411876,27.453578513839567,27.55268890558628,25.273149895411876,1525.0,65430159.0,2.78
2020-03-20,27.25535773034614,26.66069537986586,27.750909689079705,26.165143421132292,1403.0,61856357.0,2.95
2020-03-23,25.37226028715859,25.37226028715859,25.669591462398728,24.579377153184883,1307.0,37587346.0,2.96
2020-03-24,27.750909689079705,26.36336420462572,27.750909689079705,26.264253812879005,1672.0,56576782.0,3.02
2020-03-25,27.850020080826418,28.543792823053412,28.940234390040263,27.55268890558628,1383.0,53823299.0,2.96
2020-03-26,27.850020080826418,28.147351256066557,28.147351256066557,27.354468122092854,620.0,21125760.0,2.9
2020-03-27,27.94913047257313,28.24646164781327,28.642903214800125,27.750909689079705,809.0,32666468.0,2.61
2020-03-30,27.651799297332992,27.55268890558628,27.850020080826418,27.156247338599425,533.0,16578786.0,2.58
2020-03-31,27.651799297332992,28.048240864319844,28.147351256066557,27.453578513839567,704.0,26102541.0,2.14
2020-04-01,28.742013606546838,27.750909689079705,28.742013606546838,27.55268890558628,922.0,35486218.0,2.29
2020-04-06,28.345572039559986,28.742013606546838,28.84112399829355,28.24646164781327,722.0,28186984.0,2.11
2020-04-07,28.940234390040263,28.642903214800125,29.33667595702712,28.4446824313067,863.0,36294863.0,2.12
2020-04-08,28.742013606546838,28.345572039559986,28.940234390040263,28.147351256066557,935.0,38237000.0,2.2
2020-04-09,28.742013606546838,28.940234390040263,29.43578634877383,28.4446824313067,667.0,23831171.0,2.16
2020-04-10,28.742013606546838,28.742013606546838,28.940234390040263,28.4446824313067,391.0,15115082.0,2.18
2020-04-13,28.4446824313067,28.742013606546838,28.84112399829355,28.4446824313067,394.0,14765403.0,2.22
2020-04-14,28.84112399829355,28.742013606546838,29.33667595702712,28.642903214800125,683.0,25579293.0,2.26
2020-04-15,29.237565565280406,29.237565565280406,29.43578634877383,28.940234390040263,741.0,32007564.0,2.34
2020-04-16,28.940234390040263,28.940234390040263,29.237565565280406,28.742013606546838,635.0,26415068.0,2.35
2020-04-17,29.73311752401397,29.634007132267257,31.02155261672124,29.237565565280406,2595.0,106362213.0,2.22
2020-04-20,29.43578634877383,29.931338307507396,29.931338307507396,29.33667595702712,630.0,25139728.0,2.27
2020-04-21,28.642903214800125,29.534896740520544,30.03044869925411,28.543792823053412,739.0,27389679.0,2.23
2020-04-22,28.543792823053412,28.543792823053412,28.84112399829355,27.94913047257313,495.0,16155049.0,2.12
2020-04-23,28.742013606546838,28.742013606546838,29.13845517353369,28.642903214800125,404.0,16074212.0,2.13
2020-04-24,28.940234390040263,28.742013606546838,29.039344781786976,28.742013606546838,350.0,15978382.0,2.16
2020-04-27,29.73311752401397,29.13845517353369,29.832227915760683,29.039344781786976,688.0,27932199.0,2.32
2020-04-28,30.724221441481102,30.12955909100082,30.724221441481102,30.03044869925411,1129.0,48673156.0,2.26
2020-04-29,30.426890266240964,31.318883791961383,31.417994183708096,30.32777987449425,1049.0,47128189.0,2.31
2020-04-30,30.426890266240964,30.724221441481102,30.724221441481102,30.12955909100082,783.0,37025941.0,2.27
2020-05-04,30.32777987449425,30.03044869925411,30.32777987449425,29.73311752401397,459.0,22206289.0,2.25
2020-05-05,30.62511104973439,30.62511104973439,30.922442224974528,30.32777987449425,587.0,27238377.0,2.22
2020-05-06,33.59842280213579,30.823331833227815,33.59842280213579,30.526000657987677,5332.0,235049359.0,2.34
2020-05-07,34.4904163278562,34.4904163278562,34.4904163278562,32.60731888466865,5134.0,204047380.0,2.25
2020-05-08,34.29219554436278,34.78774750309635,35.1841890700832,33.499312410389074,2934.0,125425047.0,2.21
2020-05-11,34.688637111349635,35.58063063707005,36.27440337929704,34.4904163278562,4728.0,237085375.0,2.17
2020-05-12,33.201981235148935,34.09397476086935,34.09397476086935,32.70642927641536,3464.0,130633840.0,2.26
2020-05-13,34.3913059361095,33.201981235148935,34.88685789484306,33.0037604516555,5424.0,228559424.0,2.24
2020-05-14,33.79664358562921,34.193085152616064,34.3913059361095,33.6975331938825,1655.0,68301481.0,2.23
2020-05-15,33.40020201864236,34.193085152616064,34.29219554436278,32.904650059908796,1467.0,62190807.0,2.23
2020-05-18,33.40020201864236,33.40020201864236,33.99486436912264,33.201981235148935,1519.0,63266198.0,2.17
2020-05-19,33.40020201864236,33.6975331938825,33.79664358562921,33.40020201864236,769.0,30649392.0,2.16
2020-05-20,33.30109162689565,33.40020201864236,33.59842280213579,33.0037604516555,869.0,33084873.0,2.19
2020-05-21,33.40020201864236,33.30109162689565,33.59842280213579,33.201981235148935,912.0,38440483.0,2.18
2020-05-22,33.30109162689565,33.59842280213579,33.895753977375925,33.201981235148935,1028.0,45204696.0,2.15
2020-05-25,33.895753977375925,33.499312410389074,33.99486436912264,33.201981235148935,929.0,39514670.0,2.36
2020-05-26,34.09397476086935,34.589526719602915,34.88685789484306,34.09397476086935,3047.0,138221986.0,2.25
2020-05-27,33.99486436912264,34.09397476086935,34.29219554436278,33.6975331938825,891.0,33270546.0,2.14
2020-05-28,33.499312410389074,33.99486436912264,34.193085152616064,33.499312410389074,851.0,32941014.0,2.13
2020-05-29,34.3913059361095,33.79664358562921,34.98596828658977,33.59842280213579,3519.0,157644273.0,2.2
2020-06-01,34.29219554436278,34.4904163278562,34.688637111349635,34.29219554436278,1076.0,44120780.0,2.26
2020-06-02,34.29219554436278,34.688637111349635,34.688637111349635,34.193085152616064,695.0,26449956.0,2.22
2020-06-03,34.589526719602915,34.3913059361095,34.688637111349635,34.3913059361095,881.0,41076115.0,2.27
2020-06-04,34.3913059361095,34.688637111349635,34.688637111349635,34.193085152616064,813.0,36020544.0,2.36
2020-06-05,34.78774750309635,34.4904163278562,35.28329946182991,34.4904163278562,1496.0,69812229.0,2.64
2020-06-08,35.382409853576625,35.382409853576625,36.076182595803616,35.08507867833649,4481.0,226665112.0,2.51
2020-06-09,34.78774750309635,35.48152024532334,35.58063063707005,34.78774750309635,1261.0,54182116.0,2.47
2020-06-10,34.3913059361095,34.78774750309635,34.88685789484306,34.3913059361095,1032.0,40156328.0,2.25
2020-06-11,33.40020201864236,34.4904163278562,34.688637111349635,33.40020201864236,1469.0,58530275.0,2.18
2020-06-12,33.10287084340222,32.70642927641536,33.201981235148935,31.913546142441664,1122.0,46621316.0,2.26
2020-06-15,33.59842280213579,33.6975331938825,33.79664358562921,33.30109162689565,657.0,26591776.0,2.23
2020-06-16,33.895753977375925,33.99486436912264,34.29219554436278,33.79664358562921,780.0,33425865.0,2.19
2020-06-17,33.895753977375925,34.09397476086935,34.193085152616064,33.895753977375925,456.0,20129501.0,2.24
2020-06-18,34.193085152616064,33.99486436912264,34.3913059361095,33.895753977375925,581.0,26049765.0,2.31
2020-06-19,34.3913059361095,34.3913059361095,34.78774750309635,34.29219554436278,880.0,37094836.0,2.36
2020-06-22,34.3913059361095,34.688637111349635,34.88685789484306,34.3913059361095,709.0,34140531.0,2.32
2020-06-23,33.99486436912264,34.78774750309635,34.78774750309635,33.99486436912264,780.0,37901169.0,2.3
2020-06-24,34.98596828658977,34.3913059361095,35.48152024532334,34.193085152616064,3568.0,167108018.0,2.36
2020-06-29,35.28329946182991,34.688637111349635,35.382409853576625,34.3913059361095,1321.0,57070459.0,2.64
2020-06-30,35.77885142056348,35.48152024532334,36.17529298755033,35.48152024532334,2266.0,117164302.0,2.74
2020-07-01,35.87796181231019,36.17529298755033,36.27440337929704,35.87796181231019,1559.0,81739359.0,2.95
2020-07-02,36.37351377104376,36.17529298755033,36.57173455453718,36.076182595803616,1698.0,93209611.0,3.36
2020-07-03,37.26550729676418,36.869065729777326,37.76105925549774,36.76995533803061,2691.0,138967539.0,3.52
2020-07-06,38.45483199772473,37.95928003899117,38.553942389471445,37.76105925549774,2971.0,168082604.0,3.65
2020-07-07,37.562838472004316,38.553942389471445,38.75216317296488,37.06728651327075,3009.0,159437886.0,3.71
2020-07-08,37.4637280802576,37.562838472004316,37.860169647244454,37.36461768851089,2106.0,134993077.0,3.4
2020-07-09,36.96817612152403,37.66194886375103,37.66194886375103,36.76995533803061,3832.0,213932682.0,3.23
2020-07-10,36.85716057761556,36.96817612152403,38.18934710451732,36.85716057761556,2504.0,154794585.0,3.4
2020-07-13,36.302082858073156,36.96817612152403,37.190207209341,35.63598959462227,1654.0,75824047.0,3.19
2020-07-14,34.858880787262905,36.302082858073156,36.302082858073156,34.858880787262905,1617.0,71120944.0,2.91
2020-07-15,34.858880787262905,34.858880787262905,35.52497405071379,34.081771979903536,1297.0,60227148.0,2.71
2020-07-16,35.74700513853075,34.858880787262905,35.74700513853075,34.41481861162898,1072.0,56877226.0,2.48
2020-07-17,34.41481861162898,35.63598959462227,35.74700513853075,34.41481861162898,936.0,46138419.0,2.26
2020-07-20,34.969896331171384,35.08091187507986,35.30294296289683,34.3038030677205,576.0,27540798.0,2.27
2020-07-21,34.969896331171384,34.969896331171384,35.52497405071379,34.858880787262905,482.0,22131902.0,2.22
2020-07-22,37.07919166543251,35.30294296289683,37.190207209341,35.19192741898834,2163.0,115712555.0,2.45
2020-07-23,37.301222753249476,36.74614503370707,37.967316016700366,36.74614503370707,1127.0,47127735.0,2.42
2020-07-24,36.96817612152403,37.190207209341,37.190207209341,35.63598959462227,934.0,49421553.0,2.46
2020-07-27,35.96903622634771,36.85716057761556,37.190207209341,35.858020682439225,638.0,31689352.0,2.55
2020-07-28,36.08005177025619,36.41309840198163,37.190207209341,35.63598959462227,757.0,40631835.0,2.46
2020-07-29,37.7452849288834,36.08005177025619,37.7452849288834,35.96903622634771,1362.0,72399912.0,2.67
2020-07-30,39.85458026314453,41.07575124613782,41.1867667900463,39.07747145578517,3487.0,207761323.0,2.49
2020-07-31,39.85458026314453,40.18762689486997,40.18762689486997,39.299502543602124,1940.0,103491516.0,2.94
2020-08-03,40.631689070503896,40.18762689486997,41.07575124613782,40.07661135096149,2215.0,133627745.0,3.07
2020-08-04,41.1867667900463,40.96473570222933,41.1867667900463,40.40965798268693,1776.0,101430451.0,3.43
2020-08-05,42.85199994867351,43.962155387758315,44.18418647557527,41.96387559740566,4915.0,286243053.0,3.11
2020-08-06,42.96301549258199,43.07403103649047,43.962155387758315,42.18590668522262,3779.0,231057583.0,3.76
2020-08-07,46.18246626592793,43.51809321212439,46.40449735374488,42.74098440476502,5840.0,346495943.0,4.25
2020-08-10,50.734103566175634,49.7349636709993,50.734103566175634,48.84683931973146,2276.0,193920641.0,3.98
2020-08-11,48.62480823191449,53.95355433952157,55.50777195424029,46.40449735374488,17523.0,1093967834.0,4.03
2020-08-12,53.287461076070684,48.95785486363994,53.398476619979164,48.402777144097534,9829.0,613418434.0,4.5
2020-08-13,52.95441444434524,53.84253879561308,56.6179273933251,51.95527454916891,10150.0,638307996.0,2.75
2020-08-14,53.62050770779612,52.28832118089436,54.73066314688093,51.28918128571804,5137.0,323748444.0,3.18
2020-08-17,55.729803042057256,55.06370977860637,57.50605174459294,53.84253879561308,9192.0,622844290.0,2.53
2020-08-18,57.284020656775986,55.61878749814878,58.28316055195231,53.398476619979164,8055.0,567273592.0,2.81
2020-08-19,57.50605174459294,57.284020656775986,58.83823827149471,56.062849673782694,6315.0,405075830.0,2.71
2020-08-20,51.95527454916891,56.950974025050535,57.50605174459294,51.84425900526043,8282.0,557596290.0,3.22
2020-08-21,52.17730563698588,52.84339890043676,54.73066314688093,52.17730563698588,4460.0,275402564.0,3.57
2020-08-24,52.621367812619795,52.399336724802836,52.95441444434524,50.845119110084106,2423.0,135723241.0,4.03
2020-08-25,57.83909837631839,53.7315232517046,57.83909837631839,53.7315232517046,3442.0,371277491.0,3.75
2020-08-26,57.1730051128675,59.50433153494559,61.83565795702369,56.50691184941662,17518.0,1238862428.0,2.61
2020-08-27,57.1730051128675,57.1730051128675,58.394176095860786,56.28488076159966,4764.0,255128696.0,2.66
2020-08-28,58.83823827149471,56.83995848114206,59.83737816667104,56.6179273933251,5029.0,295479301.0,2.29
2020-08-31,60.39245588621343,59.39331599103711,61.05854914966432,58.83823827149471,5726.0,353516148.0,2.35
2020-09-01,59.948393710579516,60.94753360575584,62.05768904484064,59.39331599103711,4462.0,287873987.0,2.27
2020-09-02,62.16870458874913,60.50347143012192,63.16784448392545,59.39331599103711,6168.0,437870733.0,2.88
2020-09-03,64.38901546691874,62.9458133961085,67.4974506963562,62.27972013265761,13265.0,1023613405.0,3.05
2020-09-04,65.72120199382051,61.724642413115205,66.27627971336291,61.39159578138976,12632.0,927264672.0,2.69
2020-09-07,63.72292220346785,66.16526416945443,66.83135743290532,63.72292220346785,6530.0,420553849.0,2.29
2020-09-08,60.17042479839648,63.72292220346785,64.16698437910178,59.948393710579516,6490.0,392595680.0,2.47
2020-09-09,61.05854914966432,59.50433153494559,62.27972013265761,58.17214500804383,4172.0,272155376.0,2.88
2020-09-10,59.72636262276255,61.05854914966432,61.83565795702369,59.282300447128634,3165.0,179679176.0,2.48
2020-09-11,57.7280828324099,59.83737816667104,60.83651806184736,57.7280828324099,3339.0,209165941.0,2.47
2020-09-14,58.06112946413534,57.95011392022687,58.616207183677744,54.286600971247005,4591.0,298163402.0,3.89
2020-09-15,58.83823827149471,59.39331599103711,61.05854914966432,58.616207183677744,3880.0,238429191.0,3.06
2020-09-16,59.50433153494559,59.060269359311675,60.50347143012192,58.616207183677744,2081.0,138735822.0,3.23
2020-09-17,62.390735676566095,60.059409254487996,62.390735676566095,59.50433153494559,4964.0,293360094.0,2.93
2020-09-18,62.612766764383046,61.83565795702369,63.16784448392545,61.28058023748129,3679.0,225594154.0,2.64
2020-09-21,61.724642413115205,62.72378230829153,63.72292220346785,61.613626869206726,2720.0,165235554.0,2.59
2020-09-22,62.05768904484064,61.39159578138976,62.72378230829153,59.50433153494559,2516.0,145392393.0,3.03
2020-09-23,62.612766764383046,62.72378230829153,63.72292220346785,61.946673500932164,3672.0,207321624.0,2.92
2020-09-24,64.38901546691874,61.946673500932164,65.27713981818658,61.05854914966432,6770.0,463801609.0,3.67
2020-09-25,60.281440342304954,65.49917090600354,70.82791701361062,58.616207183677744,27554.0,2101103521.0,2.87
2020-09-28,62.50175122047457,61.05854914966432,62.50175122047457,60.39245588621343,4169.0,272556625.0,3.12
2020-09-29,61.28058023748129,62.05768904484064,63.500891115650894,60.50347143012192,2806.0,170739855.0,2.73
2020-09-30,62.83479785220001,61.28058023748129,63.500891115650894,60.17042479839648,4102.0,247924102.0,3.33
2020-10-05,65.72120199382051,62.27972013265761,66.94237297681379,62.16870458874913,7577.0,489035240.0,5.13
2020-10-06,66.38729525727139,66.27627971336291,69.27369939889188,65.49917090600354,10436.0,644654821.0,4.59
2020-10-07,66.60932634508835,65.94323308163747,67.4974506963562,65.49917090600354,3177.0,203114570.0,5.26
2020-10-08,66.60932634508835,67.60846624026468,67.71948178417315,65.83221753772898,3367.0,244405240.0,5.25
2020-10-12,71.4940102770615,67.71948178417315,71.4940102770615,67.16440406463076,8521.0,631841404.0,5.57
2020-10-13,70.49487038188518,71.4940102770615,72.82619680396326,69.27369939889188,7106.0,473902679.0,4.9
2020-10-14,71.71604136487845,70.49487038188518,74.49142996259047,70.05080820625125,7471.0,479808355.0,4.49
2020-10-15,73.60330561132263,71.71604136487845,74.15838333086502,71.71604136487845,5264.0,331236379.0,4.79
2020-10-16,73.60330561132263,75.04650768213287,76.15666312121768,69.93979266234277,7936.0,510194672.0,4.35
2020-10-19,72.49315017223782,73.60330561132263,74.82447659431593,71.4940102770615,4432.0,304339374.0,4.15
2020-10-20,71.93807245269542,72.16010354051238,73.04822789178021,71.04994810142757,2869.0,254320370.0,4.72
2020-10-21,73.27025897959719,71.82705690878694,73.27025897959719,71.71604136487845,2525.0,208858994.0,5.39
2020-10-22,73.27025897959719,73.27025897959719,76.26767866512617,72.71518126005478,8468.0,600112797.0,4.37
2020-10-23,79.93119161410603,73.04822789178021,80.5972848775569,73.04822789178021,13324.0,973805033.0,6.66
2020-10-26,80.5972848775569,81.04134705319083,82.15150249227564,78.93205171892969,10379.0,788089684.0,5.74
2020-10-27,81.81845586055019,79.59814498238059,81.81845586055019,78.93205171892969,4191.0,333063339.0,6.29
2020-10-28,82.2625180361841,82.81759575572651,88.0353263194251,81.26337814100779,14406.0,1122841625.0,4.65
2020-10-29,84.26079782653677,81.04134705319083,84.59384445826221,79.70916052628905,6590.0,478758683.0,5.31
2020-10-30,81.1523625970993,84.26079782653677,85.48196880953004,80.7083004214654,6650.0,519152067.0,4.96
2020-11-02,80.15322270192299,81.1523625970993,83.03962684354347,79.15408280674666,4903.0,381752461.0,5.81
2020-11-03,82.59556466790956,80.48626933364842,82.59556466790956,80.04220715801449,3787.0,341122669.0,5.82
2020-11-04,81.70744031664171,82.15150249227564,83.70572010699436,81.26337814100779,3683.0,277029056.0,4.77
2020-11-05,81.59642477273323,81.92947140445867,83.70572010699436,81.1523625970993,4531.0,364666777.0,4.98
2020-11-06,80.26423824583146,82.15150249227564,82.59556466790956,79.4871294384721,3439.0,227882504.0,4.92
2020-11-09,82.70658021181804,80.37525378973994,84.14978228262828,79.93119161410603,4202.0,304791346.0,5.69
2020-11-10,80.26423824583146,82.81759575572651,83.26165793136043,79.82017607019755,4026.0,279022276.0,4.65
2020-11-11,81.92947140445867,81.48540922882475,82.15150249227564,80.15322270192299,2216.0,158530208.0,5.05
2020-11-12,80.26423824583146,82.15150249227564,82.48454912400108,79.26509835065514,2929.0,201123707.0,4.49
2020-11-13,81.04134705319083,80.15322270192299,82.15150249227564,80.15322270192299,2109.0,145050015.0,4.81
2020-11-16,81.70744031664171,81.04134705319083,82.59556466790956,80.15322270192299,3110.0,223707969.0,4.54
2020-11-17,80.26423824583146,81.70744031664171,82.3735335800926,80.26423824583146,2942.0,225530189.0,4.05
2020-11-18,72.27111908442086,81.04134705319083,81.26337814100779,72.27111908442086,8465.0,653065983.0,4.34
2020-11-19,68.82963722325796,68.82963722325796,71.04994810142757,66.49831080117987,11798.0,882811000.0,5.28
2020-11-20,68.38557504762404,70.49487038188518,71.93807245269542,67.94151287199013,5825.0,377536020.0,4.27
2020-11-23,68.38557504762404,68.16354395980707,69.49573048670885,67.60846624026468,2593.0,143211022.0,3.62
2020-11-24,67.71948178417315,69.38471494280037,69.38471494280037,67.71948178417315,2279.0,139250425.0,3.4
2020-11-25,65.27713981818658,68.27455950371557,68.82963722325796,61.50261132529824,8041.0,570215225.0,4.6
2020-11-26,65.38815536209506,66.27627971336291,67.71948178417315,65.1661242742781,3615.0,208485416.0,4.17
2020-11-27,64.72206209864417,65.49917090600354,66.16526416945443,63.72292220346785,2501.0,134253530.0,4.27
2020-11-30,63.500891115650894,65.27713981818658,65.27713981818658,63.278860027833936,2347.0,125869446.0,4.3
2020-12-01,65.1661242742781,63.83393774737634,65.38815536209506,61.724642413115205,3779.0,228512634.0,4.51
2020-12-02,63.16784448392545,65.1661242742781,65.38815536209506,62.72378230829153,3084.0,171300643.0,3.49
2020-12-03,63.94495329128482,62.27972013265761,64.94409318646115,62.16870458874913,2205.0,118736855.0,3.84
2020-12-04,63.500891115650894,63.94495329128482,64.83307764255267,62.83479785220001,1797.0,113187395.0,3.51
2020-12-07,64.16698437910178,64.38901546691874,64.83307764255267,61.946673500932164,2119.0,118176657.0,3.8
2020-12-08,64.38901546691874,64.16698437910178,65.05510873036962,63.94495329128482,1385.0,91390117.0,3.62
2020-12-09,68.27455950371557,64.50003101082721,68.38557504762404,64.50003101082721,4555.0,300635990.0,3.39
2020-12-10,65.94323308163747,66.16526416945443,67.38643515244772,64.0559688351933,3251.0,251207392.0,2.85
2020-12-11,64.72206209864417,66.05424862554595,66.38729525727139,63.72292220346785,1669.0,98444133.0,2.43
2020-12-14,64.83307764255267,64.83307764255267,65.49917090600354,63.72292220346785,1110.0,62602475.0,2.56
2020-12-15,64.72206209864417,65.61018644991202,66.60932634508835,64.50003101082721,1504.0,95429825.0,2.52
2020-12-16,66.94237297681379,66.27627971336291,69.60674603061733,65.83221753772898,4471.0,298973387.0,2.48
2020-12-17,65.83221753772898,66.94237297681379,68.05252841589859,65.38815536209506,1498.0,83346739.0,2.32
2020-12-18,65.27713981818658,66.27627971336291,66.49831080117987,64.16698437910178,1638.0,99067393.0,2.21
2020-12-21,65.05510873036962,65.27713981818658,65.27713981818658,63.72292220346785,1100.0,59858905.0,2.43
2020-12-22,62.72378230829153,64.50003101082721,66.05424862554595,62.612766764383046,1387.0,75072809.0,2.14
2020-12-23,65.05510873036962,63.05682894001697,65.49917090600354,62.72378230829153,1472.0,90397419.0,2.51
2020-12-24,65.27713981818658,65.05510873036962,65.94323308163747,64.94409318646115,1030.0,66645017.0,2.77
2020-12-25,64.83307764255267,65.49917090600354,66.27627971336291,64.38901546691874,814.0,47775494.0,2.69
2020-12-28,66.94237297681379,65.1661242742781,67.27541960853924,64.72206209864417,1682.0,108287659.0,2.99
2020-12-29,65.49917090600354,66.94237297681379,67.38643515244772,65.27713981818658,1289.0,76552271.0,2.42
2020-12-30,66.72034188899683,66.83135743290532,67.83049732808163,66.38729525727139,1720.0,117891312.0,2.33
2020-12-31,66.94237297681379,67.16440406463076,67.27541960853924,66.05424862554595,851.0,49522080.0,2.26
2021-01-04,67.71948178417315,67.05338852072227,68.82963722325796,66.72034188899683,1508.0,86556437.0,2.39
2021-01-05,67.83049732808163,67.83049732808163,68.49659059153252,67.05338852072227,1292.0,75789399.0,2.53
2021-01-06,64.72206209864417,69.49573048670885,69.49573048670885,63.389875571742415,2779.0,197658969.0,2.36
2021-01-07,65.27713981818658,64.72206209864417,66.83135743290532,64.72206209864417,1037.0,58901219.0,2.5
2021-01-08,64.72206209864417,66.38729525727139,67.16440406463076,64.50003101082721,1659.0,126800480.0,2.56
2021-01-11,64.50003101082721,65.94323308163747,65.94323308163747,64.38901546691874,634.0,36673330.0,2.43
2021-01-12,60.50347143012192,64.38901546691874,64.50003101082721,60.50347143012192,2763.0,149281929.0,2.2
2021-01-13,57.7280828324099,61.724642413115205,61.83565795702369,56.17386521769118,3794.0,232042388.0,2.96
2021-01-14,57.95011392022687,57.7280828324099,59.50433153494559,57.7280828324099,2210.0,123676835.0,2.95
2021-01-15,54.397616515155484,58.17214500804383,58.17214500804383,54.397616515155484,3396.0,233609050.0,3.15
2021-01-18,56.950974025050535,55.06370977860637,57.395036200684466,48.95785486363994,6490.0,399503764.0,3.74
2021-01-19,54.286600971247005,56.83995848114206,56.950974025050535,53.398476619979164,3989.0,241010990.0,2.8
2021-01-20,52.17730563698588,54.50863205906397,54.84167869078941,51.622227917443475,2301.0,145638914.0,2.7
2021-01-21,53.287461076070684,52.95441444434524,54.61964760297245,51.622227917443475,1541.0,75984094.0,2.66
2021-01-22,53.287461076070684,53.50949216388764,53.84253879561308,51.622227917443475,1327.0,82000530.0,2.97
2021-01-25,52.28832118089436,52.621367812619795,53.06542998825372,51.40019682962651,1504.0,69486627.0,3.14
2021-01-26,50.62308802226715,52.399336724802836,52.73238335652828,50.62308802226715,1470.0,83393546.0,3.01
2021-01-27,52.399336724802836,51.84425900526043,52.510352268711316,51.28918128571804,1424.0,75427404.0,3.28
2021-01-28,52.28832118089436,52.17730563698588,54.50863205906397,51.40019682962651,6491.0,531031348.0,2.65
2021-01-29,52.17730563698588,52.28832118089436,53.84253879561308,51.51121237353499,2378.0,128711242.0,2.48
2021-02-01,49.956994758816265,53.84253879561308,55.06370977860637,49.956994758816265,4987.0,315052087.0,1.73
2021-02-02,52.399336724802836,50.17902584663323,52.73238335652828,50.068010302724744,2186.0,108813368.0,2.48
2021-02-03,52.95441444434524,51.95527454916891,53.50949216388764,51.84425900526043,1173.0,55138324.0,2.68
2021-02-04,52.17730563698588,52.95441444434524,53.50949216388764,51.95527454916891,1035.0,60048549.0,2.74
2021-02-05,52.17730563698588,52.621367812619795,53.06542998825372,51.733243461351954,825.0,38050926.0,2.73
2021-02-17,53.84253879561308,52.399336724802836,54.286600971247005,51.95527454916891,1409.0,76639592.0,2.83
2021-02-18,56.6179273933251,54.397616515155484,56.950974025050535,53.7315232517046,1942.0,108154949.0,2.91
2021-02-19,57.06198956895902,56.39589630550813,57.06198956895902,55.06370977860637,1333.0,62173856.0,2.91
2021-02-22,56.72894293723358,57.284020656775986,58.06112946413534,56.39589630550813,1525.0,78043160.0,2.85
2021-02-23,55.84081858596573,56.39589630550813,56.72894293723358,55.285740866423325,1057.0,51740367.0,2.92
2021-02-24,55.84081858596573,56.17386521769118,57.1730051128675,55.50777195424029,886.0,43892683.0,2.78
2021-02-25,57.06198956895902,56.39589630550813,57.50605174459294,55.951834129874214,1121.0,60277783.0,3.04
2021-02-26,57.617067288501424,56.39589630550813,57.95011392022687,55.84081858596573,1033.0,48994518.0,3.18
2021-03-02,57.617067288501424,58.616207183677744,59.83737816667104,57.06198956895902,1889.0,101287266.0,3.21
2021-03-03,57.50605174459294,58.394176095860786,58.50519163976927,56.50691184941662,830.0,44813426.0,3.14
2021-03-04,59.39331599103711,57.284020656775986,59.72636262276255,57.1730051128675,1657.0,114961965.0,3.23
2021-03-05,61.28058023748129,59.948393710579516,61.50261132529824,58.50519163976927,5085.0,327614774.0,2.52
2021-03-08,59.948393710579516,60.94753360575584,62.27972013265761,58.83823827149471,3167.0,213944723.0,2.04
2021-03-09,58.17214500804383,59.282300447128634,60.281440342304954,57.83909837631839,1557.0,84450099.0,1.8
2021-03-10,58.83823827149471,58.616207183677744,59.50433153494559,57.83909837631839,929.0,48874204.0,1.78
2021-03-11,59.83737816667104,59.282300447128634,59.83737816667104,59.282300447128634,1003.0,51944784.0,1.75
2021-03-12,60.17042479839648,60.281440342304954,60.6144869740304,59.50433153494559,871.0,48866018.0,1.75
2021-03-15,61.83565795702369,60.39245588621343,62.72378230829153,60.39245588621343,2076.0,120436514.0,1.92
2021-03-16,62.72378230829153,61.83565795702369,63.16784448392545,61.39159578138976,1690.0,88981552.0,2.01
2021-03-17,61.946673500932164,62.50175122047457,63.278860027833936,61.50261132529824,1354.0,75432771.0,1.93
2021-03-18,62.9458133961085,61.83565795702369,64.38901546691874,61.724642413115205,2082.0,128347726.0,2.25
2021-03-19,62.72378230829153,62.9458133961085,64.38901546691874,62.390735676566095,1762.0,119725080.0,2.14
2021-03-22,63.16784448392545,63.16784448392545,64.50003101082721,63.05682894001697,3546.0,254637237.0,2.18
2021-03-23,60.17042479839648,63.500891115650894,63.72292220346785,60.17042479839648,3066.0,178440410.0,2.02
2021-03-24,60.059409254487996,60.17042479839648,60.6144869740304,59.61534707885408,1188.0,60378325.0,1.99
2021-03-25,60.725502517938885,60.50347143012192,60.94753360575584,59.72636262276255,839.0,46260821.0,1.9
2021-03-26,61.1695646935728,60.725502517938885,61.50261132529824,60.059409254487996,744.0,33617502.0,1.88
2021-03-29,61.50261132529824,61.1695646935728,62.390735676566095,61.05854914966432,1134.0,67689797.0,2.07
2021-03-30,60.83651806184736,62.83479785220001,63.611906659559374,60.725502517938885,2399.0,155171857.0,1.84
2021-03-31,60.39245588621343,60.83651806184736,60.83651806184736,59.61534707885408,1835.0,93288595.0,1.92
2021-04-01,59.72636262276255,60.94753360575584,60.94753360575584,59.72636262276255,950.0,40872026.0,1.88
2021-04-06,61.1695646935728,60.39245588621343,61.613626869206726,59.72636262276255,1643.0,99552514.0,2.08
2021-04-07,62.27972013265761,62.16870458874913,62.612766764383046,61.50261132529824,1819.0,128426221.0,2.25
2021-04-08,64.0559688351933,62.612766764383046,65.05510873036962,62.16870458874913,2930.0,192348612.0,2.58
2021-04-09,64.38901546691874,65.27713981818658,65.27713981818658,63.83393774737634,2208.0,145402738.0,2.21
2021-04-12,63.500891115650894,65.05510873036962,65.1661242742781,63.16784448392545,1852.0,110521666.0,2.23
2021-04-13,62.50175122047457,64.16698437910178,64.72206209864417,62.390735676566095,1357.0,94733710.0,2.2
2021-04-14,62.16870458874913,62.50175122047457,63.16784448392545,59.060269359311675,1590.0,91893751.0,1.97
2021-04-15,62.05768904484064,62.16870458874913,62.27972013265761,61.05854914966432,654.0,35189412.0,2.07
2021-04-16,61.83565795702369,62.05768904484064,63.278860027833936,61.1695646935728,1528.0,122280684.0,2.05
2021-04-19,60.725502517938885,62.27972013265761,62.27972013265761,60.50347143012192,1401.0,71230343.0,1.88
2021-04-20,60.83651806184736,61.28058023748129,61.28058023748129,60.39245588621343,827.0,41872177.0,1.86
2021-04-21,60.725502517938885,60.83651806184736,62.16870458874913,60.725502517938885,1059.0,63438524.0,1.86
2021-04-22,58.83823827149471,60.725502517938885,61.39159578138976,58.17214500804383,1501.0,92089718.0,1.74
2021-04-23,59.060269359311675,58.83823827149471,59.50433153494559,57.50605174459294,837.0,50483653.0,2.03
2021-04-26,59.282300447128634,59.83737816667104,60.281440342304954,58.50519163976927,870.0,73515748.0,2.21
2021-04-27,60.6144869740304,59.39331599103711,60.725502517938885,59.060269359311675,952.0,50411043.0,2.48
2021-04-28,59.948393710579516,61.05854914966432,61.05854914966432,59.50433153494559,949.0,58924595.0,2.34
2021-04-29,60.281440342304954,60.39245588621343,60.50347143012192,59.17128490322015,1033.0,58294426.0,2.25
2021-05-03,58.17214500804383,60.281440342304954,60.50347143012192,58.17214500804383,1207.0,65192470.0,1.94
2021-05-04,54.50863205906397,57.7280828324099,58.17214500804383,53.50949216388764,1513.0,82213760.0,1.88
2021-05-05,55.61878749814878,54.84167869078941,56.83995848114206,54.175585427338525,737.0,40948446.0,2.0
2021-05-06,54.73066314688093,55.61878749814878,56.39589630550813,53.62050770779612,862.0,45766917.0,1.97
2021-05-07,56.17386521769118,55.285740866423325,56.17386521769118,54.61964760297245,532.0,27431570.0,2.12
2021-05-10,54.73066314688093,56.6179273933251,56.6179273933251,54.61964760297245,694.0,31381054.0,2.1
2021-05-11,51.40019682962651,54.73066314688093,54.84167869078941,49.84597921490778,1392.0,65464453.0,2.2
2021-05-12,48.06973051237209,50.62308802226715,51.51121237353499,46.29348180983641,1919.0,112042915.0,2.33
2021-05-13,47.95871496846362,47.29262170501273,49.51293258318234,44.961295282934636,875.0,49817948.0,2.49
2021-05-14,46.84855952937881,48.84683931973146,50.40105693445018,46.40449735374488,902.0,35950358.0,2.42
2021-05-17,42.296922229131106,43.296062124307426,45.40535745856856,42.18590668522262,1244.0,53676579.0,2.63
2021-05-18,46.515512897653366,42.407937773039585,46.515512897653366,42.407937773039585,835.0,43016322.0,2.85
2021-05-19,50.068010302724744,46.95957507328728,50.2900413905417,46.95957507328728,955.0,39449236.0,2.98
2021-05-20,48.95785486363994,50.068010302724744,50.62308802226715,48.84683931973146,547.0,22057319.0,2.87
2021-05-21,49.51293258318234,50.17902584663323,50.17902584663323,49.068870407548424,389.0,19093228.0,2.7
2021-05-24,49.7349636709993,49.068870407548424,50.40105693445018,48.84683931973146,340.0,24545340.0,2.98
2021-05-25,49.956994758816265,50.17902584663323,50.734103566175634,49.84597921490778,394.0,18068637.0,2.77
2021-05-26,51.06715019790107,50.40105693445018,51.17816574180955,49.51293258318234,432.0,22140809.0,2.85
2021-05-27,50.2900413905417,51.733243461351954,51.733243461351954,50.2900413905417,342.0,17000240.0,2.77
2021-05-28,50.845119110084106,50.956134653992585,51.733243461351954,50.62308802226715,352.0,18224306.0,2.88
2021-05-31,51.06715019790107,52.17730563698588,52.17730563698588,50.956134653992585,321.0,12411455.0,2.84
2021-06-01,51.95527454916891,51.06715019790107,52.17730563698588,51.06715019790107,273.0,14357645.0,2.89
2021-06-02,51.17816574180955,52.510352268711316,52.510352268711316,50.734103566175634,418.0,18546308.0,2.8
2021-06-03,51.06715019790107,51.17816574180955,51.51121237353499,50.956134653992585,307.0,14831680.0,2.78
2021-06-04,50.62308802226715,50.956134653992585,51.06715019790107,50.2900413905417,355.0,14453316.0,2.7
2021-06-07,50.51207247835867,50.51207247835867,51.06715019790107,49.179885951456896,290.0,11576902.0,2.68
2021-06-08,50.068010302724744,50.2900413905417,50.62308802226715,49.84597921490778,287.0,11793126.0,2.71
2021-06-09,50.068010302724744,50.17902584663323,50.40105693445018,49.7349636709993,214.0,8571820.0,2.68
2021-06-10,49.956994758816265,49.84597921490778,50.068010302724744,49.51293258318234,222.0,9737213.0,2.68
2021-06-11,50.40105693445018,50.62308802226715,50.734103566175634,49.84597921490778,275.0,14336486.0,2.67
2021-06-15,50.2900413905417,50.956134653992585,50.956134653992585,49.7349636709993,239.0,8808983.0,2.67
2021-06-16,50.734103566175634,50.62308802226715,51.51121237353499,50.51207247835867,425.0,18122554.0,2.69
2021-06-17,50.17902584663323,50.2900413905417,50.734103566175634,50.068010302724744,309.0,14087529.0,2.68
2021-06-18,49.7349636709993,50.17902584663323,50.2900413905417,49.7349636709993,318.0,12850602.0,2.68
2021-06-21,50.845119110084106,49.62394812709083,51.51121237353499,49.51293258318234,773.0,46937238.0,2.87
2021-06-22,50.62308802226715,51.40019682962651,51.84425900526043,50.51207247835867,502.0,25397409.0,2.75
2021-06-23,50.2900413905417,50.62308802226715,51.06715019790107,50.2900413905417,323.0,14753250.0,2.72
2021-06-24,50.51207247835867,50.51207247835867,50.845119110084106,50.17902584663323,292.0,14876587.0,2.78
2021-06-25,50.2900413905417,51.06715019790107,51.06715019790107,50.2900413905417,446.0,24421443.0,2.86
2021-06-28,50.734103566175634,50.956134653992585,50.956134653992585,50.17902584663323,310.0,12893073.0,2.92
2021-06-29,50.2900413905417,50.62308802226715,50.956134653992585,50.2900413905417,367.0,14366171.0,2.9
2021-06-30,50.40105693445018,50.40105693445018,51.51121237353499,50.40105693445018,742.0,44154885.0,2.95
2021-07-01,50.068010302724744,50.51207247835867,50.845119110084106,50.068010302724744,388.0,18595572.0,2.89
2021-07-02,50.2900413905417,50.17902584663323,50.51207247835867,50.17902584663323,260.0,13564865.0,2.9
2021-07-05,50.734103566175634,51.06715019790107,51.06715019790107,50.2900413905417,652.0,24750219.0,2.98
2021-07-06,50.2900413905417,50.956134653992585,50.956134653992585,50.2900413905417,341.0,14399105.0,2.98
2021-07-07,49.84597921490778,50.2900413905417,50.734103566175634,49.62394812709083,450.0,20574176.0,2.88
2021-07-08,49.62394812709083,50.17902584663323,50.40105693445018,49.51293258318234,551.0,42729276.0,2.75
2021-07-09,49.40191703927386,49.51293258318234,49.7349636709993,49.179885951456896,598.0,14510739.0,2.73
2021-07-12,49.7349636709993,49.956994758816265,50.2900413905417,49.290901495365375,547.0,23018399.0,2.84
2021-07-13,48.95785486363994,49.84597921490778,50.17902584663323,48.95785486363994,559.0,26178510.0,2.77
2021-07-14,49.51293258318234,49.179885951456896,49.51293258318234,47.62566833673817,900.0,37634896.0,2.54
2021-07-15,54.397616515155484,49.62394812709083,54.397616515155484,49.40191703927386,3212.0,221491347.0,2.83
2021-07-16,52.84339890043676,52.28832118089436,54.286600971247005,52.17730563698588,2712.0,128696542.0,2.42
2021-07-19,55.17472532251485,52.510352268711316,56.950974025050535,52.28832118089436,2357.0,135730903.0,2.37
2021-07-20,53.62050770779612,54.50863205906397,55.17472532251485,53.287461076070684,1240.0,68189129.0,2.2
2021-07-21,51.84425900526043,53.7315232517046,54.286600971247005,51.622227917443475,1126.0,59969203.0,2.01
2021-07-22,51.733243461351954,52.17730563698588,53.50949216388764,51.733243461351954,559.0,30342996.0,1.99
2021-07-23,55.951834129874214,51.84425900526043,56.83995848114206,51.84425900526043,4771.0,309944966.0,2.21
2021-07-26,54.84167869078941,55.285740866423325,55.951834129874214,54.397616515155484,1939.0,106505944.0,1.81
2021-07-27,53.95355433952157,55.06370977860637,55.06370977860637,52.399336724802836,1431.0,68992545.0,1.59
2021-07-28,52.621367812619795,53.84253879561308,53.84253879561308,51.40019682962651,988.0,54003859.0,1.51
2021-07-29,55.729803042057256,52.73238335652828,56.17386521769118,52.73238335652828,2064.0,129437655.0,1.79
2021-07-30,59.72636262276255,55.951834129874214,59.948393710579516,55.729803042057256,5930.0,336544819.0,1.63
2021-08-02,62.390735676566095,61.05854914966432,63.72292220346785,59.282300447128634,9373.0,585750502.0,1.57
2021-08-03,62.50175122047457,61.1695646935728,62.83479785220001,60.6144869740304,3063.0,175890060.0,1.67
2021-08-04,61.28058023748129,64.16698437910178,64.27799992301026,61.05854914966432,3063.0,175457762.0,1.47
2021-08-05,60.6144869740304,61.613626869206726,62.390735676566095,59.72636262276255,2467.0,145806489.0,1.63
2021-08-06,62.50175122047457,60.39245588621343,62.612766764383046,60.059409254487996,3541.0,237897423.0,1.91
2021-08-09,62.50175122047457,62.83479785220001,63.278860027833936,61.1695646935728,3406.0,221561212.0,1.71
2021-08-10,56.28488076159966,62.05768904484064,62.390735676566095,56.28488076159966,5673.0,318907158.0,1.69
2021-08-11,53.287461076070684,55.50777195424029,55.84081858596573,52.17730563698588,2523.0,129146156.0,1.73
2021-08-12,55.285740866423325,53.50949216388764,55.61878749814878,53.50949216388764,1155.0,59625473.0,1.64
2021-08-13,55.61878749814878,54.95269423469789,56.39589630550813,53.7315232517046,1710.0,81123301.0,1.72
2021-08-16,53.06542998825372,55.61878749814878,55.729803042057256,53.06542998825372,1130.0,50516548.0,1.65
2021-08-17,50.2900413905417,53.50949216388764,53.7315232517046,49.956994758816265,1208.0,52904107.0,1.64
2021-08-18,51.40019682962651,49.956994758816265,51.733243461351954,47.95871496846362,1165.0,44813724.0,1.69
2021-08-19,49.51293258318234,51.17816574180955,51.17816574180955,49.51293258318234,626.0,24447572.0,1.62
2021-08-20,49.51293258318234,49.179885951456896,50.17902584663323,48.180746056280576,728.0,29685307.0,1.61
2021-08-23,51.17816574180955,50.40105693445018,51.51121237353499,50.2900413905417,513.0,26369477.0,1.73
2021-08-24,50.51207247835867,52.17730563698588,52.17730563698588,50.17902584663323,515.0,21072253.0,1.72
2021-08-25,52.95441444434524,50.956134653992585,53.7315232517046,50.956134653992585,1520.0,81045662.0,1.84
2021-08-26,53.7315232517046,53.287461076070684,54.73066314688093,52.621367812619795,1374.0,71842148.0,1.87
2021-08-27,56.28488076159966,53.84253879561308,57.284020656775986,53.398476619979164,3082.0,171770049.0,2.06
2021-08-30,59.060269359311675,58.17214500804383,61.724642413115205,57.395036200684466,5195.0,280832541.0,1.95
2021-08-31,60.281440342304954,58.72722272758623,60.281440342304954,57.284020656775986,2232.0,109485140.0,1.91
2021-09-01,60.281440342304954,59.060269359311675,60.6144869740304,59.060269359311675,1536.0,85138289.0,1.9
2021-09-02,59.61534707885408,61.05854914966432,61.39159578138976,58.616207183677744,2116.0,126175753.0,2.01
2021-09-03,61.50261132529824,60.50347143012192,62.05768904484064,59.282300447128634,4263.0,298588410.0,2.75
2021-09-06,59.61534707885408,62.16870458874913,62.27972013265761,59.282300447128634,2222.0,127848482.0,2.14
2021-09-07,59.83737816667104,59.17128490322015,60.725502517938885,58.72722272758623,1374.0,73581738.0,2.25
2021-09-08,58.50519163976927,59.83737816667104,61.613626869206726,58.17214500804383,3675.0,231436583.0,1.79
2021-09-09,59.948393710579516,58.83823827149471,60.50347143012192,58.394176095860786,1239.0,72990054.0,2.36
2021-09-10,59.72636262276255,59.948393710579516,60.39245588621343,58.616207183677744,1466.0,83094771.0,2.14
2021-09-13,59.60879104279649,60.549363682525026,61.60750790221964,59.25607630289828,1174.0,59988477.0,1.82
2021-09-14,59.13850472293221,60.19664894262683,60.19664894262683,58.43307524313581,673.0,30439412.0,1.68
2021-09-15,62.31293738201605,58.43307524313581,62.31293738201605,58.43307524313581,1724.0,84457734.0,1.97
2021-09-16,59.96150578269469,62.31293738201605,62.31293738201605,59.72636262276255,1635.0,79254389.0,1.66
2021-09-17,59.25607630289828,59.37364788286435,60.07907736266076,58.78578998303401,936.0,43553765.0,1.64
2021-09-22,57.61007418337333,57.02221628354299,58.19793208320367,56.669501543644785,728.0,29098350.0,1.67
2021-09-23,61.72507948218571,57.96278892327153,61.72507948218571,57.96278892327153,2358.0,175605823.0,1.83
2021-09-24,65.4873700410999,62.78322370188032,65.72251320103202,61.96022264211785,9901.0,775611051.0,2.4
2021-09-27,67.13337216062484,67.01580058065878,69.71994691987832,65.8400847809981,13795.0,822787219.0,1.31
2021-09-28,68.54423112021765,66.07522794093023,68.54423112021765,65.01708372123561,5829.0,345111019.0,1.56
2021-09-29,66.5455142607945,66.78065742072663,70.07266165977654,65.8400847809981,8182.0,488379492.0,1.26
2021-09-30,65.25222688116774,66.8982290006927,67.83880164042125,64.19408266147315,5245.0,305015626.0,1.34
2021-10-01,62.43050896198212,65.25222688116774,67.01580058065878,61.96022264211785,5152.0,298246703.0,1.33
2021-10-04,61.25479316232144,63.25351002174459,63.84136792157493,60.6669352624911,2536.0,142852939.0,1.35
2021-10-05,62.54808054194819,60.19664894262683,63.25351002174459,59.25607630289828,2374.0,138126537.0,1.45
2021-10-06,60.6669352624911,63.25351002174459,63.371081601710664,60.6669352624911,1621.0,84232506.0,1.14
2021-10-07,62.90079528184639,61.60750790221964,64.31165424143921,60.90207842242323,2453.0,118023401.0,1.11
2021-10-08,61.84265106215178,62.90079528184639,63.958939501541,61.60750790221964,1729.0,92112052.0,1.14
2021-10-12,61.37236474228751,61.84265106215178,62.43050896198212,60.90207842242323,1068.0,47841927.0,1.11
2021-10-13,64.31165424143921,62.54808054194819,64.31165424143921,61.37236474228751,3644.0,215915058.0,1.4
2021-10-14,62.43050896198212,64.89951214126955,65.25222688116774,62.31293738201605,4074.0,216142592.0,1.08
2021-10-15,63.25351002174459,62.90079528184639,64.19408266147315,62.31293738201605,2137.0,107058498.0,1.08
2021-10-18,61.72507948218571,63.25351002174459,63.84136792157493,61.25479316232144,1640.0,75433129.0,1.01
2021-10-19,63.13593844177853,62.31293738201605,64.19408266147315,61.72507948218571,2327.0,106864055.0,1.08
2021-10-20,62.31293738201605,63.72379634160887,63.84136792157493,61.72507948218571,1488.0,59889460.0,1.03
2021-10-21,62.07779422208391,62.78322370188032,63.72379634160887,61.96022264211785,1423.0,61108549.0,1.06
2021-10-22,61.60750790221964,62.31293738201605,62.43050896198212,61.0196500023893,1335.0,63458275.0,1.06
2021-10-25,62.07779422208391,61.48993632225357,63.48865318167673,61.25479316232144,1863.0,100759985.0,1.38
2021-10-26,61.60750790221964,62.19536580204998,63.13593844177853,60.6669352624911,1663.0,91340449.0,1.46
2021-10-27,61.48993632225357,61.60750790221964,62.19536580204998,61.37236474228751,773.0,38823445.0,1.34
2021-10-28,61.137221582355366,61.84265106215178,62.43050896198212,60.43179210255896,1664.0,89122809.0,1.4
2021-10-29,65.36979846113383,61.60750790221964,66.8982290006927,61.137221582355366,10254.0,678634634.0,1.93
2021-11-01,65.01708372123561,65.36979846113383,67.48608690052303,64.6643689813374,7044.0,389858523.0,1.41
2021-11-02,62.54808054194819,65.25222688116774,65.72251320103202,62.07779422208391,3477.0,185567102.0,1.13
2021-11-03,63.48865318167673,62.54808054194819,63.6062247616428,61.60750790221964,1999.0,88906308.0,1.17
2021-11-04,63.958939501541,63.6062247616428,66.07522794093023,63.48865318167673,4264.0,240970990.0,1.13
2021-11-05,63.84136792157493,63.958939501541,64.19408266147315,62.78322370188032,1200.0,61800105.0,1.27
2021-11-08,63.01836686181246,63.72379634160887,63.84136792157493,62.66565212191425,973.0,47865902.0,1.25
2021-11-09,62.66565212191425,63.01836686181246,63.84136792157493,62.43050896198212,1128.0,59695583.0,1.47
2021-11-10,63.371081601710664,63.25351002174459,64.31165424143921,62.78322370188032,905.0,45484115.0,1.57
2021-11-11,63.01836686181246,63.01836686181246,64.42922582140527,62.66565212191425,893.0,47181637.0,1.66
2021-11-12,62.31293738201605,63.25351002174459,63.6062247616428,62.19536580204998,957.0,55444480.0,1.68
2021-11-15,66.42794268082844,63.958939501541,67.72123006045518,63.958939501541,8206.0,521482460.0,2.39
2021-11-16,66.42794268082844,66.66308584076057,69.13208902004799,65.01708372123561,7387.0,432880003.0,1.8
2021-11-17,68.19151638031946,67.01580058065878,68.42665954025159,65.72251320103202,5389.0,345317357.0,2.76
2021-11-18,64.54679740137134,67.48608690052303,67.60365848048912,63.958939501541,5616.0,324516916.0,1.85
2021-11-19,63.371081601710664,64.89951214126955,65.36979846113383,63.371081601710664,1907.0,97114744.0,1.81
2021-11-22,63.48865318167673,64.07651108150706,64.89951214126955,63.48865318167673,1217.0,68430529.0,1.72
2021-11-23,63.13593844177853,63.6062247616428,64.07651108150706,62.90079528184639,1239.0,57708540.0,1.59
2021-11-24,62.90079528184639,63.13593844177853,63.6062247616428,62.31293738201605,1125.0,53866270.0,1.63
2021-11-25,62.90079528184639,63.371081601710664,64.31165424143921,62.90079528184639,859.0,41467475.0,1.53
2021-11-26,61.84265106215178,62.90079528184639,62.90079528184639,60.6669352624911,1981.0,97492185.0,1.4
2021-11-29,61.72507948218571,60.31422052259289,61.96022264211785,59.25607630289828,1223.0,60444560.0,1.43
2021-11-30,62.07779422208391,62.31293738201605,63.01836686181246,61.96022264211785,977.0,56810250.0,1.5
2021-12-01,62.07779422208391,61.25479316232144,62.07779422208391,61.137221582355366,650.0,31734447.0,1.51
2021-12-02,61.137221582355366,62.07779422208391,62.43050896198212,60.78450684245717,872.0,38903842.0,1.4
2021-12-03,61.96022264211785,61.48993632225357,63.371081601710664,61.48993632225357,1133.0,83818509.0,1.4
2021-12-06,61.60750790221964,62.31293738201605,62.43050896198212,61.37236474228751,530.0,24651123.0,1.39
2021-12-07,61.37236474228751,61.60750790221964,61.84265106215178,60.6669352624911,860.0,39831163.0,1.26
2021-12-08,60.19664894262683,61.84265106215178,61.84265106215178,60.07907736266076,1284.0,72250289.0,1.21
2021-12-09,60.90207842242323,61.84265106215178,62.54808054194819,60.78450684245717,1254.0,72009787.0,1.26
2021-12-10,62.07779422208391,61.84265106215178,63.01836686181246,60.6669352624911,1293.0,65863257.0,1.54
2021-12-13,62.66565212191425,62.54808054194819,63.6062247616428,62.07779422208391,1232.0,77744041.0,1.57
2021-12-14,61.25479316232144,62.31293738201605,62.31293738201605,61.0196500023893,820.0,49458719.0,1.37
2021-12-15,63.25351002174459,61.60750790221964,63.48865318167673,60.78450684245717,1661.0,110225254.0,1.47
2021-12-16,62.66565212191425,64.42922582140527,64.6643689813374,62.66565212191425,3130.0,211306482.0,1.21
2021-12-17,61.60750790221964,62.19536580204998,62.43050896198212,61.60750790221964,993.0,52317173.0,1.18
2021-12-20,61.37236474228751,63.01836686181246,63.13593844177853,61.37236474228751,717.0,32120027.0,1.17
2021-12-21,61.84265106215178,61.37236474228751,62.19536580204998,61.25479316232144,496.0,25536780.0,1.14
2021-12-22,61.60750790221964,62.19536580204998,62.31293738201605,61.48993632225357,380.0,15866739.0,1.19
2021-12-23,62.19536580204998,62.19536580204998,63.13593844177853,62.07779422208391,1014.0,73296921.0,1.54
2021-12-24,62.19536580204998,62.66565212191425,63.25351002174459,61.72507948218571,581.0,36874120.0,1.48
2021-12-27,63.48865318167673,62.19536580204998,64.19408266147315,62.19536580204998,1808.0,105466017.0,2.12
2021-12-28,66.78065742072663,63.958939501541,67.25094374059091,63.25351002174459,7891.0,543722158.0,2.22
2021-12-29,67.13337216062484,66.78065742072663,67.72123006045518,65.36979846113383,8982.0,550920201.0,2.08
2021-12-30,66.78065742072663,66.66308584076057,67.72123006045518,66.31037110086235,3107.0,175178360.0,2.31
2022-01-03,67.01580058065878,68.19151638031946,72.89437957896217,66.78065742072663,10254.0,640195588.0,2.23
2022-01-04,68.89694586011586,67.13337216062484,70.07266165977654,66.19279952089629,6316.0,387076948.0,3.75
2022-01-05,67.72123006045518,68.89694586011586,70.19023323974261,66.42794268082844,4475.0,257348725.0,3.25
2022-01-06,67.01580058065878,67.13337216062484,68.19151638031946,66.31037110086235,1634.0,89692582.0,3.61
2022-01-07,64.78194056130349,68.07394480035339,68.07394480035339,64.42922582140527,2400.0,128808728.0,3.24
2022-01-10,67.48608690052303,64.78194056130349,68.66180270018373,64.78194056130349,3996.0,261118494.0,4.07
2022-01-11,66.8982290006927,67.48608690052303,68.89694586011586,66.31037110086235,2349.0,131186582.0,3.67
2022-01-12,65.95765636096417,67.36851532055697,67.60365848048912,65.13465530120168,1402.0,90062657.0,3.39
2022-01-13,65.13465530120168,66.31037110086235,66.66308584076057,65.01708372123561,988.0,58204532.0,3.37
2022-01-14,63.13593844177853,65.25222688116774,65.25222688116774,62.31293738201605,1713.0,79714392.0,3.13
2022-01-17,65.4873700410999,63.13593844177853,66.5455142607945,63.01836686181246,2224.0,154629797.0,3.25
2022-01-18,64.31165424143921,65.25222688116774,66.31037110086235,64.07651108150706,1711.0,86073590.0,2.94
2022-01-19,65.72251320103202,64.19408266147315,66.78065742072663,63.72379634160887,2184.0,145120868.0,3.05
2022-01-20,64.19408266147315,65.72251320103202,66.19279952089629,63.84136792157493,1674.0,97488550.0,2.54
2022-01-21,63.72379634160887,64.19408266147315,65.60494162106595,61.84265106215178,2358.0,147427862.0,2.29
2022-01-24,63.01836686181246,63.48865318167673,63.48865318167673,61.84265106215178,953.0,52701501.0,2.01
2022-01-25,61.137221582355366,62.43050896198212,62.90079528184639,60.90207842242323,1527.0,87650124.0,1.75
2022-01-26,61.137221582355366,61.37236474228751,62.07779422208391,60.78450684245717,783.0,39305100.0,1.68
2022-02-07,62.66565212191425,62.31293738201605,63.25351002174459,61.72507948218571,580.0,37911996.0,1.88
2022-02-08,62.90079528184639,63.25351002174459,63.72379634160887,62.66565212191425,513.0,30272535.0,1.93
2022-02-09,63.01836686181246,63.371081601710664,63.72379634160887,62.90079528184639,647.0,42933996.0,2.03
2022-02-10,62.07779422208391,63.6062247616428,63.6062247616428,61.96022264211785,787.0,38928749.0,1.83
2022-02-11,62.78322370188032,61.72507948218571,63.72379634160887,61.60750790221964,725.0,33475020.0,1.78
2022-02-14,61.37236474228751,61.60750790221964,61.72507948218571,61.137221582355366,827.0,38951882.0,1.7
2022-02-15,61.25479316232144,61.48993632225357,61.84265106215178,61.137221582355366,669.0,31220971.0,1.63
2022-02-16,60.78450684245717,61.137221582355366,61.96022264211785,60.549363682525026,1653.0,96080252.0,1.52
2022-02-17,62.78322370188032,60.78450684245717,64.54679740137134,60.78450684245717,4994.0,365280569.0,2.12
2022-02-18,63.958939501541,61.84265106215178,64.31165424143921,61.37236474228751,5060.0,346925145.0,1.99
2022-02-21,62.43050896198212,62.90079528184639,63.25351002174459,62.31293738201605,1931.0,96596395.0,1.66
2022-02-22,60.78450684245717,62.19536580204998,62.19536580204998,60.19664894262683,1985.0,103181413.0,1.43
2022-02-23,63.13593844177853,60.78450684245717,63.48865318167673,60.78450684245717,2517.0,137782482.0,1.66
2022-02-24,60.90207842242323,62.43050896198212,63.958939501541,60.549363682525026,4600.0,259794235.0,1.45
2022-02-25,60.19664894262683,61.60750790221964,61.96022264211785,59.37364788286435,2640.0,180577863.0,1.37
2022-03-01,61.137221582355366,60.6669352624911,61.60750790221964,60.43179210255896,2198.0,151287306.0,1.5
2022-03-02,60.6669352624911,60.43179210255896,61.37236474228751,60.43179210255896,811.0,37165905.0,1.36
2022-03-03,60.6669352624911,61.60750790221964,61.60750790221964,60.6669352624911,815.0,42686647.0,1.46
2022-03-04,60.78450684245717,60.78450684245717,62.07779422208391,60.43179210255896,1712.0,95490447.0,1.35
2022-03-07,58.315503663169736,60.31422052259289,60.31422052259289,58.315503663169736,1401.0,64622675.0,1.46
2022-03-08,55.37621416401804,57.37493102344119,58.315503663169736,55.37621416401804,1700.0,74456549.0,1.32
2022-03-09,58.0803605032376,57.25735944347513,59.02093314296615,56.19921522378051,1422.0,65075005.0,1.44
2022-03-10,60.6669352624911,59.72636262276255,61.84265106215178,58.903361563000075,2776.0,146562546.0,1.91
2022-03-11,60.43179210255896,61.0196500023893,61.25479316232144,59.96150578269469,751.0,36198924.0,1.95
2022-03-14,60.6669352624911,61.48993632225357,61.48993632225357,60.19664894262683,636.0,28402015.0,1.88
2022-03-15,58.78578998303401,60.31422052259289,60.549363682525026,58.78578998303401,872.0,41483109.0,1.96
2022-03-16,60.07907736266076,60.19664894262683,61.60750790221964,59.49121946283042,955.0,45476704.0,2.22
2022-03-17,61.60750790221964,61.48993632225357,62.78322370188032,60.78450684245717,3637.0,229724432.0,2.4
2022-03-18,61.84265106215178,61.37236474228751,62.31293738201605,61.137221582355366,1071.0,51156059.0,2.61
2022-03-21,61.60750790221964,62.78322370188032,63.25351002174459,61.137221582355366,1203.0,57952778.0,2.66
2022-03-22,62.07779422208391,61.72507948218571,62.54808054194819,61.48993632225357,771.0,35099252.0,2.76
2022-03-23,61.72507948218571,62.54808054194819,63.13593844177853,61.72507948218571,923.0,45776481.0,2.75
2022-03-24,62.66565212191425,61.72507948218571,62.66565212191425,61.60750790221964,1239.0,58617652.0,3.13
2022-03-25,61.72507948218571,63.13593844177853,63.13593844177853,61.72507948218571,1156.0,53736034.0,2.84
2022-03-28,61.48993632225357,61.25479316232144,61.72507948218571,60.78450684245717,566.0,24228803.0,2.81
2022-03-29,61.137221582355366,62.19536580204998,62.31293738201605,60.90207842242323,622.0,31704453.0,2.73
2022-03-30,62.07779422208391,61.84265106215178,62.19536580204998,61.48993632225357,625.0,32826160.0,2.96
2022-03-31,61.25479316232144,62.07779422208391,62.07779422208391,61.137221582355366,403.0,16552956.0,2.84
2022-04-01,60.90207842242323,61.25479316232144,61.25479316232144,60.31422052259289,653.0,32218557.0,2.89
2022-04-06,60.6669352624911,60.90207842242323,61.60750790221964,60.6669352624911,508.0,21059819.0,2.84
2022-04-07,58.55064682310187,60.6669352624911,60.6669352624911,58.43307524313581,1075.0,50182925.0,2.54
2022-04-08,59.25607630289828,58.66821840306794,59.25607630289828,58.55064682310187,471.0,23428749.0,2.6
2022-04-11,57.25735944347513,59.25607630289828,59.25607630289828,57.02221628354299,883.0,37070496.0,2.45
2022-04-12,56.55192996367872,55.96407206384838,57.37493102344119,55.96407206384838,662.0,25414223.0,2.39
2022-04-13,57.96278892327153,56.78707312361085,58.0803605032376,56.78707312361085,412.0,15546721.0,2.4
2022-04-14,58.19793208320367,58.55064682310187,58.55064682310187,57.727645763339396,473.0,15262031.0,2.4
2022-04-15,57.84521734330547,57.37493102344119,57.84521734330547,56.43435838371265,834.0,33334076.0,2.33
2022-04-18,56.669501543644785,57.02221628354299,57.25735944347513,56.43435838371265,508.0,17326549.0,2.23
2022-04-19,56.90464470357692,57.02221628354299,57.37493102344119,56.55192996367872,520.0,16795367.0,2.25
2022-04-20,57.96278892327153,56.78707312361085,58.315503663169736,56.78707312361085,725.0,25455268.0,2.33
2022-04-21,57.61007418337333,58.0803605032376,58.315503663169736,57.49250260340726,519.0,12811496.0,2.25
2022-04-22,57.02221628354299,57.37493102344119,57.37493102344119,56.43435838371265,496.0,20263151.0,2.2
2022-04-25,56.081643643814445,55.96407206384838,56.669501543644785,55.72892890391624,574.0,25400372.0,2.15
2022-04-26,56.081643643814445,56.19921522378051,56.90464470357692,55.96407206384838,353.0,14518128.0,1.88
2022-04-27,54.08292678439129,55.37621416401804,55.37621416401804,52.67206782479847,938.0,42329283.0,1.74
2022-04-28,54.7883562641877,53.730212044493086,55.02349942411983,53.730212044493086,453.0,18189032.0,1.84
2022-04-29,54.905927844153766,55.37621416401804,55.72892890391624,54.7883562641877,252.0,10790368.0,1.87
2022-05-03,54.318069944323426,54.7883562641877,55.25864258405197,54.08292678439129,355.0,15398998.0,1.89
2022-05-04,55.25864258405197,54.08292678439129,55.25864258405197,54.08292678439129,270.0,8980060.0,1.96
2022-05-05,56.43435838371265,56.43435838371265,57.139787863509056,55.96407206384838,394.0,17334539.0,1.97
2022-05-06,55.25864258405197,55.37621416401804,55.611357323950166,55.02349942411983,264.0,9042306.0,1.97
2022-05-09,53.377497304594876,55.25864258405197,55.25864258405197,53.377497304594876,460.0,18940558.0,1.89
2022-05-10,54.43564152428949,51.849066765036,54.7883562641877,51.73149518506993,383.0,14918522.0,1.88
2022-05-11,54.7883562641877,54.43564152428949,55.611357323950166,54.08292678439129,287.0,12360849.0,1.76
2022-05-12,52.90721098473061,54.7883562641877,55.25864258405197,52.90721098473061,444.0,17055936.0,1.75
2022-05-13,53.84778362445915,53.14235414466275,54.43564152428949,53.14235414466275,238.0,10542953.0,1.78
2022-05-16,54.20049836435736,54.7883562641877,55.1410710040859,54.08292678439129,272.0,9769471.0,1.82
2022-05-17,56.19921522378051,54.67078468422163,56.19921522378051,54.67078468422163,518.0,20878114.0,2.11
2022-05-18,57.02221628354299,56.43435838371265,57.37493102344119,56.43435838371265,458.0,23548325.0,2.2
2022-05-19,57.37493102344119,55.72892890391624,57.84521734330547,55.611357323950166,522.0,21350397.0,2.39
2022-05-20,57.84521734330547,58.0803605032376,58.66821840306794,57.25735944347513,633.0,28114422.0,2.45
2022-05-23,58.78578998303401,58.78578998303401,59.37364788286435,58.0803605032376,931.0,47863658.0,2.48
2022-05-24,58.78578998303401,59.72636262276255,59.72636262276255,58.43307524313581,670.0,31069352.0,2.66
2022-05-25,59.72636262276255,60.6669352624911,62.78322370188032,59.49121946283042,3090.0,161144345.0,2.32
2022-05-26,60.90207842242323,59.72636262276255,62.31293738201605,59.25607630289828,3445.0,208112352.0,3.36
2022-05-27,60.6669352624911,61.72507948218571,62.19536580204998,60.43179210255896,1251.0,61451283.0,3.26
2022-05-30,62.31293738201605,61.60750790221964,62.54808054194819,60.90207842242323,1460.0,75313042.0,3.37
2022-05-31,62.07779422208391,61.60750790221964,62.54808054194819,61.48993632225357,1128.0,53482236.0,3.56
2022-06-01,62.19536580204998,62.31293738201605,62.78322370188032,60.43179210255896,1194.0,68352631.0,3.83
2022-06-02,62.66565212191425,62.66565212191425,63.25351002174459,62.43050896198212,1435.0,70746771.0,4.01
2022-06-06,62.54808054194819,63.25351002174459,64.19408266147315,62.31293738201605,1516.0,78590456.0,4.22
2022-06-07,62.90079528184639,62.54808054194819,63.72379634160887,62.54808054194819,854.0,47092024.0,4.41
2022-06-08,63.72379634160887,63.48865318167673,64.54679740137134,63.13593844177853,1578.0,98532640.0,4.87
2022-06-09,65.25222688116774,64.31165424143921,65.8400847809981,63.84136792157493,3770.0,238260630.0,5.61
2022-06-10,65.8400847809981,65.36979846113383,65.8400847809981,64.54679740137134,1906.0,106321074.0,6.11
2022-06-13,65.8400847809981,64.6643689813374,66.31037110086235,64.31165424143921,1786.0,96014299.0,6.53
2022-06-14,66.19279952089629,66.07522794093023,66.42794268082844,64.42922582140527,2055.0,115185920.0,7.14
2022-06-15,65.95765636096417,66.78065742072663,67.48608690052303,65.95765636096417,1894.0,107561730.0,7.5
2022-06-16,63.72379634160887,67.25094374059091,67.25094374059091,63.72379634160887,2025.0,123602879.0,8.11
2022-06-17,66.19279952089629,63.72379634160887,66.66308584076057,63.72379634160887,2779.0,156950553.0,8.9
2022-06-20,65.01708372123561,67.01580058065878,67.72123006045518,64.89951214126955,2022.0,113704023.0,8.81
2022-06-21,65.36979846113383,66.31037110086235,66.31037110086235,63.84136792157493,1559.0,76973636.0,9.05
2022-06-22,64.42922582140527,65.8400847809981,66.42794268082844,64.07651108150706,1204.0,62383042.0,9.18
2022-06-23,65.4873700410999,65.36979846113383,66.31037110086235,64.78194056130349,1126.0,67325974.0,9.48
2022-06-24,65.8400847809981,66.5455142607945,67.25094374059091,65.36979846113383,1497.0,97486939.0,9.58
2022-06-27,70.66051955960688,66.66308584076057,71.24837745943722,66.19279952089629,5739.0,356495106.0,10.53
2022-06-28,72.0713785191997,70.30780481970868,72.0713785191997,68.66180270018373,5739.0,353450791.0,11.2
2022-06-29,72.7768079989961,71.7186637793015,73.36466589882644,70.54294797964081,3885.0,224356610.0,11.71
2022-06-30,71.36594903940329,73.24709431886038,74.07009537862285,71.24837745943722,3823.0,245389637.0,12.04
2022-07-01,67.13337216062484,71.7186637793015,72.18895009916577,66.78065742072663,4192.0,254499741.0,12.98
2022-07-04,68.42665954025159,69.8375184998444,70.89566271953902,67.72123006045518,2911.0,188421278.0,12.75
2022-07-05,61.84265106215178,69.4848037599462,69.60237533991227,61.60750790221964,6291.0,385929225.0,11.9
2022-07-06,61.25479316232144,61.37236474228751,62.43050896198212,60.6669352624911,2158.0,99826868.0,11.76
2022-07-07,61.0196500023893,61.60750790221964,61.72507948218571,58.903361563000075,1613.0,77197265.0,11.62
2022-07-08,64.42922582140527,63.25351002174459,64.89951214126955,62.66565212191425,2205.0,112342839.0,11.67
2022-07-11,66.07522794093023,68.19151638031946,70.30780481970868,65.8400847809981,3106.0,195274470.0,11.19
2022-07-12,64.2051743199605,66.19989818232821,68.31929228609388,64.2051743199605,2502.0,122160200.0,10.85
2022-07-13,67.19726011351206,65.5765469753383,67.82061132050197,64.2051743199605,2550.0,141279227.0,10.52
2022-07-14,69.06731373448177,67.57127083770601,69.19198397587977,66.07522794093022,3728.0,284527004.0,10.41
2022-07-15,69.81533518286967,67.94528156189995,70.56335663125756,67.57127083770601,3094.0,230165153.0,10.97
2022-07-18,73.30610194201314,70.18934590706361,74.17879363179902,69.69066494147168,4815.0,296234006.0,11.77
2022-07-19,74.303463873197,73.18143170061518,75.17615556298287,73.05676145921719,3290.0,184503353.0,12.27
2022-07-20,75.6748365285748,75.6748365285748,77.29554966674856,74.92681508018691,3734.0,214574382.0,13.06
2022-07-21,74.55280435599296,76.79686870115664,76.92153894255462,74.05412339040105,2954.0,157779182.0,13.46
2022-07-22,74.05412339040105,75.17615556298287,75.17615556298287,73.6801126662071,1854.0,98440625.0,13.63
2022-07-25,73.80478290760509,74.80214483878893,75.05148532158489,73.30610194201314,1199.0,73835070.0,13.83
2022-07-26,74.303463873197,73.92945314900305,75.55016628717682,73.55544242480912,2176.0,144001691.0,13.77
2022-07-27,74.67747459739095,73.80478290760509,75.05148532158489,73.05676145921719,1959.0,105228450.0,14.07
2022-07-28,75.55016628717682,75.05148532158489,76.54752821836067,73.92945314900305,2605.0,147737543.0,14.53
2022-07-29,75.6748365285748,77.17087942535058,79.0409330463203,74.55280435599296,5925.0,346758807.0,13.67
2022-08-01,72.80742097642123,74.80214483878893,75.55016628717682,72.43341025222729,2575.0,142258220.0,13.43
2022-08-02,70.81269711405352,71.06203759684948,71.93472928663536,70.18934590706361,1885.0,96901248.0,13.55
2022-08-03,69.44132445867572,69.44132445867572,71.18670783824747,69.31665421727774,1466.0,78528808.0,13.59
2022-08-04,69.81533518286967,69.81533518286967,70.18934590706361,67.94528156189995,1247.0,69553603.0,13.47
2022-08-05,71.68538880383939,70.31401614846159,71.68538880383939,70.31401614846159,992.0,51459046.0,13.4
2022-08-08,71.68538880383939,71.43604832104343,72.68275073502325,70.56335663125756,1240.0,67896504.0,13.44
2022-08-09,74.17879363179902,73.05676145921719,74.55280435599296,72.68275073502325,4181.0,249953987.0,12.83
2022-08-10,73.6801126662071,74.303463873197,75.05148532158489,73.30610194201314,2526.0,137065525.0,12.66
2022-08-11,74.428134114595,74.92681508018691,75.55016628717682,74.303463873197,2766.0,179137330.0,13.21
2022-08-12,74.92681508018691,75.79950676997278,75.92417701137076,74.80214483878893,1580.0,94744515.0,13.3
2022-08-15,76.04884725276875,76.04884725276875,76.54752821836067,75.42549604577884,2069.0,125416852.0,13.72
2022-08-16,74.05412339040105,77.29554966674856,79.29027352911626,73.80478290760509,8757.0,502939380.0,12.46
2022-08-17,73.92945314900305,73.55544242480912,74.428134114595,73.30610194201314,1712.0,87276820.0,12.43
2022-08-18,75.17615556298287,73.18143170061518,75.30082580438085,72.68275073502325,1731.0,92928999.0,12.7
2022-08-19,79.66428425331021,75.55016628717682,80.91098666729003,75.30082580438085,10227.0,663936867.0,14.83
2022-08-22,80.4123057016981,80.16296521890213,81.53433787427994,77.29554966674856,8227.0,507520930.0,14.26
2022-08-23,78.16824135653444,78.79159256352435,79.66428425331021,77.54489014954453,3032.0,170441968.0,14.17
2022-08-24,78.66692232212637,79.29027352911626,80.28763546030012,77.54489014954453,3069.0,180511183.0,14.13
2022-08-25,79.91362473610617,81.03565690868801,82.90571052965772,78.79159256352435,10626.0,728081245.0,12.36
2022-08-26,77.66956039094251,79.41494377051426,80.03829497750417,77.66956039094251,4909.0,291396002.0,11.71
2022-08-29,76.54752821836067,74.80214483878893,77.29554966674856,74.05412339040105,2927.0,177391650.0,11.86
2022-08-30,81.53433787427994,77.54489014954453,81.53433787427994,77.54489014954453,6893.0,458095196.0,12.96
2022-08-31,83.27972125385168,81.40966763288195,83.27972125385168,80.91098666729003,6665.0,459840303.0,12.96
2022-09-01,82.03301883987186,83.52906173664763,84.77576415062745,81.16032715008598,8095.0,530650907.0,12.26
2022-09-02,81.03565690868801,81.28499739148397,82.03301883987186,80.16296521890213,3356.0,209201426.0,12.09
2022-09-05,81.16032715008598,80.4123057016981,82.4070295640658,80.28763546030012,3605.0,328597404.0,11.85
2022-09-06,79.0409330463203,81.03565690868801,81.78367835707589,78.04357111513646,3566.0,209394043.0,11.54
2022-09-07,79.7889544947082,79.0409330463203,80.16296521890213,78.16824135653444,1647.0,109725257.0,11.76
2022-09-08,81.65900811567792,82.03301883987186,82.4070295640658,80.66164618449407,2984.0,188659400.0,11.84
2022-09-12,81.40966763288195,83.0303807710557,83.0303807710557,81.40966763288195,2836.0,173977764.0,12.05
2022-09-13,81.65900811567792,82.28235932266783,82.28235932266783,80.91098666729003,1893.0,123012933.0,12.23
2022-09-14,82.65637004686177,79.41494377051426,82.90571052965772,79.29027352911626,3181.0,194879012.0,12.72
2022-09-15,81.03565690868801,83.52906173664763,84.27708318503552,81.03565690868801,4435.0,287184549.0,12.7
2022-09-16,78.91626280492231,81.28499739148397,81.65900811567792,78.79159256352435,3367.0,186372190.0,11.89
2022-09-19,78.16824135653444,79.0409330463203,79.29027352911626,77.66956039094251,1366.0,81226004.0,11.85
2022-09-20,79.41494377051426,78.79159256352435,79.41494377051426,78.54225208072837,1073.0,72189504.0,11.93
2022-09-21,78.04357111513646,79.53961401191222,81.28499739148397,78.04357111513646,4947.0,308065512.0,11.16
2022-09-22,78.66692232212637,77.29554966674856,78.79159256352435,76.29818773556471,1430.0,81511077.0,11.4
2022-09-23,76.04884725276875,78.66692232212637,79.0409330463203,76.04884725276875,2119.0,103417282.0,11.19
2022-09-26,72.9320912178192,74.17879363179902,74.80214483878893,71.93472928663536,2593.0,147663715.0,11.52
2022-09-27,72.3087400108293,73.43077218341114,73.55544242480912,71.31137807964545,2125.0,118498691.0,11.36
2022-09-28,67.57127083770601,72.68275073502325,72.68275073502325,67.57127083770601,2334.0,120977034.0,11.17
2022-09-29,68.69330301028783,71.06203759684948,71.06203759684948,68.56863276888986,1903.0,86730004.0,11.14
2022-09-30,68.56863276888986,66.9479196307161,68.81797325168581,66.19989818232821,1623.0,74444554.0,10.99
2022-10-03,67.32193035491004,67.32193035491004,68.44396252749188,66.9479196307161,1375.0,62974888.0,11.0
2022-10-04,71.81005904523738,68.69330301028783,71.93472928663536,68.69330301028783,2659.0,173512556.0,10.77
2022-10-05,70.81269711405352,72.80742097642123,74.55280435599296,70.56335663125756,4960.0,283773454.0,9.97
2022-10-06,70.43868638985958,71.81005904523738,71.81005904523738,69.81533518286967,1508.0,78890081.0,9.7
2022-10-07,69.5659947000737,70.31401614846159,70.68802687265554,69.19198397587977,1168.0,59273689.0,9.62
2022-10-11,64.70385528555242,67.44660059630802,67.57127083770601,64.2051743199605,2762.0,143402092.0,9.44
2022-10-12,63.95583383716453,64.70385528555242,65.07786600974637,63.332482630174624,1472.0,70791196.0,9.54
2022-10-13,59.96638611242913,64.32984456135848,64.70385528555242,59.96638611242913,2197.0,122463684.0,9.92
2022-10-14,63.45715287157261,62.95847190598068,63.831163595766554,62.085780216194806,1370.0,63129773.0,10.11
2022-10-17,62.085780216194806,61.58709925060288,62.45979094038876,60.09105635382711,1367.0,49822676.0,10.09
2022-10-18,63.083142147378666,63.706493354368575,63.95583383716453,62.085780216194806,1501.0,58675338.0,9.82
2022-10-19,62.58446118178674,63.083142147378666,64.32984456135848,62.33512069899078,1505.0,68773900.0,9.63
2022-10-20,61.213088526408946,62.58446118178674,62.58446118178674,60.34039683662307,1131.0,47940554.0,9.44
2022-10-21,59.96638611242913,61.462429009204904,61.462429009204904,59.96638611242913,986.0,40052275.0,9.37
2022-10-24,60.839077802214995,61.337758767806925,61.58709925060288,60.71440756081702,584.0,23363322.0,9.3
2022-10-25,58.96902418124527,61.462429009204904,61.462429009204904,58.844353939847295,1224.0,51799273.0,9.35
2022-10-26,57.97166225006142,59.34303490543922,59.467705146837204,57.97166225006142,929.0,38475728.0,9.31
2022-10-27,60.58973731941904,58.345672974255365,60.58973731941904,58.09633249145941,938.0,44078596.0,9.43
2022-10-28,58.719683698449316,60.09105635382711,60.58973731941904,58.719683698449316,1672.0,73740940.0,8.9
2022-10-31,60.215726595225085,59.84171587103114,60.58973731941904,59.34303490543922,975.0,41401054.0,8.96
2022-11-01,61.71176949200087,61.08841828501096,62.709131423184715,60.839077802214995,3406.0,159315449.0,8.36
2022-11-02,62.085780216194806,62.33512069899078,62.8338016645827,61.83643973339885,1292.0,58871521.0,8.27
2022-11-03,62.8338016645827,61.337758767806925,63.083142147378666,60.96374804361297,1067.0,55005656.0,8.52
2022-11-04,63.332482630174624,62.8338016645827,63.45715287157261,62.45979094038876,1098.0,53275338.0,8.51
2022-11-07,62.085780216194806,63.45715287157261,63.45715287157261,61.462429009204904,2277.0,107278353.0,8.32
2022-11-08,61.961109974796834,62.33512069899078,63.20781238877665,61.961109974796834,1205.0,55099346.0,8.54
2022-11-09,62.709131423184715,62.8338016645827,63.332482630174624,62.58446118178674,1115.0,52773712.0,8.64
2022-11-10,62.95847190598068,62.58446118178674,63.706493354368575,62.33512069899078,1017.0,49903512.0,8.78
2022-11-11,62.33512069899078,64.32984456135848,64.8285255269504,62.33512069899078,1653.0,96605417.0,8.16
2022-11-14,62.45979094038876,62.709131423184715,62.95847190598068,61.71176949200087,1120.0,56211882.0,8.46
2022-11-15,63.58182311297059,62.58446118178674,63.58182311297059,62.45979094038876,1537.0,69554691.0,8.58
2022-11-16,62.45979094038876,63.45715287157261,63.95583383716453,62.45979094038876,1073.0,58583486.0,8.4
2022-11-17,63.95583383716453,62.58446118178674,64.08050407856251,62.58446118178674,1222.0,59615936.0,8.64
2022-11-18,64.57918504415444,64.32984456135848,65.07786600974637,63.831163595766554,1633.0,84051569.0,8.82
2022-11-21,63.20781238877665,64.9531957683484,65.20253625114435,63.20781238877665,1138.0,54662614.0,8.46
2022-11-22,62.33512069899078,63.831163595766554,63.831163595766554,62.33512069899078,782.0,34281775.0,8.3
2022-11-23,63.706493354368575,62.95847190598068,64.08050407856251,62.8338016645827,1211.0,62767813.0,8.52
2022-11-24,63.20781238877665,63.831163595766554,63.95583383716453,62.8338016645827,725.0,29939645.0,8.33
2022-11-25,63.083142147378666,63.20781238877665,63.95583383716453,63.083142147378666,651.0,32947550.0,8.23
2022-11-28,63.58182311297059,62.709131423184715,63.831163595766554,61.83643973339885,985.0,47335995.0,8.26
2022-11-29,63.706493354368575,63.58182311297059,63.706493354368575,62.58446118178674,842.0,33969043.0,8.18
2022-11-30,64.70385528555242,63.831163595766554,65.45187673394031,63.831163595766554,1575.0,91007590.0,8.36
2022-12-01,65.20253625114435,65.82588745813426,66.57390890652215,65.07786600974637,1554.0,81496307.0,8.76
2022-12-02,66.44923866512417,65.07786600974637,67.07258987211407,65.07786600974637,1632.0,92389143.0,8.76
2022-12-05,68.19462204469592,66.9479196307161,68.81797325168581,66.82324938931811,4725.0,254634561.0,7.75
2022-12-06,67.19726011351206,67.32193035491004,67.57127083770601,65.45187673394031,2494.0,133458594.0,7.46
2022-12-07,64.8285255269504,66.57390890652215,66.57390890652215,64.32984456135848,2234.0,105989407.0,7.14
2022-12-08,65.70121721673628,65.32720649254233,65.95055769953224,65.07786600974637,910.0,46753687.0,7.26
2022-12-09,66.57390890652215,66.19989818232821,67.82061132050197,65.95055769953224,2969.0,164517039.0,6.86
2022-12-12,65.5765469753383,66.32456842372619,66.44923866512417,65.07786600974637,1339.0,64232334.0,6.75
2022-12-13,65.95055769953224,66.69857914792013,67.32193035491004,65.95055769953224,1337.0,61659872.0,7.06
2022-12-14,67.07258987211407,66.69857914792013,67.19726011351206,66.07522794093022,1169.0,53929135.0,7.08
2022-12-15,66.82324938931811,66.57390890652215,67.69594107910397,66.57390890652215,987.0,45616955.0,7.13
2022-12-16,65.5765469753383,65.95055769953224,66.07522794093022,65.45187673394031,885.0,43742580.0,6.84
2022-12-19,64.70385528555242,65.5765469753383,65.5765469753383,64.70385528555242,661.0,30184535.0,6.75
2022-12-20,62.21045045759279,64.70385528555242,65.45187673394031,62.085780216194806,1252.0,59822926.0,6.63
2022-12-21,62.45979094038876,62.45979094038876,63.332482630174624,62.33512069899078,627.0,25671749.0,6.45
2022-12-22,62.95847190598068,63.45715287157261,63.58182311297059,62.8338016645827,449.0,18173222.0,6.39
2022-12-23,63.45715287157261,61.83643973339885,63.58182311297059,61.337758767806925,611.0,25888457.0,6.4
2022-12-26,65.32720649254233,65.32720649254233,66.19989818232821,64.9531957683484,1787.0,93088395.0,6.63
2022-12-27,64.9531957683484,65.32720649254233,65.95055769953224,64.9531957683484,753.0,32081455.0,6.57
2022-12-28,63.58182311297059,64.57918504415444,64.9531957683484,63.58182311297059,667.0,28064404.0,6.4
2022-12-29,63.95583383716453,63.083142147378666,64.08050407856251,62.709131423184715,584.0,27665862.0,6.35
2022-12-30,63.332482630174624,64.45451480275646,64.70385528555242,63.332482630174624,488.0,19523709.0,6.22
2023-01-03,63.332482630174624,63.083142147378666,63.706493354368575,62.709131423184715,424.0,14858234.0,6.16
2023-01-04,63.831163595766554,63.831163595766554,63.95583383716453,63.332482630174624,384.0,12654744.0,6.12
2023-01-05,63.58182311297059,64.32984456135848,64.57918504415444,63.58182311297059,485.0,21836084.0,5.98
2023-01-06,63.831163595766554,63.58182311297059,63.831163595766554,63.332482630174624,281.0,11176557.0,5.97
2023-01-09,64.45451480275646,64.57918504415444,64.8285255269504,64.2051743199605,504.0,27576011.0,6.0
2023-01-10,63.831163595766554,64.32984456135848,64.70385528555242,63.831163595766554,475.0,22591893.0,5.92
2023-01-11,63.95583383716453,64.2051743199605,64.57918504415444,63.831163595766554,387.0,17925101.0,5.92
2023-01-12,63.58182311297059,64.08050407856251,64.45451480275646,63.58182311297059,438.0,20120633.0,5.86
2023-01-13,62.709131423184715,64.2051743199605,64.2051743199605,62.709131423184715,642.0,29732085.0,5.68
2023-01-16,62.709131423184715,62.709131423184715,62.95847190598068,62.58446118178674,328.0,10822735.0,5.64
2023-01-17,62.709131423184715,62.95847190598068,63.20781238877665,62.709131423184715,435.0,19672358.0,5.65
2023-01-30,64.57918504415444,64.08050407856251,65.20253625114435,63.58182311297059,912.0,46372004.0,5.53
2023-01-31,66.32456842372619,64.9531957683484,66.69857914792013,64.8285255269504,2211.0,124719401.0,5.32
2023-02-01,66.07522794093022,66.57390890652215,66.57390890652215,65.32720649254233,981.0,52031451.0,5.19
2023-02-02,66.32456842372619,66.44923866512417,66.69857914792013,65.82588745813426,787.0,41316640.0,5.24
2023-02-03,65.82588745813426,66.44923866512417,66.69857914792013,65.5765469753383,872.0,46825260.0,5.36
2023-02-06,65.95055769953224,65.82588745813426,66.32456842372619,65.5765469753383,597.0,32287412.0,5.52
2023-02-07,66.07522794093022,66.32456842372619,66.57390890652215,65.82588745813426,552.0,27870641.0,5.52
2023-02-08,66.82324938931811,66.57390890652215,67.44660059630802,66.44923866512417,1281.0,69543754.0,5.67
2023-02-09,67.69594107910397,66.32456842372619,68.19462204469592,66.32456842372619,1518.0,94070787.0,5.63
2023-02-10,65.45187673394031,67.57127083770601,67.69594107910397,65.20253625114435,1443.0,76709755.0,5.34
2023-02-13,65.70121721673628,65.32720649254233,65.70121721673628,65.07786600974637,406.0,15811180.0,5.35
2023-02-14,65.95055769953224,66.19989818232821,66.32456842372619,65.82588745813426,364.0,15970485.0,5.41
2023-02-15,66.19989818232821,65.82588745813426,66.44923866512417,65.5765469753383,560.0,27132115.0,5.43
2023-02-16,67.07258987211407,66.32456842372619,67.32193035491004,66.32456842372619,825.0,45242413.0,5.54
2023-02-17,67.57127083770601,66.69857914792013,67.69594107910397,66.57390890652215,693.0,35308830.0,5.53
2023-02-20,68.94264349308379,67.94528156189995,69.44132445867572,67.44660059630802,3235.0,178953210.0,5.04
2023-02-21,68.19462204469592,68.94264349308379,68.94264349308379,67.94528156189995,1584.0,72761519.0,4.83
2023-02-22,69.19198397587977,67.44660059630802,69.94000542426765,67.07258987211407,1947.0,109153130.0,5.35
2023-02-23,69.06731373448177,69.94000542426765,70.31401614846159,68.69330301028783,2790.0,149314313.0,4.58
2023-02-24,69.31665421727774,68.94264349308379,69.31665421727774,68.19462204469592,1128.0,58909573.0,4.7
2023-03-01,68.94264349308379,69.31665421727774,69.94000542426765,68.69330301028783,1568.0,82108891.0,4.71
2023-03-02,69.31665421727774,68.94264349308379,69.44132445867572,68.81797325168581,684.0,37469922.0,4.72
2023-03-03,68.69330301028783,68.81797325168581,69.44132445867572,68.56863276888986,1118.0,55952869.0,4.68
2023-03-06,69.06731373448177,68.81797325168581,69.31665421727774,68.81797325168581,842.0,40395623.0,4.8
2023-03-07,69.81533518286967,69.69066494147168,70.43868638985958,69.5659947000737,1664.0,94993167.0,4.86
2023-03-08,71.56071856244141,69.5659947000737,71.68538880383939,69.31665421727774,2247.0,147930734.0,5.73
2023-03-09,71.31137807964545,71.93472928663536,73.18143170061518,71.06203759684948,2976.0,167681199.0,5.53
2023-03-10,69.19198397587977,70.43868638985958,70.81269711405352,69.06731373448177,1600.0,85369020.0,5.27
2023-03-13,68.94264349308379,68.56863276888986,69.19198397587977,67.32193035491004,1194.0,60612001.0,5.26
2023-03-14,69.94000542426765,68.81797325168581,70.68802687265554,68.44396252749188,1504.0,82572586.0,5.52
2023-03-15,73.18143170061518,71.31137807964545,74.80214483878893,71.06203759684948,7737.0,488202901.0,6.89
2023-03-16,70.56335663125756,73.30610194201314,73.30610194201314,70.06467566566563,3824.0,188769121.0,6.42
2023-03-17,72.55808049362527,71.31137807964545,72.80742097642123,70.68802687265554,2104.0,128462154.0,6.69
2023-03-20,73.43077218341114,73.18143170061518,74.303463873197,72.80742097642123,2167.0,131557180.0,6.54
2023-03-21,73.55544242480912,73.6801126662071,74.428134114595,73.18143170061518,1729.0,120620367.0,6.54
2023-03-22,73.18143170061518,74.55280435599296,76.04884725276875,73.18143170061518,3519.0,200045078.0,6.34
2023-03-23,73.18143170061518,72.80742097642123,73.80478290760509,72.55808049362527,1559.0,79676601.0,6.52
2023-03-24,72.68275073502325,73.6801126662071,74.05412339040105,72.05939952803334,1937.0,88607310.0,6.47
2023-03-27,73.05676145921719,73.43077218341114,73.92945314900305,72.9320912178192,1291.0,59663414.0,6.74
2023-03-28,71.43604832104343,74.05412339040105,74.05412339040105,71.31137807964545,1520.0,72923648.0,6.5
2023-03-29,71.43604832104343,71.93472928663536,71.93472928663536,71.31137807964545,772.0,37346897.0,6.4
2023-03-30,73.55544242480912,72.43341025222729,74.05412339040105,72.43341025222729,3927.0,264566545.0,5.85
2023-03-31,72.43341025222729,73.55544242480912,73.55544242480912,72.43341025222729,1681.0,96022800.0,5.71
2023-04-06,73.05676145921719,72.43341025222729,73.80478290760509,71.31137807964545,1610.0,81360120.0,5.87
2023-04-07,74.55280435599296,74.428134114595,75.55016628717682,74.303463873197,4387.0,279883628.0,6.24
2023-04-10,76.54752821836067,75.30082580438085,76.54752821836067,74.67747459739095,3486.0,188759887.0,6.71
2023-04-11,75.30082580438085,77.29554966674856,77.29554966674856,75.30082580438085,2529.0,148734465.0,6.3
2023-04-12,75.79950676997278,75.30082580438085,76.29818773556471,75.17615556298287,1431.0,81386442.0,6.48
2023-04-13,77.79423063234049,76.79686870115664,80.28763546030012,76.17351749416673,5449.0,333654086.0,6.18
2023-04-14,77.79423063234049,77.54489014954453,78.29291159793242,76.67219845975866,2882.0,170885778.0,6.34
2023-04-17,78.54225208072837,78.79159256352435,80.28763546030012,78.04357111513646,4054.0,230634632.0,6.46
2023-04-18,78.54225208072837,78.66692232212637,79.53961401191222,77.29554966674856,2470.0,159898809.0,7.19
2023-04-19,79.91362473610617,79.41494377051426,82.03301883987186,79.16560328771828,4807.0,317152965.0,7.71
2023-04-20,77.54489014954453,80.78631642589204,80.78631642589204,77.54489014954453,2872.0,189309449.0,7.71
2023-04-21,78.16824135653444,77.91890087373847,79.7889544947082,76.04884725276875,3261.0,202507268.0,7.91
2023-04-24,78.16824135653444,78.66692232212637,78.66692232212637,77.79423063234049,1497.0,65215362.0,7.94
2023-04-25,77.0462091839526,79.29027352911626,80.28763546030012,76.29818773556471,2779.0,149097673.0,7.78
2023-04-26,77.0462091839526,76.79686870115664,78.04357111513646,76.54752821836067,1365.0,57938432.0,7.97
2023-04-27,77.79423063234049,77.29554966674856,78.29291159793242,76.67219845975866,1228.0,61714123.0,8.17
2023-04-28,79.0409330463203,78.79159256352435,79.29027352911626,78.66692232212637,1313.0,80533007.0,8.57
2023-05-02,79.16560328771828,79.7889544947082,80.28763546030012,79.0409330463203,1300.0,75231380.0,8.58
2023-05-03,78.54225208072837,79.0409330463203,79.91362473610617,78.54225208072837,977.0,53493523.0,8.63
2023-05-04,79.41494377051426,78.79159256352435,79.66428425331021,77.91890087373847,1125.0,71657080.0,8.79
2023-05-05,81.28499739148397,79.41494377051426,81.78367835707589,79.41494377051426,3505.0,242458861.0,8.68
2023-05-08,73.18143170061518,79.66428425331021,79.66428425331021,73.18143170061518,9288.0,548311737.0,5.94
2023-05-09,71.43604832104343,73.30610194201314,73.92945314900305,71.31137807964545,4069.0,212082339.0,4.76
2023-05-10,72.80742097642123,71.81005904523738,72.9320912178192,71.06203759684948,1811.0,103916473.0,4.37
2023-05-11,70.56335663125756,71.93472928663536,72.43341025222729,70.18934590706361,2338.0,113537528.0,4.14
2023-05-12,71.31137807964545,70.31401614846159,71.68538880383939,70.31401614846159,819.0,46410659.0,4.19
2023-05-15,70.43868638985958,71.31137807964545,71.31137807964545,70.06467566566563,1089.0,56604721.0,4.15
2023-05-16,71.56071856244141,70.68802687265554,72.18406976943132,70.68802687265554,1231.0,64882410.0,4.05
2023-05-17,73.05676145921719,71.93472928663536,74.17879363179902,71.43604832104343,2070.0,110991875.0,3.86
2023-05-18,73.30610194201314,73.80478290760509,74.05412339040105,72.55808049362527,1418.0,76576100.0,3.87
2023-05-19,73.55544242480912,74.17879363179902,75.17615556298287,73.55544242480912,2860.0,171884654.0,4.37
2023-05-22,75.05148532158489,73.92945314900305,76.79686870115664,73.92945314900305,2298.0,140811474.0,4.67
2023-05-23,77.17087942535058,75.05148532158489,77.91890087373847,74.92681508018691,2935.0,196691239.0,5.34
2023-05-24,78.16824135653444,76.92153894255462,78.54225208072837,76.79686870115664,1994.0,127207634.0,5.61
2023-05-25,81.40966763288195,79.53961401191222,82.03301883987186,78.16824135653444,7937.0,567714595.0,7.71
2023-05-26,79.91362473610617,82.65637004686177,83.0303807710557,79.41494377051426,5595.0,335356464.0,7.97
2023-05-29,87.51850946138305,82.28235932266783,87.892520185577,81.53433787427994,11107.0,805401536.0,9.67
2023-05-30,86.27180704740324,87.51850946138305,88.39120115116893,84.90043439202543,8491.0,582294918.0,10.26
2023-05-31,86.02246656460727,87.26916897858709,88.01719042697496,85.52378559901534,5549.0,375277734.0,9.55
2023-06-01,85.64845584041333,85.14977487482139,85.7731260818113,81.90834859847388,6106.0,386332117.0,9.62
2023-06-02,94.12603225547608,90.6352654963326,94.12603225547608,90.5105952549346,7242.0,715551529.0,9.29
2023-06-05,103.47630036032469,97.24278829042561,103.47630036032469,96.49476684203773,13739.0,1580798297.0,8.9
2023-06-06,103.72564084312066,103.47630036032469,104.34899205011057,97.74146925601754,23106.0,2310288045.0,11.45
2023-06-07,105.22168373989643,107.21640760226414,110.8318446028056,103.10228963613075,25087.0,2196160389.0,7.3
2023-06-08,105.47102422269239,107.21640760226414,108.96179098183589,104.7230027743045,16106.0,1317688161.0,7.67
2023-06-09,111.45519580979551,108.46311001624395,115.19530305173497,106.84239687807019,23645.0,2057186783.0,6.59
2023-06-12,106.59305639527423,111.33052556839752,111.57986605119349,105.96970518828432,11897.0,1011045212.0,6.3
2023-06-13,112.95123870657127,107.21640760226414,116.69134594851073,107.21640760226414,17998.0,1525301095.0,6.35
2023-06-14,114.69662208614302,113.32524943076524,117.06535667270468,111.70453629259147,15021.0,1199617947.0,4.88
2023-06-15,114.821292327541,115.31997329313293,116.06799474152082,113.32524943076524,7551.0,670255891.0,5.92
2023-06-16,119.30942101786835,118.43672932808248,120.9301341560421,114.945962568939,11506.0,983047590.0,5.61
2023-06-19,131.1530939506766,131.1530939506766,131.1530939506766,131.1530939506766,2535.0,324470698.0,5.32
2023-06-20,144.11879905606668,144.11879905606668,144.11879905606668,144.11879905606668,1610.0,181592387.0,5.18
2023-06-21,158.33120657543657,158.33120657543657,158.33120657543657,153.09505643672134,12436.0,1739855617.0,5.07
2023-06-26,162.8193352657639,160.32593043780426,167.5568044388872,159.5779089894164,35048.0,4289076885.0,3.49
2023-06-27,146.6122038840263,159.5779089894164,159.5779089894164,146.6122038840263,9290.0,909721758.0,3.46
2023-06-28,154.8404398162931,150.85099209155769,156.08714223027292,147.11088484961823,6845.0,706971599.0,3.89
2023-06-29,156.08714223027292,157.83252560984462,159.07922802382444,153.34439691951732,3972.0,400666201.0,4.21
2023-06-30,171.5462521636226,157.5831851270487,171.5462521636226,156.08714223027292,7278.0,734240334.0,4.45
2023-07-03,188.50140499374808,179.52514761309342,188.50140499374808,179.52514761309342,3083.0,371750901.0,4.37
2023-07-04,203.96051492709782,202.46447203032204,207.20194120344533,187.7533835453602,8752.0,973735179.0,4.3
2023-07-05,202.713812513118,201.96579106473013,206.45391975505746,191.49349078729966,5659.0,617778996.0,4.34
2023-07-06,222.55280545668535,201.95077432298078,222.55280545668535,200.42469794270636,7506.0,883546433.0,4.12
2023-07-07,211.10723260462726,218.73761450599932,223.57018971020165,209.8355022877319,8136.0,979612184.0,3.85
2023-07-10,194.57473848498776,206.02031133704588,206.02031133704588,194.57473848498776,3101.0,525673547.0,4.09
2023-07-11,199.4073136891901,199.66165975256914,203.4768507032552,196.35516092864125,1673.0,218785318.0,4.15
2023-07-12,194.32039242160872,203.4768507032552,203.4768507032552,193.30300816809242,2182.0,279825920.0,4.22
2023-07-13,195.8464688018831,199.4073136891901,204.74858102015054,194.32039242160872,2514.0,335364608.0,4.44
2023-07-14,203.22250463987612,200.93339006946448,203.4768507032552,197.11819911877845,1546.0,195827719.0,4.35
2023-07-17,212.12461685814355,203.98554283001332,213.65069323841794,203.98554283001332,1906.0,271963769.0,4.35
2023-07-18,206.02031133704588,214.66807749193424,216.70284599896678,202.71381251311797,1624.0,251916728.0,4.23
2023-07-19,207.54638771732027,211.10723260462726,213.65069323841794,205.00292708352958,1566.0,224784778.0,4.24
2023-07-20,228.14841885102487,207.80073378069937,228.14841885102487,207.80073378069937,2900.0,417121150.0,4.17
2023-07-21,245.18960509742251,221.02672907641096,245.44395116080156,221.02672907641096,2855.0,478312242.0,4.11
2023-07-24,263.2481755973364,260.7047149635457,269.6068271818131,245.44395116080156,28160.0,4971284219.0,3.2
2023-07-25,243.66352871714807,269.6068271818131,275.96547876628983,243.66352871714807,29174.0,4157508520.0,3.39
2023-07-26,219.5006526961365,244.68091297066437,246.7156814776969,219.5006526961365,22437.0,2835549340.0,3.87
2023-07-27,213.905039301797,214.9224235553133,236.28749287915508,207.54638771732027,35698.0,4656421658.0,3.58
2023-07-28,211.87027079476445,215.17676961869233,217.46588418910397,209.07246409759472,17197.0,2092200002.0,3.17
2023-07-31,197.11819911877845,215.17676961869233,216.95719206234583,192.28562391457612,19343.0,2514211237.0,5.35
2023-08-01,195.59212273850406,203.4768507032552,205.00292708352958,193.30300816809242,14245.0,1681693844.0,4.14
2023-08-02,176.2618219216948,195.59212273850406,195.59212273850406,176.2618219216948,16776.0,1910571028.0,5.36
2023-08-04,173.71836128790412,175.49878373155758,182.62047350617152,170.92055459073435,17645.0,1980458548.0,4.38
2023-08-07,184.14654988644594,174.22705341466224,187.961740837132,163.54451875274134,20859.0,2267360264.0,3.47
2023-08-08,177.78789830196922,182.62047350617152,184.90958807658316,175.75312979493665,10833.0,1224694841.0,3.25
2023-08-09,179.56832074562269,173.46401522452504,184.65524201320406,171.68359278087155,10719.0,1145855932.0,3.24
2023-08-10,170.4118624639762,177.024860111832,177.78789830196922,167.35970970342737,9862.0,1016135648.0,3.9
2023-08-11,177.53355223859015,176.51616798507388,182.36612744279248,174.4813994780413,12362.0,1311358073.0,3.85
2023-08-14,181.34874318927618,176.2618219216948,187.7073947737529,171.93793884425062,17483.0,1917043279.0,2.85
2023-08-15,182.62047350617152,185.67262626672036,188.97912509064824,180.3313589357599,13224.0,1528968458.0,2.47
2023-08-16,184.400895949825,179.82266680900176,184.400895949825,178.0422443653483,8102.0,906042959.0,3.15
2023-08-17,192.53996997795522,181.85743531603433,195.0834306117459,181.34874318927618,17047.0,1825825536.0,3.5
2023-08-18,183.89220382306686,192.53996997795522,194.32039242160872,179.56832074562269,15439.0,1494010199.0,3.02
2023-08-21,202.20512038635982,190.75954753430173,202.20512038635982,190.75954753430173,9667.0,1595545507.0,3.5
2023-08-22,213.65069323841794,217.46588418910397,220.5180369496528,206.529003463804,37709.0,4677019371.0,2.62
2023-08-23,207.29204165394123,214.9224235553133,217.21153812572493,202.71381251311797,20880.0,2440070949.0,2.48
2023-08-24,205.7659652736668,215.68546174545048,217.46588418910397,205.51161921028773,16896.0,1961477543.0,2.02
2023-08-25,205.00292708352958,200.93339006946448,207.80073378069937,196.10081486526218,9850.0,1098655365.0,2.83
2023-08-28,191.77693178781803,205.7659652736668,206.02031133704588,189.23347115402734,13654.0,1470221809.0,2.16
2023-08-29,195.0834306117459,194.32039242160872,196.6095069920203,191.01389359768078,5354.0,589654221.0,2.85
2023-08-30,196.35516092864125,198.3899294356738,199.9160058159482,195.33777667512496,4769.0,516570337.0,2.79
2023-08-31,205.7659652736668,195.33777667512496,205.7659652736668,194.0660463582296,8458.0,1136427230.0,3.66
2023-09-01,200.67904400608543,204.74858102015054,204.74858102015054,198.13558337229475,7745.0,787114409.0,2.96
2023-09-04,195.8464688018831,199.66165975256914,202.4594664497389,195.8464688018831,5019.0,483387539.0,2.95
2023-09-05,197.11819911877845,196.35516092864125,201.95077432298078,196.10081486526218,4204.0,433430184.0,2.78
2023-09-06,200.67904400608543,197.37254518215752,203.22250463987612,197.37254518215752,5110.0,476588282.0,3.0
2023-09-07,198.89862156243194,202.20512038635982,202.96815857649705,198.64427549905287,5013.0,516155661.0,2.55
2023-09-08,192.03127785119707,198.3899294356738,199.152967625811,192.03127785119707,5532.0,523576264.0,2.17
2023-09-11,172.9553230977669,175.49878373155758,179.82266680900176,172.9553230977669,8658.0,958414828.0,2.07
2023-09-12,156.42282897812743,155.65979078799023,161.00105811895065,155.65979078799023,15089.0,1573998874.0,2.93
2023-09-13,159.47498173867626,157.94890535840184,160.23801992881346,157.18586716826462,6367.0,496752633.0,2.56
2023-09-14,160.49236599219253,161.5097502457088,164.30755694287853,159.7293278020553,5171.0,474239336.0,2.7
2023-09-15,161.25540418232973,162.52713449922507,163.2901726893623,160.23801992881346,3197.0,287570253.0,2.78
2023-09-18,157.18586716826462,158.9662896119181,159.47498173867626,156.93152110488558,2803.0,224595929.0,2.87
2023-09-19,154.3880604710949,157.94890535840184,159.2206356752972,152.86198409082047,3603.0,308677352.0,3.17
2023-09-20,153.87936834433674,154.896752597853,158.20325142178092,153.62502228095767,3493.0,296142517.0,2.93
2023-09-21,151.33590771054605,153.11633015419952,153.11633015419952,149.0467931401344,4011.0,338098341.0,3.65
2023-09-22,156.16848291474835,150.0641773936507,156.42282897812743,149.0467931401344,4781.0,350251864.0,4.01
2023-09-25,157.4402132316437,156.42282897812743,159.47498173867626,155.91413685136928,3073.0,230264620.0,3.92
2023-09-26,155.15109866123208,157.18586716826462,159.7293278020553,154.896752597853,2624.0,205757177.0,3.67
2023-09-27,157.69455929502277,156.16848291474835,158.20325142178092,153.87936834433674,1911.0,146823523.0,3.67
2023-09-28,163.2901726893623,158.71194354853904,165.0705951330158,158.71194354853904,7299.0,647511268.0,3.58
2023-10-02,164.81624906963668,165.83363332315298,169.39447821045994,163.54451875274134,5716.0,489847173.0,3.38
2023-10-03,159.2206356752972,165.32494119639483,165.83363332315298,158.9662896119181,3702.0,291691033.0,3.41
2023-10-04,160.7467120555716,156.93152110488558,161.00105811895065,156.16848291474835,2478.0,215170494.0,3.84
2023-10-05,162.01844237246695,162.01844237246695,165.32494119639483,160.7467120555716,2457.0,215813993.0,3.7
2023-10-06,162.52713449922507,162.01844237246695,165.0705951330158,162.01844237246695,2080.0,175237388.0,3.87
2023-10-11,151.33590771054605,157.69455929502277,157.69455929502277,149.0467931401344,6613.0,563939610.0,4.12
2023-10-12,153.87936834433674,152.09894590068325,154.896752597853,151.84459983730417,2056.0,163810870.0,4.42
2023-10-13,150.31852345702976,153.62502228095767,155.65979078799023,150.31852345702976,2370.0,187726662.0,3.99
2023-10-16,148.5381010133763,149.0467931401344,150.57286952040883,146.24898644296465,2764.0,228588078.0,4.4
2023-10-17,144.2142179359321,150.31852345702976,151.84459983730417,143.95987187255304,3470.0,249723518.0,4.46
2023-10-18,139.89033485848793,142.94248761903677,144.2142179359321,139.38164273172978,3445.0,280114848.0,5.21
2023-10-19,141.67075730214142,140.39902698524608,142.6881415556577,139.63598879510886,2293.0,168449121.0,5.05
2023-10-20,138.87295060497166,140.9077191120042,140.9077191120042,136.0751439078019,2531.0,180424277.0,4.94
2023-10-23,138.87295060497166,137.60122028807632,142.17944942889955,137.34687422469725,2379.0,135105577.0,4.89
2023-10-24,142.17944942889955,139.63598879510886,142.17944942889955,139.12729666835074,2013.0,115212256.0,4.87
2023-10-25,142.17944942889955,143.4511797457949,145.99464037958558,142.17944942889955,2223.0,138152924.0,4.68
2023-10-26,134.80341359090656,139.38164273172978,139.63598879510886,134.80341359090656,2891.0,195451783.0,4.43
2023-10-27,134.54906752752748,135.3121057176647,137.8555663514554,133.53168327401121,2133.0,166819632.0,4.83
2023-10-30,133.7860293373903,136.0751439078019,136.8381820979391,133.7860293373903,1539.0,89886289.0,5.08
2023-10-31,126.79151259446589,136.0751439078019,136.0751439078019,126.79151259446589,3614.0,264777202.0,5.53
2023-11-01,129.97083838670426,128.953454133188,130.98822264022053,127.68172381629263,2355.0,178110903.0,5.92
2023-11-02,134.2947214641484,133.53168327401121,135.3121057176647,132.51429902049495,2293.0,148297972.0,5.92
2023-11-03,133.53168327401121,135.56645178104375,136.0751439078019,133.27733721063214,1905.0,100267324.0,5.97
2023-11-06,135.56645178104375,134.2947214641484,136.32948997118098,134.2947214641484,1345.0,100415453.0,6.1
2023-11-07,134.04037540076936,135.05775965428563,137.09252816131817,133.7860293373903,1216.0,86595814.0,5.86
2023-11-08,135.56645178104375,134.54906752752748,137.8555663514554,133.53168327401121,1980.0,137423125.0,5.81
2023-11-09,126.79151259446589,133.27733721063214,133.27733721063214,126.40999349939729,5962.0,419073063.0,5.35
2023-11-10,128.953454133188,127.17303168953448,130.98822264022053,127.04585865784496,2603.0,194385550.0,5.47
2023-11-13,129.71649232332518,130.47953051346238,131.2425687035996,128.19041594305077,1582.0,124086959.0,5.74
2023-11-14,128.69910806980891,129.20780019656704,130.73387657684145,128.44476200642984,1254.0,82430424.0,5.86
2023-11-15,127.68172381629263,131.2425687035996,131.75126083035772,127.68172381629263,1712.0,106657036.0,5.68
2023-11-16,129.20780019656704,128.19041594305077,130.22518445008333,124.37522499236472,3869.0,273114194.0,5.52
2023-11-17,141.92510336552047,131.2425687035996,141.92510336552047,130.98822264022053,11148.0,952854838.0,4.22
2023-11-20,155.91413685136928,148.79244707675534,155.91413685136928,144.46856399931116,21107.0,2133378320.0,3.35
2023-11-21,157.69455929502277,157.94890535840184,162.52713449922507,156.16848291474835,21174.0,2224706491.0,2.6
2023-11-22,151.59025377392513,154.13371440771581,154.64240653447393,150.57286952040883,8370.0,807397043.0,2.19
2023-11-23,158.20325142178092,154.13371440771581,164.81624906963668,152.35329196406232,18465.0,1859177819.0,1.93
2023-11-24,161.00105811895065,159.7293278020553,163.79886481612044,157.94890535840184,10495.0,979381933.0,1.67
2023-11-27,156.42282897812743,162.272788435846,163.2901726893623,154.64240653447393,5599.0,537409058.0,1.71
2023-11-28,157.69455929502277,156.93152110488558,160.23801992881346,155.91413685136928,3329.0,318008871.0,1.94
2023-11-29,157.4402132316437,161.5097502457088,163.54451875274134,156.6771750415065,5995.0,628883244.0,1.75
2023-11-30,159.98367386543438,158.9662896119181,160.7467120555716,156.6771750415065,5282.0,473303988.0,2.01
2023-12-01,162.78148056260414,160.23801992881346,164.0532108794995,157.94890535840184,7729.0,801694130.0,2.48
2023-12-04,165.0705951330158,164.30755694287853,173.71836128790412,163.79886481612044,21336.0,2100441950.0,2.36
2023-12-05,160.23801992881346,162.52713449922507,163.2901726893623,159.2206356752972,7070.0,476231891.0,2.35
2023-12-06,162.78148056260414,163.79886481612044,164.81624906963668,161.25540418232973,4308.0,418540686.0,2.46
2023-12-07,161.00105811895065,162.52713449922507,165.0705951330158,160.49236599219253,4132.0,340889653.0,2.41
2023-12-08,159.7293278020553,163.54451875274134,164.30755694287853,157.94890535840184,3878.0,312617796.0,2.3
2023-12-11,155.91413685136928,155.91413685136928,158.45759748515997,150.57286952040883,4389.0,425980497.0,2.92
2023-12-12,151.59025377392513,157.69455929502277,158.20325142178092,151.33590771054605,4350.0,348447562.0,2.73
2023-12-13,149.80983133027163,152.6076380274414,153.87936834433674,148.79244707675534,3341.0,257331527.0,2.68
2023-12-14,149.0467931401344,151.84459983730417,152.6076380274414,148.79244707675534,2229.0,164301859.0,2.51
2023-12-15,148.02940888661814,150.0641773936507,150.57286952040883,148.02940888661814,2069.0,161275984.0,2.68
2023-12-18,144.9772561260693,148.02940888661814,148.79244707675534,144.72291006269023,2480.0,178358379.0,2.61
2023-12-19,143.95987187255304,144.9772561260693,146.50333250634372,142.6881415556577,1797.0,132597044.0,2.77
2023-12-20,147.26637069648095,144.72291006269023,147.52071675986,144.46856399931116,1828.0,131031158.0,2.69
2023-12-21,144.46856399931116,145.23160218944838,146.7576785697228,144.2142179359321,1441.0,96364272.0,2.57
2023-12-22,144.72291006269023,145.23160218944838,147.01202463310187,143.4511797457949,1393.0,117418817.0,2.52
2023-12-25,143.95987187255304,145.23160218944838,146.24898644296465,142.6881415556577,1647.0,99828070.0,2.39
2023-12-26,145.23160218944838,143.70552580917396,145.74029431620653,143.70552580917396,868.0,67281831.0,2.46
2023-12-27,145.23160218944838,146.24898644296465,146.24898644296465,143.70552580917396,1514.0,108289218.0,2.48
2023-12-28,154.64240653447393,146.7576785697228,158.45759748515997,145.99464037958558,7509.0,697539828.0,2.21
2023-12-29,160.23801992881346,155.91413685136928,167.86840183018552,155.91413685136928,21424.0,2224358241.0,1.79
2024-01-02,162.01844237246695,160.7467120555716,163.0358266259832,156.93152110488558,7528.0,560602701.0,2.1
2024-01-03,158.20325142178092,159.2206356752972,162.01844237246695,158.20325142178092,3809.0,252016592.0,2.08
2024-01-04,154.3880604710949,157.18586716826462,157.94890535840184,151.84459983730417,5184.0,387453669.0,2.03
2024-01-05,152.09894590068325,153.62502228095767,156.16848291474835,152.09894590068325,1819.0,143189266.0,2.16
2024-01-08,148.79244707675534,152.86198409082047,153.62502228095767,148.79244707675534,1783.0,135590472.0,2.27
2024-01-09,143.70552580917396,148.5381010133763,149.0467931401344,143.4511797457949,3285.0,289914256.0,2.44
2024-01-10,147.52071675986,143.19683368241581,148.5381010133763,142.43379549227862,2395.0,202040416.0,2.38
2024-01-11,150.57286952040883,147.01202463310187,152.09894590068325,146.50333250634372,2426.0,187165130.0,2.43
2024-01-12,147.52071675986,150.0641773936507,151.33590771054605,147.26637069648095,1965.0,132466201.0,2.32
2024-01-15,152.6076380274414,155.65979078799023,158.9662896119181,151.59025377392513,6934.0,666580302.0,2.42
2024-01-16,153.11633015419952,153.11633015419952,154.896752597853,151.33590771054605,2603.0,196035340.0,2.38
2024-01-17,149.0467931401344,155.40544472461116,155.65979078799023,148.79244707675534,3604.0,271998226.0,2.17
2024-01-18,147.26637069648095,149.80983133027163,151.08156164716698,146.24898644296465,1681.0,120919850.0,2.21
2024-01-19,154.13371440771581,149.3011392035135,155.65979078799023,148.79244707675534,3735.0,334038202.0,2.64
2024-01-22,158.71194354853904,156.42282897812743,161.00105811895065,154.64240653447393,8332.0,733363849.0,2.58
2024-01-23,154.64240653447393,159.47498173867626,159.47498173867626,154.64240653447393,3756.0,307279302.0,2.47
2024-01-24,153.62502228095767,155.15109866123208,156.42282897812743,153.62502228095767,2057.0,215381519.0,2.48
2024-01-25,150.8272155837879,155.65979078799023,155.65979078799023,150.8272155837879,2224.0,171624450.0,2.25
2024-01-26,148.28375494999722,151.33590771054605,151.33590771054605,148.28375494999722,1824.0,142689925.0,1.91
2024-01-29,151.33590771054605,148.5381010133763,151.59025377392513,147.01202463310187,1334.0,104803350.0,1.97
2024-01-30,154.896752597853,153.3706762175786,158.71194354853904,153.11633015419952,7328.0,665666631.0,2.12
2024-01-31,154.3880604710949,154.3880604710949,156.93152110488558,153.87936834433674,2707.0,213599558.0,2.28
2024-02-01,156.42282897812743,154.64240653447393,158.45759748515997,154.13371440771581,3122.0,268813028.0,2.2
2024-02-02,159.98367386543438,157.4402132316437,161.5097502457088,156.6771750415065,8726.0,811457669.0,2.0
2024-02-05,157.69455929502277,159.98367386543438,159.98367386543438,154.896752597853,5938.0,362786094.0,2.04
2024-02-15,168.37709395694367,147.77506282323907,169.39447821045994,147.77506282323907,16393.0,1790207521.0,4.29
2024-02-16,180.07701287238083,167.86840183018552,183.38351169630872,166.34232544991113,23388.0,2543761987.0,3.72
2024-02-19,189.99650934416454,182.8748195695506,195.8464688018831,181.85743531603433,23639.0,2749712195.0,2.77
2024-02-20,189.99650934416454,189.4878172174064,192.28562391457612,184.14654988644594,13566.0,1207810744.0,3.24
2024-02-21,196.8638530553994,191.26823966105988,199.9160058159482,185.1639341399622,16066.0,1853614224.0,3.0
2024-02-22,194.57473848498776,199.4073136891901,199.9160058159482,194.0660463582296,11522.0,1323802762.0,2.72
2024-02-23,187.7073947737529,197.88123730891564,197.88123730891564,186.9443565836157,10302.0,1156593940.0,3.33
2024-02-26,206.27465740042493,189.4878172174064,206.27465740042493,189.23347115402734,14840.0,2051650398.0,3.17
2024-02-27,197.11819911877845,211.10723260462726,215.68546174545048,189.99650934416454,36474.0,5084414174.0,2.71
2024-02-29,216.70284599896678,195.33777667512496,216.70284599896678,193.81170029485057,25947.0,3522542374.0,2.58
2024-03-01,220.5180369496528,216.70284599896678,236.54183894253416,213.1420011116598,51108.0,7085423503.0,3.0
2024-03-04,222.80715152006442,228.91145704116207,233.7440322453644,221.53542120316905,27883.0,4182874659.0,2.87
2024-03-05,222.55280545668535,225.09626609047604,227.63972672426672,217.46588418910397,16739.0,2292549297.0,2.91
2024-03-06,232.72664799184813,220.2636908862737,243.15483659038992,219.5006526961365,40654.0,5762132357.0,3.2
2024-03-07,218.99196056937836,234.5070704355016,238.5766074495667,216.70284599896678,29611.0,4133177670.0,2.95
2024-03-08,197.88123730891564,222.2984593933063,223.8245357735807,197.11819911877845,29873.0,3922758814.0,3.76
2024-03-11,201.6964282596017,200.42469794270636,211.3615786680063,198.64427549905287,19070.0,2445678359.0,2.99
2024-03-12,212.88765504828075,204.74858102015054,214.9224235553133,199.152967625811,19588.0,2572891866.0,2.79
2024-03-13,207.80073378069937,217.46588418910397,221.28107513979,200.42469794270636,26672.0,3112503623.0,2.49
2024-03-14,200.67904400608543,204.74858102015054,207.80073378069937,196.6095069920203,12747.0,1431600867.0,2.67
2024-03-15,203.4768507032552,198.89862156243194,207.54638771732027,198.64427549905287,11381.0,1268352235.0,2.69
2024-03-18,207.29204165394123,205.51161921028773,208.05507984407842,202.20512038635982,8624.0,982823389.0,3.14
2024-03-19,200.67904400608543,207.29204165394123,207.80073378069937,200.17035187932728,8390.0,863724716.0,2.67
2024-03-20,199.9160058159482,200.93339006946448,204.49423495677146,199.9160058159482,6068.0,676817660.0,2.32
2024-03-21,200.93339006946448,204.74858102015054,207.29204165394123,200.93339006946448,6525.0,771484470.0,2.72
2024-03-22,204.49423495677146,202.4594664497389,205.51161921028773,198.89862156243194,5922.0,614718073.0,2.56
2024-03-25,224.841920027097,211.10723260462726,224.841920027097,210.85288654124818,32202.0,5221985629.0,3.53
2024-03-26,210.34419441449006,226.36799640737138,233.48968618198532,210.34419441449006,40817.0,5234691549.0,2.97
2024-03-27,213.65069323841794,214.66807749193424,220.2636908862737,213.65069323841794,12141.0,1353338691.0,2.61
2024-03-28,214.9224235553133,215.93980780882958,220.00934482289466,211.3615786680063,8224.0,849000271.0,2.47
2024-03-29,214.92242355531332,218.29680943238947,226.86255819727518,214.92242355531332,12277.0,1535874253.0,2.23
2024-04-01,215.44155984409426,219.33508200995138,220.63292273190376,215.44155984409426,5705.0,472377462.0,2.05
2024-04-02,209.7310606675038,218.03724128799902,218.03724128799902,208.9523562343324,8093.0,831530703.0,1.89
2024-04-03,210.76933324506572,208.69278808994193,215.18199169970381,205.57797035725622,6257.0,673683495.0,2.08
2024-04-08,218.03724128799902,210.50976510067522,222.96903603141806,209.7310606675038,12690.0,1598468415.0,2.79
2024-04-09,219.33508200995138,218.03724128799902,220.63292273190376,214.1437191221419,9690.0,980992364.0,2.97
2024-04-10,213.88415097775143,220.63292273190376,221.15205902068473,213.10544654457996,7797.0,851357810.0,2.37
2024-04-11,210.25019695628475,214.92242355531332,215.70112798848473,208.173651801161,6448.0,631403331.0,2.47
2024-04-12,207.65451551238002,211.54803767823714,213.88415097775143,206.6162429348181,6291.0,696366944.0,2.3
2024-04-15,202.98228891335148,206.0971066460372,206.8758110792086,201.94401633578957,5325.0,533205835.0,2.59
2024-04-16,200.6461756138372,199.86747118066577,200.6461756138372,193.3782675709039,5902.0,620312060.0,2.87
2024-04-17,220.63292273190376,202.20358448018007,220.63292273190376,201.16531190261813,17357.0,2359915125.0,4.25
2024-04-18,218.55637757677997,218.03724128799902,224.78601304215135,215.96069613287523,16048.0,2162867595.0,4.21
2024-04-19,226.60299005288468,215.44155984409426,232.31348922947515,211.8076058226276,23669.0,3270455256.0,4.12
2024-04-22,209.21192437872284,228.419967063618,231.79435294069418,209.21192437872284,26549.0,3398069745.0,3.36
2024-04-23,226.86255819727518,214.1437191221419,229.97737592996086,214.1437191221419,20276.0,2774714894.0,3.27
2024-04-24,234.13046624020848,231.01564850752277,245.81103273777984,228.16039891922756,56407.0,8506895773.0,3.76
2024-04-25,234.9091706733799,230.7560803631323,242.4366468607037,228.67953520800847,29529.0,4199270641.0,3.29
2024-04-26,238.0239884060656,242.9557831494846,244.77276016021793,233.35176180703706,32680.0,4168141319.0,3.02
2024-04-29,233.6113299514275,243.99405572704651,247.3684416041227,233.09219366264657,20970.0,3276199422.0,2.97
2024-04-30,238.0239884060656,233.87089809581798,243.2153512938751,233.09219366264657,23969.0,3192915917.0,3.12
2024-05-02,234.64960252898942,239.32182912801798,240.1005335611894,233.6113299514275,13369.0,1398201402.0,2.6
2024-05-03,232.31348922947515,238.802692839237,243.47491943826557,229.97737592996086,15608.0,2172684948.0,2.46
2024-05-06,232.8326255182561,236.20701139533227,240.8792379943608,232.8326255182561,11373.0,1640726447.0,2.56
2024-05-07,227.12212634166565,236.20701139533227,237.24528397289419,223.22860417580853,13042.0,1696956836.0,2.55
2024-05-08,226.08385376410374,228.16039891922756,228.419967063618,224.52644489776088,5199.0,630027609.0,2.63
2024-05-09,221.41162716507517,227.12212634166565,230.4965122187418,220.37335458751332,8061.0,960698033.0,2.52
2024-05-10,227.3816944860561,219.85421829873235,227.90083077483706,215.96069613287523,9522.0,1250153902.0,2.83
2024-05-13,236.20701139533227,229.7178077855704,241.39837428314178,224.00730860897994,20729.0,2994167766.0,3.91
2024-05-14,241.39837428314178,236.72614768411322,242.9557831494846,234.39003438459895,20368.0,2713577270.0,4.67
2024-05-15,235.6878751065513,245.81103273777984,246.0706008821703,234.9091706733799,17063.0,2100901609.0,3.24
2024-05-16,235.42830696216086,237.50485211728466,242.69621500509413,234.39003438459895,11533.0,1613207617.0,3.31
2024-05-17,238.802692839237,234.39003438459895,240.8792379943608,234.39003438459895,7679.0,1079239381.0,3.63
2024-05-20,248.66628232607505,241.91751057192272,262.1638258343798,238.0239884060656,39384.0,7122071084.0,6.35
2024-05-21,272.54655160999874,252.30023634754173,272.54655160999874,249.18541861485602,42820.0,7527180501.0,7.8
2024-05-22,269.95087016609403,275.1422330539035,284.22711810757016,267.35518872218927,46134.0,8573965005.0,8.11
2024-05-23,295.9076846051415,277.7379144978083,295.9076846051415,271.2487108880464,46274.0,9425971498.0,8.96
2024-05-24,308.8860918246653,295.9076846051415,308.8860918246653,288.1206402734273,31638.0,6289506601.0,8.74
2024-05-27,321.864499044189,317.9709768783319,338.7364284295699,312.7796139905224,40111.0,8863817833.0,7.1
2024-05-28,320.56665832223666,316.67313615637954,324.4601804880938,303.69472893685577,26007.0,5349082087.0,8.72
2024-05-29,303.69472893685577,327.05586193199855,345.2256320393318,302.3968882149034,48410.0,10841613284.0,8.04
2024-05-30,289.41848099537964,297.2055253270939,302.3968882149034,288.1206402734273,26784.0,5873723129.0,8.78
2024-05-31,317.9709768783319,303.69472893685577,317.9709768783319,299.80120677099865,10695.0,3437673414.0,9.81
2024-06-03,349.1191542051889,349.1191542051889,349.1191542051889,349.1191542051889,3261.0,919551922.0,8.38
2024-06-04,315.37529543442713,349.1191542051889,363.39540214666505,315.37529543442713,75826.0,17147435965.0,9.13
2024-06-05,306.29041038076053,325.75802121004614,328.3537026539509,306.29041038076053,36448.0,7338132989.0,7.79
2024-06-06,297.2055253270939,319.26881760028425,320.56665832223666,293.31200316123676,26542.0,5131173308.0,6.84
2024-06-07,299.80120677099865,297.2055253270939,301.099047492951,289.41848099537964,13432.0,2398938507.0,5.68
2024-06-11,281.6314366636654,298.5033660490463,298.5033660490463,271.2487108880464,20492.0,3443386611.0,6.19
2024-06-12,297.2055253270939,282.92927738561775,301.099047492951,279.03575521976063,15634.0,2948499000.0,4.51
2024-06-13,289.41848099537964,302.3968882149034,308.8860918246653,289.41848099537964,16700.0,2863434860.0,3.01
2024-06-14,289.41848099537964,293.31200316123676,297.2055253270939,289.41848099537964,6229.0,995491249.0,3.17
2024-06-17,286.8227995514749,290.716321717332,295.9076846051415,285.5249588295225,5532.0,828360485.0,3.52
2024-06-18,282.92927738561775,288.1206402734273,298.5033660490463,282.92927738561775,7264.0,1096540221.0,3.26
2024-06-19,273.84439233195116,285.5249588295225,288.1206402734273,272.54655160999874,8512.0,1097744276.0,3.75
2024-06-20,286.8227995514749,275.1422330539035,289.41848099537964,273.84439233195116,9167.0,1476005774.0,3.69
2024-06-21,289.41848099537964,285.5249588295225,289.41848099537964,277.7379144978083,6786.0,1065907333.0,4.08
2024-06-24,276.4400737758559,288.1206402734273,292.0141624392844,275.1422330539035,7108.0,999624939.0,3.69
2024-06-25,273.84439233195116,273.84439233195116,276.4400737758559,264.7595072782845,4832.0,701944795.0,4.26
2024-06-26,276.4400737758559,277.7379144978083,285.5249588295225,276.4400737758559,7173.0,1130284781.0,3.69
2024-06-27,269.95087016609403,272.54655160999874,277.7379144978083,269.95087016609403,4285.0,560586221.0,3.6
2024-06-28,285.5249588295225,272.54655160999874,294.60984388318917,271.2487108880464,14499.0,2521133864.0,4.01
2024-07-01,281.6314366636654,288.1206402734273,290.716321717332,280.33359594171304,8031.0,1178943153.0,3.7
2024-07-02,281.6314366636654,281.6314366636654,290.716321717332,279.03575521976063,6709.0,1023051763.0,3.82
2024-07-03,280.33359594171304,284.22711810757016,286.8227995514749,280.33359594171304,5105.0,765063472.0,3.42
2024-07-04,285.5249588295225,284.22711810757016,295.9076846051415,282.92927738561775,9224.0,1494621597.0,3.48
2024-07-05,285.5249588295225,285.5249588295225,286.8227995514749,277.7379144978083,7863.0,1265415657.0,3.47
2024-07-08,279.03575521976063,288.1206402734273,292.0141624392844,279.03575521976063,5829.0,897344504.0,3.15
2024-07-09,273.84439233195116,280.33359594171304,282.92927738561775,273.84439233195116,4307.0,568145938.0,3.11
2024-07-10,277.7379144978083,276.4400737758559,281.6314366636654,272.54655160999874,3241.0,468018082.0,3.31
2024-07-11,267.35518872218927,272.54655160999874,272.54655160999874,264.7595072782845,9298.0,1133385604.0,3.13
2024-07-12,260.8659851124274,260.8659851124274,269.95087016609403,259.568144390475,4492.0,504612666.0,3.23
2024-07-15,255.6746222246179,262.1638258343798,263.46166655633215,255.6746222246179,7216.0,832803980.0,3.53
2024-07-16,257.4915992353512,255.6746222246179,262.1638258343798,255.15548593583694,5669.0,615447758.0,3.75
2024-07-17,282.92927738561775,259.568144390475,282.92927738561775,259.30857624608456,17545.0,2811328717.0,4.75
2024-07-18,290.716321717332,272.54655160999874,293.31200316123676,271.2487108880464,20566.0,3291916667.0,4.12
2024-07-19,281.6314366636654,290.716321717332,292.0141624392844,277.7379144978083,11200.0,1865149353.0,3.82
2024-07-22,277.7379144978083,281.6314366636654,295.9076846051415,275.1422330539035,22919.0,3756362619.0,4.04
2024-07-23,273.84439233195116,288.1206402734273,290.716321717332,272.54655160999874,9686.0,1375655518.0,3.85
2024-07-26,259.0490081016941,264.7595072782845,266.0573480002369,259.0490081016941,7458.0,852580268.0,4.1
2024-07-29,237.50485211728466,260.8659851124274,264.7595072782845,236.9857158285037,11153.0,1383264175.0,4.38
2024-07-30,254.11721335827505,237.7644202616751,258.7894399573036,237.7644202616751,10708.0,1369966854.0,5.04
2024-07-31,257.23203109096073,251.78110005876076,266.0573480002369,250.4832593368084,11114.0,1433483046.0,4.47
2024-08-01,275.1422330539035,264.7595072782845,276.4400737758559,259.568144390475,8692.0,1421400552.0,4.9
2024-08-02,257.7511673797417,259.568144390475,271.2487108880464,257.4915992353512,7623.0,889806300.0,4.99
2024-08-05,232.05392108508468,243.99405572704651,243.99405572704651,232.05392108508468,4912.0,508749862.0,4.98
2024-08-06,212.32674211140855,236.9857158285037,237.50485211728466,208.9523562343324,11122.0,1331920412.0,4.88
2024-08-07,233.35176180703706,212.58631025579905,233.35176180703706,212.58631025579905,4820.0,666266281.0,5.6
2024-08-08,231.5347847963037,231.01564850752277,239.58139727240842,224.00730860897994,7814.0,982089344.0,5.29
2024-08-09,239.32182912801798,242.69621500509413,248.4067141816846,237.7644202616751,8277.0,1117717874.0,4.79
2024-08-12,239.06226098362748,240.1005335611894,248.66628232607505,238.802692839237,5909.0,704894952.0,4.92
2024-08-13,239.32182912801798,242.69621500509413,245.2918964489989,235.42830696216086,3988.0,481220606.0,5.15
2024-08-14,235.6878751065513,244.253623871437,245.03232830460843,231.79435294069418,6936.0,911950993.0,5.12
2024-08-15,236.9857158285037,237.24528397289419,238.54312469484657,232.8326255182561,3791.0,442033773.0,5.13
2024-08-16,240.61966984997036,241.65794242753222,245.2918964489989,239.84096541679892,4609.0,642252334.0,5.42
2024-08-19,252.04066820315123,249.18541861485602,262.1638258343798,243.73448758265607,13917.0,1915564922.0,4.49
2024-08-20,256.19375851339885,256.7128948021798,269.95087016609403,255.41505408022743,16256.0,2236017592.0,4.51
2024-08-21,259.0490081016941,255.15548593583694,263.46166655633215,253.85764521388455,7422.0,1099774080.0,4.85
2024-08-22,252.04066820315123,260.8659851124274,268.6530294441416,251.5215319143703,13028.0,1758565457.0,4.08
2024-08-23,258.2703036685227,249.18541861485602,258.2703036685227,246.84930531534172,7008.0,954804625.0,4.54
2024-08-26,250.4832593368084,262.1638258343798,262.1638258343798,250.4832593368084,7361.0,748064582.0,4.18
2024-08-27,256.97246294657026,250.22369119241793,259.30857624608456,249.96412304802743,4622.0,618298522.0,5.04
2024-08-28,253.07894078071314,258.5298718129131,259.568144390475,253.07894078071314,6496.0,499611397.0,4.95
2024-08-29,250.74282748119884,251.78110005876076,255.41505408022743,249.96412304802743,2861.0,308326082.0,5.0
2024-08-30,247.10887345973222,252.5598044919322,254.11721335827505,246.84930531534172,3947.0,407298776.0,4.8
2024-09-02,247.10887345973222,248.66628232607505,255.6746222246179,247.10887345973222,3379.0,478573463.0,4.91
2024-09-03,241.39837428314178,248.92585047046555,251.26196376997981,241.39837428314178,4228.0,424652849.0,4.76
2024-09-04,234.9091706733799,229.7178077855704,235.16873881777036,221.93076345385614,4009.0,435909783.0,5.02
2024-09-05,233.87089809581798,238.0239884060656,242.1770787163132,230.7560803631323,3496.0,395368067.0,4.8
2024-09-06,232.5730573738656,234.13046624020848,236.72614768411322,232.5730573738656,1883.0,206679832.0,4.83
2024-09-09,232.05392108508468,224.26687675337044,232.05392108508468,224.26687675337044,2221.0,235573114.0,4.98
2024-09-10,220.37335458751332,232.8326255182561,235.42830696216086,216.47983242165617,4030.0,412861638.0,5.04
2024-09-11,229.7178077855704,222.19033159824662,230.4965122187418,218.81594572117044,3377.0,404989203.0,5.44
2024-09-12,235.16873881777036,233.87089809581798,236.72614768411322,230.7560803631323,4763.0,449916571.0,5.43
2024-09-13,236.20701139533227,236.72614768411322,237.50485211728466,233.6113299514275,2264.0,238403790.0,5.46
2024-09-16,234.64960252898942,237.24528397289419,238.54312469484657,234.64960252898942,2210.0,174495810.0,5.42
2024-09-18,232.05392108508468,235.42830696216086,236.9857158285037,232.05392108508468,1528.0,137423772.0,5.47
2024-09-19,242.9557831494846,233.35176180703706,244.51319201582749,233.35176180703706,6668.0,790019938.0,5.71
2024-09-20,239.58139727240842,245.2918964489989,252.8193726363227,239.58139727240842,8956.0,1324554435.0,6.16
2024-09-23,240.61966984997036,241.39837428314178,246.3301690265608,240.61966984997036,3731.0,385808870.0,6.05
2024-09-24,236.72614768411322,245.03232830460843,246.0706008821703,236.20701139533227,4211.0,475259015.0,5.27
2024-09-25,243.73448758265607,238.28355655045607,245.2918964489989,238.28355655045607,3262.0,430038870.0,5.81
2024-09-26,243.99405572704651,245.2918964489989,251.00239562558934,241.1388061387513,6810.0,851848060.0,6.0
2024-09-27,240.1005335611894,244.77276016021793,248.1471460372941,240.1005335611894,5592.0,479364078.0,5.5
2024-09-30,236.20701139533227,238.802692839237,242.69621500509413,236.20701139533227,1943.0,221803812.0,5.48
2024-10-01,234.13046624020848,238.0239884060656,239.58139727240842,234.13046624020848,1706.0,172806392.0,5.38
2024-10-04,233.6113299514275,236.72614768411322,239.06226098362748,230.4965122187418,2599.0,252465899.0,5.35
2024-10-07,235.6878751065513,234.39003438459895,239.58139727240842,233.6113299514275,1937.0,247275904.0,5.53
2024-10-08,233.87089809581798,236.72614768411322,237.24528397289419,232.05392108508468,1974.0,181330787.0,5.5
2024-10-09,227.12212634166565,236.20701139533227,238.0239884060656,226.34342190849424,3045.0,307757920.0,5.15
2024-10-11,227.6412626304466,228.419967063618,230.23694407435136,226.34342190849424,1762.0,154125168.0,5.22
2024-10-14,227.12212634166565,228.93910335239897,229.7178077855704,226.34342190849424,1888.0,154343864.0,5.22
2024-10-15,235.6878751065513,229.19867149678944,237.7644202616751,227.3816944860561,3584.0,432286016.0,5.31
2024-10-16,240.1005335611894,231.01564850752277,243.99405572704651,231.01564850752277,6123.0,653079980.0,5.49
2024-10-17,245.55146459338934,240.36010170557986,252.8193726363227,240.36010170557986,10422.0,1304258803.0,5.91
2024-10-18,241.91751057192272,248.92585047046555,251.00239562558934,240.8792379943608,7532.0,624264168.0,5.71
2024-10-21,247.88757789290364,243.2153512938751,251.5215319143703,243.2153512938751,3934.0,471564100.0,5.94
2024-10-22,247.3684416041227,245.81103273777984,249.704554903637,245.03232830460843,3908.0,293808608.0,5.8
2024-10-23,245.81103273777984,247.10887345973222,249.18541861485602,245.2918964489989,2063.0,187940593.0,5.61
2024-10-24,240.1005335611894,244.77276016021793,248.4067141816846,238.0239884060656,3264.0,314811278.0,5.55
2024-10-25,239.06226098362748,239.84096541679892,241.91751057192272,238.0239884060656,1514.0,139197624.0,5.53
2024-10-28,233.87089809581798,240.36010170557986,240.61966984997036,231.5347847963037,2755.0,238982811.0,5.43
2024-10-29,230.7560803631323,232.8326255182561,235.9474432509418,230.7560803631323,1925.0,161433024.0,5.37
2024-10-30,229.7178077855704,232.8326255182561,232.8326255182561,228.16039891922756,1700.0,120369826.0,5.36
2024-11-01,232.31348922947515,225.82428561971327,232.31348922947515,223.48817232019897,1327.0,143670345.0,5.43
2024-11-04,227.3816944860561,231.27521665191324,231.79435294069418,227.3816944860561,1381.0,119186506.0,5.37
2024-11-05,229.97737592996086,227.12212634166565,234.9091706733799,227.12212634166565,1624.0,185150649.0,5.27
2024-11-06,230.4965122187418,231.79435294069418,234.9091706733799,230.4965122187418,1101.0,107668532.0,5.33
2024-11-07,236.20701139533227,231.5347847963037,236.72614768411322,231.5347847963037,1799.0,210574253.0,5.48
2024-11-08,231.27521665191324,237.50485211728466,237.50485211728466,231.01564850752277,1826.0,188230094.0,5.34
2024-11-11,228.16039891922756,228.67953520800847,230.7560803631323,226.08385376410374,1820.0,176313909.0,5.18
2024-11-12,217.77767314360855,225.30514933093232,227.12212634166565,217.2585368548276,3779.0,330004800.0,4.95
2024-11-13,220.63292273190376,217.77767314360855,222.19033159824662,217.77767314360855,1333.0,150887238.0,5.15
2024-11-14,215.70112798848473,221.15205902068473,224.00730860897994,210.25019695628475,3103.0,295121805.0,5.08
2024-11-15,212.58631025579905,215.44155984409426,218.81594572117044,212.0671739670181,1637.0,146785922.0,5.15
2024-11-18,206.0971066460372,213.88415097775143,214.66285541092284,206.0971066460372,2314.0,225286425.0,5.42
2024-11-19,220.37335458751332,207.9140836567705,220.37335458751332,206.8758110792086,2577.0,288624308.0,5.95
2024-11-20,219.07551386556094,220.63292273190376,221.41162716507517,216.9989687104371,2170.0,106996982.0,6.01
2024-11-21,217.77767314360855,219.33508200995138,220.11378644312282,217.77767314360855,711.0,60782523.0,5.82
2024-11-22,220.11378644312282,220.37335458751332,224.52644489776088,220.11378644312282,1946.0,140031372.0,5.73
2024-11-25,224.26687675337044,223.22860417580853,224.26687675337044,221.15205902068473,1411.0,95605109.0,5.86
2024-11-26,221.41162716507517,224.78601304215135,229.45823964117994,221.41162716507517,3125.0,263374470.0,5.49
2024-11-27,218.81594572117044,223.22860417580853,226.86255819727518,218.29680943238947,1367.0,155749827.0,5.68
2024-11-28,214.1437191221419,219.33508200995138,219.85421829873235,211.54803767823714,1233.0,111463037.0,5.61
2024-11-29,221.15205902068473,213.88415097775143,221.41162716507517,213.62458283336093,1190.0,129944194.0,5.86
2024-12-02,220.89249087629423,221.41162716507517,223.22860417580853,220.11378644312282,833.0,62218867.0,5.85
2024-12-03,221.15205902068473,224.78601304215135,228.419967063618,220.89249087629423,1516.0,204140755.0,5.84
2024-12-04,223.48817232019897,222.4498997426371,224.78601304215135,222.4498997426371,988.0,88693762.0,6.06
2024-12-05,221.15205902068473,225.5647174753228,225.5647174753228,221.15205902068473,1755.0,79175233.0,6.07
2024-12-06,221.67119530946567,223.48817232019897,224.52644489776088,221.15205902068473,1187.0,84852962.0,5.98
2024-12-09,223.22860417580853,223.22860417580853,224.00730860897994,219.85421829873235,760.0,67987129.0,5.97
2024-12-10,218.03724128799902,220.63292273190376,222.4498997426371,216.9989687104371,1896.0,156242199.0,5.95
2024-12-11,218.29680943238947,216.73940056604664,220.37335458751332,216.47983242165617,662.0,74271060.0,6.13
2024-12-12,222.96903603141806,220.63292273190376,229.19867149678944,220.37335458751332,3110.0,381262408.0,6.65
2024-12-13,219.59465015434185,223.74774046458947,224.00730860897994,218.03724128799902,1376.0,134029173.0,6.32
2024-12-16,212.0671739670181,219.07551386556094,221.67119530946567,210.50976510067522,1497.0,145408078.0,6.0
2024-12-17,211.2884695338467,212.58631025579905,214.66285541092284,210.50976510067522,1445.0,135325657.0,5.93
2024-12-18,209.9906288118943,211.54803767823714,211.54803767823714,205.05883406847528,1736.0,169865238.0,5.92
2024-12-19,209.47149252311334,206.35667479042763,209.47149252311334,205.8375385016467,1354.0,123373644.0,5.98
2024-12-20,218.03724128799902,210.25019695628475,224.78601304215135,210.25019695628475,5225.0,612315503.0,6.17
2024-12-23,222.4498997426371,222.96903603141806,225.30514933093232,220.37335458751332,3983.0,375697992.0,6.24
2024-12-24,235.9474432509418,223.22860417580853,236.72614768411322,223.22860417580853,9463.0,1149647565.0,6.86
2024-12-25,236.20701139533227,236.72614768411322,238.28355655045607,233.6113299514275,11012.0,645062290.0,6.72
2024-12-26,234.64960252898942,237.50485211728466,244.253623871437,234.13046624020848,7274.0,826250176.0,6.25
2024-12-27,232.5730573738656,234.9091706733799,236.9857158285037,232.05392108508468,2418.0,197761764.0,6.03
2024-12-30,227.6412626304466,233.6113299514275,238.54312469484657,227.6412626304466,2669.0,271659073.0,6.0
2024-12-31,233.87089809581798,226.60299005288468,234.13046624020848,226.60299005288468,1670.0,176345370.0,5.86
2025-01-02,231.01564850752277,234.9091706733799,235.16873881777036,228.67953520800847,1904.0,168720366.0,5.87
2025-01-03,235.6878751065513,231.79435294069418,238.28355655045607,229.97737592996086,2893.0,280715912.0,6.07
2025-01-06,241.91751057192272,243.47491943826557,251.5215319143703,239.58139727240842,15347.0,1942669565.0,5.66
2025-01-07,254.37678150266552,243.2153512938751,256.7128948021798,240.1005335611894,22463.0,2401723830.0,6.22
2025-01-08,250.4832593368084,255.15548593583694,269.95087016609403,250.4832593368084,34005.0,4336957281.0,5.96
2025-01-09,238.802692839237,250.4832593368084,256.7128948021798,238.802692839237,12794.0,1424427673.0,6.02
2025-01-10,235.16873881777036,238.802692839237,240.36010170557986,234.64960252898942,4431.0,515487573.0,6.05
2025-01-13,230.4965122187418,235.16873881777036,235.16873881777036,222.4498997426371,4897.0,474247116.0,5.86
2025-01-14,232.05392108508468,230.4965122187418,232.5730573738656,227.90083077483706,2947.0,214174169.0,5.72
2025-01-15,221.93076345385614,232.5730573738656,233.6113299514275,221.93076345385614,3984.0,368141979.0,5.36
2025-01-16,229.45823964117994,227.6412626304466,231.79435294069418,227.3816944860561,2626.0,279040640.0,5.57
2025-01-17,224.78601304215135,230.7560803631323,230.7560803631323,224.52644489776088,2737.0,191517433.0,5.4
2025-01-20,223.48817232019897,224.26687675337044,226.08385376410374,217.2585368548276,3043.0,291852301.0,5.61
2025-01-21,221.41162716507517,223.48817232019897,224.26687675337044,220.89249087629423,1768.0,127854863.0,5.48
2025-01-22,220.11378644312282,222.70946788702756,224.26687675337044,218.55637757677997,2165.0,190201243.0,5.3
2025-02-03,213.88415097775143,212.32674211140855,215.44155984409426,209.47149252311334,2226.0,190999268.0,5.35
2025-02-04,210.76933324506572,214.1437191221419,215.44155984409426,208.173651801161,1574.0,121786241.0,5.21
2025-02-05,214.1437191221419,212.84587840018952,215.96069613287523,211.54803767823714,1450.0,103391001.0,5.25
2025-02-06,212.84587840018952,216.73940056604664,217.77767314360855,212.58631025579905,2453.0,126881543.0,5.15
2025-02-07,213.10544654457996,213.36501468897046,214.92242355531332,211.8076058226276,1498.0,107507404.0,4.86
2025-02-10,211.8076058226276,212.58631025579905,212.58631025579905,209.7310606675038,1247.0,91629680.0,4.83
2025-02-11,214.66285541092284,212.84587840018952,215.18199169970381,211.8076058226276,1450.0,137048249.0,4.76
2025-02-12,222.19033159824662,215.70112798848473,226.34342190849424,215.70112798848473,4684.0,488193069.0,4.66
2025-02-13,223.22860417580853,221.93076345385614,223.22860417580853,220.63292273190376,2626.0,138610312.0,4.7
2025-02-14,223.74774046458947,224.52644489776088,228.419967063618,222.4498997426371,2606.0,258310206.0,4.72
2025-02-17,226.34342190849424,225.82428561971327,232.05392108508468,225.30514933093232,3586.0,292794113.0,4.86
2025-02-18,226.86255819727518,229.19867149678944,229.19867149678944,224.00730860897994,1922.0,131606938.0,4.88
2025-02-19,233.6113299514275,228.419967063618,235.16873881777036,226.86255819727518,3316.0,316077124.0,5.11
2025-02-20,231.79435294069418,232.5730573738656,233.35176180703706,229.45823964117994,3631.0,183561973.0,5.16
